Data,19098,58350001,19094,19097
1998-01-01,6.7,1.0255,302.9,559.2
1998-01-02,7.1,0.9481,316.5,558.2
1998-01-03,7.6,0.9481,317.6,571.5
1998-01-04,12.6,0.4793,335.9,573.4
1998-01-05,12.5,1.412,369.9,589.9
1998-01-06,10.1,1.1801,411.4,622.1
1998-01-07,62.0,4.9542,436.1,657.5
1998-01-08,72.6,49.4487,451.3,689.8
1998-01-09,47.2,0.5192,462.1,745.4
1998-01-10,27.6,10.0073,460.8,776.2
1998-01-11,10.6,4.4405,464.9,781.1
1998-01-12,15.0,1.7921,473.3,778.2
1998-01-13,21.9,2.1721,497.3,779.5
1998-01-14,13.3,1.8871,503.7,799.5
1998-01-15,21.9,4.82,501.3,815.7
1998-01-16,45.7,6.1728,484.8,829.8
1998-01-17,26.6,6.8971,474.6,853.8
1998-01-18,38.1,5.8938,456.3,885.8
1998-01-19,17.9,5.6253,444.7,888.7
1998-01-20,19.6,2.3621,435.7,860.2
1998-01-21,10.9,1.7921,427.1,821.5
1998-01-22,14.6,1.412,411.8,783.1
1998-01-23,14.5,3.0205,388.8,732.6
1998-01-24,12.7,1.9821,369.6,677.3
1998-01-25,11.7,1.1028,352.1,645.4
1998-01-26,11.1,1.1028,330.3,632.7
1998-01-27,10.3,0.9481,309.6,614.8
1998-01-28,11.0,0.7935,290.7,590.3
1998-01-29,11.0,3.0205,279.9,558.9
1998-01-30,10.2,1.507,274.2,529.3
1998-01-31,9.0,0.8708,268.5,498.7
1998-02-01,8.4,0.6389,262.9,478.7
1998-02-02,8.1,0.599,262.7,462.0
1998-02-03,7.9,0.599,261.0,435.6
1998-02-04,7.9,0.599,255.6,426.7
1998-02-05,8.1,0.599,268.4,438.9
1998-02-06,11.3,1.8871,289.0,469.9
1998-02-07,32.2,17.0701,327.4,500.7
1998-02-08,27.2,4.9542,346.0,559.7
1998-02-09,16.9,12.3898,369.1,616.3
1998-02-10,12.7,3.4595,387.3,669.0
1998-02-11,20.8,1.9821,404.1,693.2
1998-02-12,105.7,20.932,398.5,714.5
1998-02-13,36.4,19.2744,416.1,748.1
1998-02-14,17.1,6.7522,463.1,816.2
1998-02-15,23.9,3.4595,520.2,927.2
1998-02-16,59.7,23.7186,595.5,1082.4
1998-02-17,91.6,12.3898,694.7,1279.7
1998-02-18,75.8,76.1628,770.8,1488.3
1998-02-19,43.4,24.3711,793.6,1659.4
1998-02-20,36.3,12.7517,786.8,1731.6
1998-02-21,27.8,14.3882,785.0,1698.8
1998-02-22,23.9,11.8718,747.1,1632.4
1998-02-23,38.8,13.8374,709.5,1506.3
1998-02-24,24.7,7.7859,695.6,1391.6
1998-02-25,70.1,33.2222,672.5,1307.2
1998-02-26,47.4,36.9547,617.5,1276.3
1998-02-27,25.1,9.8433,573.3,1222.2
1998-02-28,23.4,5.2226,536.7,1125.5
1998-03-01,19.3,2.1721,522.0,1048.0
1998-03-02,17.2,2.1721,500.3,992.1
1998-03-03,16.0,2.0771,477.2,912.7
1998-03-04,15.1,1.8871,461.6,833.7
1998-03-05,15.7,1.697,452.2,788.9
1998-03-06,14.9,1.602,406.9,774.7
1998-03-07,14.2,1.507,384.6,729.4
1998-03-08,13.6,1.507,365.4,681.5
1998-03-09,13.3,1.412,342.4,663.5
1998-03-10,13.0,1.3347,327.2,652.1
1998-03-11,11.7,1.2574,315.6,634.3
1998-03-12,14.2,1.1801,318.7,616.6
1998-03-13,24.1,1.2574,325.7,627.4
1998-03-14,15.2,1.3347,332.5,647.1
1998-03-15,37.1,1.602,336.3,660.5
1998-03-16,21.8,1.7921,343.3,660.0
1998-03-17,15.1,1.507,337.6,649.9
1998-03-18,12.3,1.412,327.1,625.3
1998-03-19,13.2,1.3347,323.2,607.7
1998-03-20,12.7,1.3347,317.4,609.7
1998-03-21,12.3,1.2574,321.3,619.7
1998-03-22,13.9,1.3347,341.1,636.5
1998-03-23,20.8,2.3621,369.5,668.5
1998-03-24,12.3,1.9821,408.7,716.9
1998-03-25,19.9,2.8011,442.7,753.2
1998-03-26,41.2,6.4625,460.2,758.6
1998-03-27,14.6,5.4911,456.1,765.3
1998-03-28,11.3,2.1721,442.0,763.5
1998-03-29,12.8,1.697,412.0,748.8
1998-03-30,11.9,2.0771,400.6,726.9
1998-03-31,11.6,1.602,415.1,730.7
1998-04-01,13.1,1.8871,432.8,763.1
1998-04-02,56.7,6.028,448.0,792.9
1998-04-03,35.4,10.0073,451.6,821.3
1998-04-04,21.4,9.5154,433.0,835.2
1998-04-05,15.3,2.3621,393.4,807.3
1998-04-06,11.9,1.602,359.9,744.0
1998-04-07,12.8,1.3347,325.8,673.2
1998-04-08,12.4,1.2574,302.5,614.3
1998-04-09,11.7,1.1801,285.5,573.8
1998-04-10,11.5,1.1801,276.5,543.3
1998-04-11,11.5,1.1028,267.2,528.3
1998-04-12,10.9,1.1028,258.9,509.7
1998-04-13,10.3,1.1028,251.0,497.8
1998-04-14,10.0,1.0255,245.8,477.6
1998-04-15,9.7,0.9481,233.1,457.3
1998-04-16,9.4,0.9481,225.0,441.7
1998-04-17,12.9,0.9481,223.2,436.3
1998-04-18,11.2,1.7921,221.7,432.9
1998-04-19,10.8,2.0771,220.4,431.2
1998-04-20,9.2,1.507,221.5,431.3
1998-04-21,9.2,1.1801,221.0,437.0
1998-04-22,8.9,1.1028,218.7,431.2
1998-04-23,8.6,1.1028,216.5,413.6
1998-04-24,8.4,1.0255,211.3,400.6
1998-04-25,7.4,1.0255,209.8,392.6
1998-04-26,11.2,1.0255,205.1,393.2
1998-04-27,9.1,1.0255,198.6,390.0
1998-04-28,8.0,0.9481,199.1,384.0
1998-04-29,7.8,0.9481,206.5,377.2
1998-04-30,10.1,1.507,208.8,375.6
1998-05-01,8.6,1.8871,210.9,374.8
1998-05-02,7.5,1.3347,217.0,378.0
1998-05-03,7.4,1.1028,226.3,393.1
1998-05-04,8.8,1.1801,242.1,416.5
1998-05-05,14.6,1.602,269.0,441.0
1998-05-06,15.5,1.697,308.2,471.5
1998-05-07,10.2,1.412,348.9,507.6
1998-05-08,9.4,1.1801,368.0,541.2
1998-05-09,8.3,1.1028,367.4,554.2
1998-05-10,7.5,1.0255,344.2,550.8
1998-05-11,7.4,1.0255,304.3,536.0
1998-05-12,7.1,1.1801,268.8,506.1
1998-05-13,6.9,1.2574,245.9,470.6
1998-05-14,6.6,1.2574,223.5,445.3
1998-05-15,6.6,1.2574,210.1,428.1
1998-05-16,6.6,1.2574,205.6,411.5
1998-05-17,7.4,1.602,201.8,391.6
1998-05-18,6.5,1.2574,198.0,375.2
1998-05-19,6.9,1.2574,197.0,366.4
1998-05-20,6.5,1.1028,204.2,365.6
1998-05-21,6.3,1.1028,215.4,368.3
1998-05-22,6.1,1.1028,233.1,375.6
1998-05-23,5.8,1.0255,249.6,385.8
1998-05-24,5.9,1.0255,258.3,401.3
1998-05-25,6.5,1.0255,262.4,414.7
1998-05-26,4.8,0.9481,260.2,423.2
1998-05-27,5.6,1.0255,252.0,424.1
1998-05-28,5.9,1.0255,252.2,433.4
1998-05-29,6.3,1.1801,259.8,451.7
1998-05-30,12.9,3.4595,249.3,472.4
1998-05-31,10.4,2.4718,239.8,483.6
1998-06-01,7.3,1.507,224.0,499.1
1998-06-02,7.4,1.1801,191.4,496.8
1998-06-03,6.6,1.1028,160.3,462.4
1998-06-04,6.9,1.1028,150.0,404.5
1998-06-05,7.9,1.0255,145.5,362.5
1998-06-06,6.5,0.9481,148.4,341.5
1998-06-07,6.1,0.9481,159.5,331.4
1998-06-08,6.2,0.9481,169.6,325.8
1998-06-09,6.1,0.8708,179.7,320.5
1998-06-10,6.0,0.8708,188.4,318.0
1998-06-11,6.3,0.7935,189.7,317.2
1998-06-12,7.9,0.8708,189.6,316.3
1998-06-13,8.2,0.8708,192.3,316.2
1998-06-14,6.6,0.8708,185.5,315.4
1998-06-15,6.2,0.8708,174.1,313.1
1998-06-16,5.9,0.8708,176.5,310.8
1998-06-17,6.0,0.8708,177.6,315.9
1998-06-18,5.6,0.8708,176.3,318.5
1998-06-19,5.7,0.8708,179.6,313.0
1998-06-20,6.0,1.0255,181.9,310.7
1998-06-21,6.1,1.0255,172.5,315.4
1998-06-22,5.9,0.9481,162.6,320.2
1998-06-23,6.0,0.9481,153.3,321.7
1998-06-24,6.3,0.9481,141.3,318.6
1998-06-25,13.1,1.7921,128.4,310.9
1998-06-26,6.8,1.697,114.1,301.6
1998-06-27,6.2,1.3347,112.9,296.0
1998-06-28,6.3,1.0255,112.6,293.6
1998-06-29,6.3,0.9481,116.7,289.4
1998-06-30,6.4,0.7935,124.0,280.1
1998-07-01,6.2,0.7935,135.2,273.5
1998-07-02,6.0,0.7935,139.5,275.7
1998-07-03,6.0,0.7935,145.4,279.9
1998-07-04,5.7,0.7935,148.3,287.2
1998-07-05,5.7,0.7935,149.4,294.5
1998-07-06,5.7,0.7935,150.5,300.1
1998-07-07,5.7,0.7162,154.4,303.1
1998-07-08,5.7,0.7162,155.0,306.0
1998-07-09,5.4,0.7162,154.3,304.2
1998-07-10,6.1,0.7162,151.9,300.7
1998-07-11,7.2,0.7162,150.6,295.4
1998-07-12,13.2,0.7162,149.0,295.5
1998-07-13,5.9,0.7935,148.5,296.1
1998-07-14,6.0,0.7935,146.6,295.9
1998-07-15,5.7,0.7935,146.8,291.6
1998-07-16,5.3,0.7162,147.2,288.1
1998-07-17,5.2,0.7162,147.2,285.2
1998-07-18,5.2,0.7162,147.6,282.6
1998-07-19,5.2,0.7162,150.6,281.4
1998-07-20,6.3,0.9481,149.7,280.8
1998-07-21,6.1,0.8708,149.5,279.3
1998-07-22,5.3,0.7935,147.4,280.2
1998-07-23,5.3,0.7935,147.0,280.4
1998-07-24,5.2,0.7935,144.9,281.6
1998-07-25,5.1,0.7935,144.0,278.6
1998-07-26,5.2,0.6389,142.8,275.5
1998-07-27,5.0,0.7162,142.1,271.8
1998-07-28,5.0,0.7162,139.7,269.6
1998-07-29,5.8,0.7162,136.1,265.6
1998-07-30,5.3,0.7162,136.2,260.5
1998-07-31,5.3,0.7162,136.3,257.0
1998-08-01,5.2,0.7162,137.0,256.6
1998-08-02,4.8,0.7162,136.1,258.1
1998-08-03,4.7,0.7935,136.0,260.1
1998-08-04,4.9,0.599,133.3,262.4
1998-08-05,4.6,0.5591,131.8,264.8
1998-08-06,4.8,0.5591,131.4,268.3
1998-08-07,5.0,0.5591,131.4,272.7
1998-08-08,4.8,0.5591,131.5,278.0
1998-08-09,4.8,0.5591,134.4,284.0
1998-08-10,4.8,0.599,136.5,291.1
1998-08-11,5.0,0.6389,137.6,295.6
1998-08-12,5.0,0.6389,136.3,297.1
1998-08-13,4.7,0.6389,135.9,295.2
1998-08-14,4.8,0.6389,135.0,292.7
1998-08-15,4.8,0.6389,135.8,284.7
1998-08-16,4.3,0.6389,138.8,278.5
1998-08-17,4.2,0.6389,144.5,276.1
1998-08-18,4.2,0.599,146.3,275.8
1998-08-19,4.0,0.5591,143.2,271.8
1998-08-20,4.0,0.599,136.5,263.1
1998-08-21,4.0,0.599,130.2,258.0
1998-08-22,4.0,0.599,124.0,252.6
1998-08-23,5.0,0.599,122.5,246.0
1998-08-24,4.4,0.599,121.2,240.9
1998-08-25,4.0,0.599,120.8,237.4
1998-08-26,3.8,0.599,119.5,235.5
1998-08-27,3.4,0.599,119.9,232.5
1998-08-28,3.6,0.599,118.1,230.2
1998-08-29,4.0,0.599,117.1,212.1
1998-08-30,4.3,0.5591,118.2,237.8
1998-08-31,5.5,0.5192,120.2,226.5
1998-09-01,4.5,0.4793,122.1,232.7
1998-09-02,3.9,0.4793,120.1,238.3
1998-09-03,3.8,0.4793,117.1,235.6
1998-09-04,3.6,0.4793,116.1,231.1
1998-09-05,3.6,0.4793,111.2,226.6
1998-09-06,3.6,0.4793,108.5,224.7
1998-09-07,4.5,0.4793,108.6,220.2
1998-09-08,4.3,0.4793,114.9,219.2
1998-09-09,4.0,0.4793,122.5,221.5
1998-09-10,6.3,0.4793,138.4,229.1
1998-09-11,5.4,0.4793,150.3,240.9
1998-09-12,4.5,0.4793,168.3,255.5
1998-09-13,3.8,0.4793,174.8,270.0
1998-09-14,3.7,0.4793,174.4,280.4
1998-09-15,4.0,0.4793,167.5,284.6
1998-09-16,4.7,0.4793,160.4,280.4
1998-09-17,4.9,0.4793,149.6,279.8
1998-09-18,4.5,0.4793,146.3,277.4
1998-09-19,4.1,0.4793,157.8,275.1
1998-09-20,10.7,0.4793,181.2,276.4
1998-09-21,18.2,1.9821,207.9,286.2
1998-09-22,17.4,2.3621,237.8,305.9
1998-09-23,9.1,1.3347,268.7,334.0
1998-09-24,6.4,1.0255,277.3,365.1
1998-09-25,5.6,1.0255,264.7,381.2
1998-09-26,4.9,0.9481,247.0,376.8
1998-09-27,4.7,0.8708,230.1,361.3
1998-09-28,4.8,0.7162,213.1,346.8
1998-09-29,5.4,2.5816,203.9,331.5
1998-09-30,5.4,2.4718,207.3,324.3
1998-10-01,14.1,2.2671,216.1,327.2
1998-10-02,17.1,3.24,233.2,345.9
1998-10-03,9.0,1.7921,250.1,381.4
1998-10-04,12.8,1.2574,266.9,413.1
1998-10-05,8.7,3.0205,285.2,443.5
1998-10-06,6.6,2.1721,318.4,470.6
1998-10-07,13.1,2.1721,362.9,507.0
1998-10-08,24.1,5.6253,408.9,542.7
1998-10-09,12.7,3.24,441.1,583.9
1998-10-10,13.2,1.507,465.5,631.6
1998-10-11,8.6,1.2574,486.4,682.2
1998-10-12,7.5,1.3347,488.7,737.7
1998-10-13,11.2,1.412,480.2,755.2
1998-10-14,8.7,1.2574,462.7,749.5
1998-10-15,7.4,1.0255,433.8,730.4
1998-10-16,7.0,0.9481,389.8,702.1
1998-10-17,6.7,0.8708,340.4,655.9
1998-10-18,12.3,0.8708,299.3,599.5
1998-10-19,11.7,0.8708,270.7,544.2
1998-10-20,8.2,0.7935,253.5,497.3
1998-10-21,7.0,0.7162,240.1,458.0
1998-10-22,6.1,0.6389,232.4,423.5
1998-10-23,6.0,0.6389,215.6,400.6
1998-10-24,5.6,0.6389,202.6,378.2
1998-10-25,8.1,0.6389,188.9,366.4
1998-10-26,7.9,0.7935,179.6,359.6
1998-10-27,6.5,0.7935,171.3,354.9
1998-10-28,5.9,0.7162,183.7,343.9
1998-10-29,9.6,0.6389,202.1,356.0
1998-10-30,5.7,0.6389,225.3,388.2
1998-10-31,9.9,0.9481,240.5,453.1
1998-11-01,12.3,1.9821,250.7,499.2
1998-11-02,8.0,1.602,248.2,538.0
1998-11-03,8.7,1.0255,242.0,546.3
1998-11-04,7.7,0.9481,234.0,532.6
1998-11-05,7.0,0.8708,224.7,499.5
1998-11-06,6.1,0.7935,222.4,456.0
1998-11-07,5.7,0.7162,231.2,428.9
1998-11-08,6.1,0.7935,238.0,424.3
1998-11-09,11.8,1.8871,249.4,447.9
1998-11-10,8.7,1.507,279.1,493.6
1998-11-11,26.1,6.028,291.3,549.9
1998-11-12,21.4,6.4625,287.6,605.3
1998-11-13,6.5,2.5816,283.7,633.7
1998-11-14,8.9,1.602,269.2,632.8
1998-11-15,8.6,1.412,240.1,595.5
1998-11-16,7.9,1.1801,219.7,543.8
1998-11-17,6.7,0.9481,222.1,499.9
1998-11-18,6.6,0.8708,217.0,477.4
1998-11-19,15.5,2.3621,210.7,459.6
1998-11-20,15.4,2.3621,209.7,467.9
1998-11-21,10.9,1.3347,208.2,499.6
1998-11-22,9.0,1.1028,191.5,507.9
1998-11-23,16.3,1.0255,184.7,474.4
1998-11-24,10.5,0.9481,182.5,449.0
1998-11-25,8.4,0.7935,184.1,447.5
1998-11-26,7.5,0.8708,192.3,453.1
1998-11-27,10.2,1.602,200.4,455.1
1998-11-28,11.4,1.412,212.3,472.4
1998-11-29,9.3,1.3347,218.8,500.0
1998-11-30,7.7,1.2574,213.9,518.9
1998-12-01,7.3,0.7935,205.1,511.7
1998-12-02,6.4,0.7935,192.9,489.1
1998-12-03,6.0,0.7162,187.7,456.6
1998-12-04,5.7,0.7162,191.4,453.3
1998-12-05,7.5,1.0255,227.7,488.9
1998-12-06,18.6,2.1721,259.8,568.1
1998-12-07,24.2,5.4911,285.9,641.0
1998-12-08,7.8,2.4718,299.8,733.8
1998-12-09,7.9,1.412,304.2,739.0
1998-12-10,6.9,1.0255,282.8,700.0
1998-12-11,7.2,0.9481,275.4,614.6
1998-12-12,6.7,0.8708,283.0,545.3
1998-12-13,6.2,0.7162,300.9,528.8
1998-12-14,6.0,0.7162,319.1,549.5
1998-12-15,5.7,0.7162,322.4,569.9
1998-12-16,10.3,1.1801,307.9,583.3
1998-12-17,11.0,1.8871,290.5,614.4
1998-12-18,6.9,1.2574,268.1,616.0
1998-12-19,6.7,1.0255,245.5,602.8
1998-12-20,6.5,0.7935,231.8,558.0
1998-12-21,6.2,0.7162,223.1,514.4
1998-12-22,6.2,0.7935,221.7,484.0
1998-12-23,12.0,1.9821,219.5,459.0
1998-12-24,14.7,2.1721,230.2,451.1
1998-12-25,20.3,7.7859,254.1,478.8
1998-12-26,14.8,7.4765,291.3,523.3
1998-12-27,14.1,7.6312,323.0,575.4
1998-12-28,41.6,15.3325,345.1,623.5
1998-12-29,22.2,25.7153,351.7,655.2
1998-12-30,26.4,11.3538,344.2,708.4
1998-12-31,14.7,8.7141,371.7,776.7
1999-01-01,8.0,60.0,365.0,681.0
1999-01-02,77.0,62.1,403.0,634.0
1999-01-03,38.0,33.5,580.0,667.0
1999-01-04,19.0,7.23,565.0,705.0
1999-01-05,53.0,7.1,445.0,882.0
1999-01-06,44.0,25.0,483.0,867.0
1999-01-07,54.0,44.6502,601.0,747.0
1999-01-08,52.0,40.104,721.0,785.0
1999-01-09,53.0,58.4467,798.0,903.0
1999-01-10,29.0,21.4004,789.0,1023.0
1999-01-11,23.0,7.3095,859.0,1100.0
1999-01-12,10.0,3.51,911.0,1091.0
1999-01-13,26.0,2.88,961.0,1161.0
1999-01-14,20.0,3.6,881.0,1147.0
1999-01-15,20.0,18.0,1045.0,1281.0
1999-01-16,39.0,11.5777,926.0,1678.0
1999-01-17,22.0,6.2441,722.0,1646.0
1999-01-18,18.0,3.99,851.0,1275.0
1999-01-19,14.0,3.23,741.0,1114.0
1999-01-20,16.0,3.3407,663.0,1147.0
1999-01-21,15.0,2.79,622.0,1097.0
1999-01-22,14.0,2.63,593.0,973.0
1999-01-23,13.0,2.71,616.0,1020.0
1999-01-24,12.0,2.71,570.0,880.0
1999-01-25,10.0,2.63,449.0,922.0
1999-01-26,11.0,2.1153,436.0,864.0
1999-01-27,11.0,2.3098,430.0,716.0
1999-01-28,13.0,8.5927,639.0,697.0
1999-01-29,1.0,4.5,587.0,631.0
1999-01-30,12.0,3.14,651.0,757.0
1999-01-31,11.0,3.14,655.0,854.0
1999-02-01,5.0,2.5769,596.0,1185.0
1999-02-02,15.0,1.7661,682.0,1035.0
1999-02-03,18.0,2.7792,991.0,1013.0
1999-02-04,12.0,2.5,594.0,1146.0
1999-02-05,11.0,2.3,473.0,1260.0
1999-02-06,11.0,6.3771,446.0,866.0
1999-02-07,17.0,5.8,582.0,780.0
1999-02-08,11.0,4.9248,543.0,480.0
1999-02-09,12.0,2.9914,561.0,910.0
1999-02-10,21.0,3.32,544.0,883.0
1999-02-11,74.0,5.4623,639.0,969.0
1999-02-12,23.0,9.72,690.0,1150.0
1999-02-13,14.0,6.83,561.0,1442.0
1999-02-14,13.0,5.1288,586.0,1121.0
1999-02-15,12.0,3.98,671.0,945.0
1999-02-16,12.0,3.89,635.0,932.0
1999-02-17,12.0,3.79,708.0,1041.0
1999-02-18,14.0,3.79,694.0,968.0
1999-02-19,35.0,3.3155,762.0,939.0
1999-02-20,27.0,5.0,731.0,1187.0
1999-02-21,14.0,3.0,588.0,1250.0
1999-02-22,11.0,2.5224,629.0,983.0
1999-02-23,34.0,2.2129,628.0,916.0
1999-02-24,37.0,13.7724,675.0,940.0
1999-02-25,31.0,16.4,622.0,1067.0
1999-02-26,43.0,9.5628,560.0,1054.0
1999-02-27,39.0,28.65,762.0,1099.0
1999-02-28,56.0,29.1336,835.0,1212.0
1999-03-01,36.0,21.6,907.0,1379.0
1999-03-02,24.0,8.5812,701.0,1487.0
1999-03-03,20.0,4.9248,668.0,1333.0
1999-03-04,23.0,3.05,651.0,1192.0
1999-03-05,21.0,2.62,590.0,1098.0
1999-03-06,18.0,2.46,641.0,1031.0
1999-03-07,19.0,2.1153,628.0,969.0
1999-03-08,16.0,2.79,511.0,1035.0
1999-03-09,19.0,3.6,425.0,1011.0
1999-03-10,23.0,2.96,496.0,861.0
1999-03-11,41.0,6.2,488.0,838.0
1999-03-12,54.0,37.2,544.0,925.0
1999-03-13,39.0,21.4004,686.0,989.0
1999-03-14,42.0,11.9,555.0,998.0
1999-03-15,26.0,12.4,446.0,953.0
1999-03-16,21.0,5.5016,492.0,872.0
1999-03-17,32.0,5.0612,493.0,769.0
1999-03-18,7.0,7.4567,413.0,809.0
1999-03-19,21.0,3.9792,406.0,802.0
1999-03-20,14.0,2.7526,350.0,683.0
1999-03-21,16.0,2.79,339.0,671.0
1999-03-22,16.0,2.4127,391.0,621.0
1999-03-23,24.0,3.1088,581.0,714.0
1999-03-24,23.0,3.23,488.0,1130.0
1999-03-25,24.0,3.14,377.0,1077.0
1999-03-26,17.0,3.23,444.0,871.0
1999-03-27,16.0,2.96,398.0,774.0
1999-03-28,15.0,2.6313,323.0,748.0
1999-03-29,17.0,2.7,304.0,660.0
1999-03-30,19.0,2.7,475.0,599.0
1999-03-31,16.0,2.7,372.0,609.0
1999-04-01,15.9377431906614,2.3098,383.0,822.0
1999-04-02,15.8754863813229,1.9171,321.0,718.0
1999-04-03,15.8132295719844,1.7282,329.0,614.0
1999-04-04,15.7509727626459,1.7282,353.0,565.0
1999-04-05,15.6887159533073,2.07,348.0,562.0
1999-04-06,,1.8292,407.0,600.0
1999-04-07,,1.6388,281.0,591.0
1999-04-08,,1.4577,358.0,628.0
1999-04-09,,1.93,322.0,494.0
1999-04-10,,11.4,285.0,571.0
1999-04-11,,10.8816,340.0,571.0
1999-04-12,,2.6446,316.0,557.0
1999-04-13,,1.9171,306.0,580.0
1999-04-14,,2.07,282.0,531.0
1999-04-15,,2.46,387.0,506.0
1999-04-16,,2.54,395.0,602.0
1999-04-17,,2.22,431.0,641.0
1999-04-18,,1.8292,332.0,636.0
1999-04-19,,1.6388,289.0,658.0
1999-04-20,,1.6388,324.0,572.0
1999-04-21,,1.6388,376.0,532.0
1999-04-22,,2.2129,429.0,519.0
1999-04-23,,2.1153,267.0,586.0
1999-04-24,,2.1153,206.0,647.0
1999-04-25,,2.0166,210.0,467.0
1999-04-26,,1.9171,236.0,397.0
1999-04-27,,1.9171,216.0,390.0
1999-04-28,,2.3,239.0,416.0
1999-04-29,,2.1153,215.0,396.0
1999-04-30,,1.9171,224.0,415.0
1999-05-01,,2.15,211.0,392.0
1999-05-02,,2.22,223.0,399.0
1999-05-03,,1.8292,209.0,383.0
1999-05-04,,1.8292,188.0,398.0
1999-05-05,,1.7282,242.0,389.0
1999-05-06,,2.07,149.0,373.0
1999-05-07,,2.54,240.0,455.0
1999-05-08,,2.87,216.0,416.0
1999-05-09,,2.46,215.0,439.0
1999-05-10,,2.0166,244.0,402.0
1999-05-11,,1.8292,184.0,390.0
1999-05-12,,1.8292,234.0,426.0
1999-05-13,,2.3,238.0,365.0
1999-05-14,,2.38,306.0,441.0
1999-05-15,,2.0166,232.0,410.0
1999-05-16,,2.22,177.0,487.0
1999-05-17,,2.15,225.0,427.0
1999-05-18,,1.7282,203.0,327.0
1999-05-19,,2.07,200.0,395.0
1999-05-20,,1.7282,230.0,366.0
1999-05-21,,1.6388,210.0,359.0
1999-05-22,,1.6388,185.0,381.0
1999-05-23,,2.0,201.0,355.0
1999-05-24,,2.0,200.0,335.0
1999-05-25,,1.58,148.0,354.0
1999-05-26,,1.58,176.0,360.0
1999-05-27,,1.58,138.0,299.0
1999-05-28,,1.58,166.0,325.0
1999-05-29,,1.65,183.0,287.0
1999-05-30,,1.65,155.0,324.0
1999-05-31,,1.2239,172.0,333.0
1999-06-01,,1.0816,165.0,296.0
1999-06-02,,1.0816,158.0,320.0
1999-06-03,,1.0816,178.0,300.0
1999-06-04,,1.0816,156.0,294.0
1999-06-05,,1.1475,138.0,390.0
1999-06-06,,1.65,194.0,246.0
1999-06-07,,1.5486,219.0,256.0
1999-06-08,,2.07,184.0,368.0
1999-06-09,,2.0,196.0,370.0
1999-06-10,,1.86,202.0,324.0
1999-06-11,,1.79,199.0,336.0
1999-06-12,,1.2239,234.0,342.0
1999-06-13,,1.2239,188.0,339.0
1999-06-14,,1.65,222.0,374.0
1999-06-15,,1.3749,211.0,301.0
1999-06-16,,1.79,227.0,335.0
1999-06-17,,1.72,182.0,373.0
1999-06-18,,1.65,197.0,378.0
1999-06-19,,1.1475,186.0,337.0
1999-06-20,,1.7282,193.0,334.0
1999-06-21,,6.2311,251.0,321.0
1999-06-22,,2.87,273.0,359.0
1999-06-23,,1.6388,266.0,421.0
1999-06-24,,1.3749,244.0,419.0
1999-06-25,,1.2239,217.0,423.0
1999-06-26,,1.1475,255.0,386.0
1999-06-27,,1.58,298.0,362.0
1999-06-28,,1.1475,208.0,404.0
1999-06-29,,1.1475,186.0,430.0
1999-06-30,,1.1475,207.0,352.0
1999-07-01,,1.5,198.0,352.0
1999-07-02,,1.5,194.0,357.0
1999-07-03,,1.0596,180.0,368.0
1999-07-04,,1.0596,161.0,343.0
1999-07-05,,1.0596,137.0,315.0
1999-07-06,,1.5,174.0,365.0
1999-07-07,,1.5,185.0,235.0
1999-07-08,,1.5,186.0,321.0
1999-07-09,,1.2779,145.0,333.0
1999-07-10,,1.7,168.0,358.0
1999-07-11,,1.7,147.0,291.0
1999-07-12,,1.6,202.0,310.0
1999-07-13,,1.5,232.0,336.0
1999-07-14,,1.0596,166.0,305.0
1999-07-15,,1.0596,225.0,370.0
1999-07-16,,1.0596,176.0,295.0
1999-07-17,,1.0596,160.0,360.0
1999-07-18,,1.5,120.0,307.0
1999-07-19,,1.0596,73.0,285.0
1999-07-20,,1.0596,67.0,244.0
1999-07-21,,0.9484,131.0,190.0
1999-07-22,,1.4,149.0,174.0
1999-07-23,,1.4,158.0,255.0
1999-07-24,,1.4,130.0,284.0
1999-07-25,,1.4,175.0,304.0
1999-07-26,,1.5,172.0,279.0
1999-07-27,,1.4,151.0,327.0
1999-07-28,,0.9484,175.0,315.0
1999-07-29,,1.4,143.0,287.0
1999-07-30,,1.4,117.0,305.0
1999-07-31,,0.9484,174.0,271.0
1999-08-01,,0.7334,176.0,242.0
1999-08-02,,1.21,153.0,302.0
1999-08-03,,0.7334,158.0,303.0
1999-08-04,,1.21,157.0,275.0
1999-08-05,,0.7334,139.0,274.0
1999-08-06,,1.21,139.0,273.0
1999-08-07,,1.21,158.0,258.0
1999-08-08,,0.7334,163.0,262.0
1999-08-09,,0.7334,142.0,268.0
1999-08-10,,1.27,148.0,278.0
1999-08-11,,0.8017,177.0,262.0
1999-08-12,,1.27,98.0,266.0
1999-08-13,,1.27,110.0,286.0
1999-08-14,,1.27,133.0,207.0
1999-08-15,,1.27,136.0,216.0
1999-08-16,,0.8017,146.0,239.0
1999-08-17,,0.8017,134.0,246.0
1999-08-18,,0.8017,103.0,256.0
1999-08-19,,0.8017,91.0,249.0
1999-08-20,,0.8017,165.0,212.0
1999-08-21,,0.8017,82.0,196.0
1999-08-22,,0.8017,93.0,271.0
1999-08-23,,0.8017,97.0,184.0
1999-08-24,,0.8017,128.0,197.0
1999-08-25,,0.8017,143.0,197.0
1999-08-26,,1.27,120.0,232.0
1999-08-27,,0.8017,135.0,266.0
1999-08-28,,0.8017,123.0,212.0
1999-08-29,,0.8017,139.0,232.0
1999-08-30,,0.8017,94.0,222.0
1999-08-31,,0.8017,138.0,235.0
1999-09-01,,1.21,98.0,183.0
1999-09-02,,1.15,154.0,224.0
1999-09-03,,1.09,101.0,181.0
1999-09-04,,1.09,122.0,249.0
1999-09-05,,0.6163,100.0,197.0
1999-09-06,,0.6163,155.0,206.0
1999-09-07,,1.09,88.0,186.0
1999-09-08,,1.09,104.0,242.0
1999-09-09,,0.6163,100.0,173.0
1999-09-10,,0.6163,100.0,188.0
1999-09-11,,1.33,113.0,183.0
1999-09-12,,0.8696,109.0,190.0
1999-09-13,,1.1475,162.0,204.0
1999-09-14,,1.45,170.0,214.0
1999-09-15,,1.27,107.0,278.0
1999-09-16,,1.27,173.0,277.0
1999-09-17,,0.8017,187.0,205.0
1999-09-18,,0.8017,193.0,281.0
1999-09-19,,0.8017,202.0,296.0
1999-09-20,,0.6646,149.0,288.0
1999-09-21,,0.6163,141.0,299.0
1999-09-22,,1.09,135.0,249.0
1999-09-23,,1.33,124.0,247.0
1999-09-24,,1.45,137.0,250.0
1999-09-25,,0.8696,144.0,240.0
1999-09-26,,1.21,92.0,242.0
1999-09-27,,1.15,136.0,240.0
1999-09-28,,1.09,90.0,192.0
1999-09-29,,0.6163,122.0,230.0
1999-09-30,,1.39,126.0,185.0
1999-10-01,,1.5,139.0,213.0
1999-10-02,,1.5,129.0,228.0
1999-10-03,,1.5,87.0,221.0
1999-10-04,,1.0596,82.0,225.0
1999-10-05,,1.0596,68.0,191.0
1999-10-06,,1.5,110.0,181.0
1999-10-07,,1.5,164.0,162.0
1999-10-08,,1.5,123.0,220.0
1999-10-09,,1.5,99.0,273.0
1999-10-10,,1.45,94.0,224.0
1999-10-11,,1.45,124.0,198.0
1999-10-12,,1.004,137.0,177.0
1999-10-13,,1.004,171.0,207.0
1999-10-14,,1.004,162.0,232.0
1999-10-15,,1.004,83.0,270.0
1999-10-16,,1.004,28.0,261.0
1999-10-17,,1.004,140.0,175.0
1999-10-18,,1.45,210.0,122.0
1999-10-19,,1.004,167.0,227.0
1999-10-20,,1.0816,135.0,327.0
1999-10-21,,1.2239,128.0,311.0
1999-10-22,,1.72,107.0,319.0
1999-10-23,,1.4577,178.0,300.0
1999-10-24,,1.58,148.0,261.0
1999-10-25,,1.52,173.0,310.0
1999-10-26,,1.52,96.0,266.0
1999-10-27,,1.52,71.0,300.0
1999-10-28,,1.52,144.0,208.0
1999-10-29,,1.0816,120.0,178.0
1999-10-30,,1.52,82.0,247.0
1999-10-31,,1.52,133.0,225.0
1999-11-01,,1.0596,91.0,186.0
1999-11-02,,1.0596,127.0,237.0
1999-11-03,,1.7282,126.0,191.0
1999-11-04,,2.07,160.0,218.0
1999-11-05,,0.937,86.0,212.0
1999-11-06,,1.52,109.0,241.0
1999-11-07,,1.0816,118.0,192.0
1999-11-08,,1.004,128.0,207.0
1999-11-09,,3.69,80.0,230.0
1999-11-10,,3.6,141.0,283.0
1999-11-11,,2.7526,129.0,237.0
1999-11-12,,2.07,173.0,274.0
1999-11-13,,1.79,214.0,262.0
1999-11-14,,1.86,115.0,306.0
1999-11-15,,1.93,193.0,411.0
1999-11-16,,1.79,160.0,327.0
1999-11-17,,1.2239,142.0,432.0
1999-11-18,,1.52,160.0,357.0
1999-11-19,,1.004,135.0,315.0
1999-11-20,,2.62,159.0,316.0
1999-11-21,,1.86,133.0,280.0
1999-11-22,,1.72,280.0,294.0
1999-11-23,,1.2997,194.0,278.0
1999-11-24,,1.2239,157.0,425.0
1999-11-25,,1.2997,144.0,340.0
1999-11-26,,1.9171,101.0,304.0
1999-11-27,,2.22,175.0,291.0
1999-11-28,,1.7282,140.0,351.0
1999-11-29,,1.2239,140.0,385.0
1999-11-30,,1.52,165.0,289.0
1999-12-01,,1.45,177.0,324.0
1999-12-02,,1.45,98.0,302.0
1999-12-03,,0.937,114.0,333.0
1999-12-04,,1.39,48.0,254.0
1999-12-05,,0.937,82.0,269.0
1999-12-06,,1.65,76.0,196.0
1999-12-07,,1.65,158.0,279.0
1999-12-08,,2.62,155.0,280.0
1999-12-09,,27.9,240.0,354.0
1999-12-10,,39.8,360.0,1006.0
1999-12-11,,35.4,731.0,1212.0
1999-12-12,,16.5,732.0,1610.0
1999-12-13,0.0,5.6452,521.0,1780.0
1999-12-14,0.0,6.9978,366.0,1294.0
1999-12-15,0.0,2.8726,362.0,993.0
1999-12-16,0.0,2.1153,287.0,785.0
1999-12-17,0.0,1.7282,271.0,708.0
1999-12-18,0.0,1.86,505.0,578.0
1999-12-19,0.0,1.3749,259.0,520.0
1999-12-20,0.0,1.3749,270.0,722.0
1999-12-21,0.0,1.2239,220.0,470.0
1999-12-22,0.0,1.58,156.0,386.0
1999-12-23,0.0,2.38,162.0,358.0
1999-12-24,0.0,2.87,195.0,464.0
1999-12-25,0.0,2.3,94.0,470.0
1999-12-26,0.0,1.93,150.0,500.0
1999-12-27,0.0,1.79,143.0,425.0
1999-12-28,0.0,1.72,173.0,440.0
1999-12-29,0.0,1.2239,149.0,416.0
1999-12-30,0.0,1.65,177.0,474.0
1999-12-31,0.0,1.2239,201.0,517.0
2000-01-01,0.0,9.3124,328.0,239.0
2000-01-02,0.0,50.3147,641.0,957.0
2000-01-03,0.0,241.923,1953.0,1285.0
2000-01-04,0.0,78.7422,2721.0,2110.0
2000-01-05,0.0,43.7273,1581.0,3328.0
2000-01-06,0.0,64.1794,1309.0,2838.0
2000-01-07,0.0,24.729,1039.0,2398.0
2000-01-08,0.0,10.3621,1140.0,2053.0
2000-01-09,0.0,6.1638,1056.0,1711.0
2000-01-10,0.0,3.9098,1043.0,1645.0
2000-01-11,0.0,3.6846,993.0,1659.0
2000-01-12,0.0,8.4827,842.0,1443.0
2000-01-13,0.0,5.0,818.0,1203.0
2000-01-14,0.0,5.0,641.0,771.0
2000-01-15,0.0,5.0,449.0,885.0
2000-01-16,0.0,5.0,500.0,744.0
2000-01-17,0.0,5.0,441.0,622.0
2000-01-18,0.0,5.0,434.0,831.0
2000-01-19,0.0,2.4731,303.0,756.0
2000-01-20,0.0,25.0,337.0,780.0
2000-01-21,0.0,10.3569,387.0,771.0
2000-01-22,0.0,5.0,403.0,760.0
2000-01-23,0.0,2.3758,305.0,650.0
2000-01-24,0.0,2.2211,289.0,617.0
2000-01-25,0.0,5.0,258.0,548.0
2000-01-26,0.0,3.12,299.0,623.0
2000-01-27,0.0,40.0,443.0,844.0
2000-01-28,0.0,10.8877,438.0,1032.0
2000-01-29,0.0,5.5865,338.0,989.0
2000-01-30,0.0,2.7933,260.0,891.0
2000-01-31,0.0,3.2503,265.0,758.0
2000-02-01,0.0,5.7973,297.0,705.0
2000-02-02,0.0,3.32,382.0,733.0
2000-02-03,0.0,2.7556,307.0,682.0
2000-02-04,0.0,2.62,344.0,747.0
2000-02-05,0.0,2.46,308.0,710.0
2000-02-06,0.0,6.45,283.0,714.0
2000-02-07,0.0,4.08,485.0,778.0
2000-02-08,0.0,2.8611,418.0,745.0
2000-02-09,0.0,8.1019,402.0,862.0
2000-02-10,0.0,26.0068,599.0,798.0
2000-02-11,0.0,8.1001,469.0,786.0
2000-02-12,0.0,5.8759,469.0,848.0
2000-02-13,0.0,9.5289,436.0,836.0
2000-02-14,0.0,3.8413,442.0,866.0
2000-02-15,0.0,3.0115,425.0,845.0
2000-02-16,0.0,2.7775,536.0,905.0
2000-02-17,0.0,41.8126,485.0,920.0
2000-02-18,0.0,51.2,703.0,1076.0
2000-02-19,0.0,17.5887,453.0,1266.0
2000-02-20,0.0,9.77,218.0,1321.0
2000-02-21,0.0,6.4071,150.0,1142.0
2000-02-22,0.0,4.1584,9.0,912.0
2000-02-23,0.0,2.96,348.0,779.0
2000-02-24,0.0,2.62,676.0,1109.0
2000-02-25,0.0,2.5816,460.0,810.0
2000-02-26,0.0,2.7059,461.0,836.0
2000-02-27,0.0,2.54,410.0,675.0
2000-02-28,0.0,2.46,254.0,786.0
2000-02-29,0.0,2.38,333.0,759.0
2000-03-01,0.0,2.1721,342.0,470.0
2000-03-02,0.0,2.1691,331.0,703.0
2000-03-03,0.0,2.0919,364.0,655.0
2000-03-04,0.0,2.0771,289.0,488.0
2000-03-05,0.0,2.0652,274.0,471.0
2000-03-06,0.0,2.027,259.0,528.0
2000-03-07,0.0,2.23,262.0,487.0
2000-03-08,0.0,2.82,401.0,533.0
2000-03-09,0.0,2.8,287.0,519.0
2000-03-10,0.0,2.45,281.0,494.0
2000-03-11,0.0,2.4,289.0,511.0
2000-03-12,0.0,2.4,152.0,587.0
2000-03-13,0.0,2.4,388.0,891.0
2000-03-14,0.0,2.33,556.0,932.0
2000-03-15,0.0,2.18,365.0,765.0
2000-03-16,0.0,2.2,274.0,582.0
2000-03-17,0.0,2.33,294.0,521.0
2000-03-18,0.0,2.7127,238.0,576.0
2000-03-19,0.0,138.08,206.0,493.0
2000-03-20,0.0,31.46,353.0,524.0
2000-03-21,0.0,7.9484,391.0,878.0
2000-03-22,0.0,3.55,326.0,993.0
2000-03-23,0.0,3.0917,337.0,837.0
2000-03-24,0.0,2.168,374.0,989.0
2000-03-25,0.0,2.0077,422.0,1006.0
2000-03-26,0.0,2.08,401.0,982.0
2000-03-27,0.0,2.0615,253.0,715.0
2000-03-28,0.0,1.8871,259.0,776.0
2000-03-29,0.0,6.66,225.0,713.0
2000-03-30,0.0,14.24,212.0,753.0
2000-03-31,0.0,14.24,316.0,855.0
2000-04-01,0.0,4.27,341.0,908.0
2000-04-02,0.0,2.98,567.0,1030.0
2000-04-03,0.0,14.15,621.0,956.0
2000-04-04,0.0,7.13,561.0,1034.0
2000-04-05,0.0,1.8871,540.0,1026.0
2000-04-06,0.0,1.89,772.0,1333.0
2000-04-07,0.0,1.9008,534.0,926.0
2000-04-08,0.0,2.04,454.0,820.0
2000-04-09,0.0,1.7557,432.0,763.0
2000-04-10,0.0,1.6792,312.0,623.0
2000-04-11,0.0,1.94,343.0,641.0
2000-04-12,0.0,2.37,310.0,537.0
2000-04-13,0.0,2.35,301.0,607.0
2000-04-14,0.0,1.98,291.0,580.0
2000-04-15,0.0,2.03,241.0,546.0
2000-04-16,0.0,2.0,263.0,526.0
2000-04-17,0.0,2.0,279.0,521.0
2000-04-18,0.0,2.0,222.0,496.0
2000-04-19,0.0,1.97,243.0,175.0
2000-04-20,0.0,2.06,239.0,469.0
2000-04-21,0.0,2.3,235.0,556.0
2000-04-22,0.0,2.0466,235.0,547.0
2000-04-23,0.0,1.9977,211.0,469.0
2000-04-24,0.0,2.15,134.0,445.0
2000-04-25,0.0,1.8889,199.0,445.0
2000-04-26,0.0,1.8871,268.0,466.0
2000-04-27,0.0,2.07,203.0,491.0
2000-04-28,0.0,1.8871,191.0,418.0
2000-04-29,0.0,2.07,196.0,397.0
2000-04-30,0.0,2.25,191.0,396.0
2000-05-01,0.0,1.8871,193.0,368.0
2000-05-02,0.0,3.2,199.0,407.0
2000-05-03,0.0,1.7921,191.0,398.0
2000-05-04,0.0,4.6,184.0,378.0
2000-05-05,0.0,1.8852,193.0,394.0
2000-05-06,0.0,4.5,170.0,393.0
2000-05-07,0.0,4.5,182.0,363.0
2000-05-08,0.0,1.837,205.0,343.0
2000-05-09,0.0,1.8685,215.0,432.0
2000-05-10,0.0,2.07,169.0,360.0
2000-05-11,0.0,2.07,256.0,432.0
2000-05-12,0.0,2.07,211.0,394.0
2000-05-13,,2.07,155.0,386.0
2000-05-14,,1.8871,170.0,401.0
2000-05-15,,1.8871,170.0,334.0
2000-05-16,,2.07,247.0,123.0
2000-05-17,,2.07,217.0,376.0
2000-05-18,,1.7921,202.0,127.0
2000-05-19,0.0,2.07,176.0,329.0
2000-05-20,0.0,1.7282,143.0,304.0
2000-05-21,0.0,1.7215,163.0,362.0
2000-05-22,0.0,2.07,180.0,342.0
2000-05-23,0.0,1.6982,177.0,333.0
2000-05-24,0.0,1.697,124.0,356.0
2000-05-25,0.0,1.93,152.0,353.0
2000-05-26,0.0,1.6492,184.0,353.0
2000-05-27,0.0,1.602,109.0,273.0
2000-05-28,0.0,1.62,122.0,290.0
2000-05-29,0.0,1.697,147.0,297.0
2000-05-30,0.0,1.697,120.0,301.0
2000-05-31,,1.6659,176.0,330.0
2000-06-01,,1.72,172.0,343.0
2000-06-02,,1.72,143.0,321.0
2000-06-03,,1.72,172.0,308.0
2000-06-04,,1.72,159.0,315.0
2000-06-05,,1.6559,156.0,333.0
2000-06-06,,1.72,145.0,310.0
2000-06-07,,1.69,151.0,312.0
2000-06-08,,1.58,146.0,304.0
2000-06-09,,1.5081,155.0,338.0
2000-06-10,,1.507,146.0,323.0
2000-06-11,,1.507,125.0,299.0
2000-06-12,,1.507,129.0,283.0
2000-06-13,,1.4484,154.0,303.0
2000-06-14,,1.412,169.0,336.0
2000-06-15,,1.412,129.0,317.0
2000-06-16,,1.58,117.0,292.0
2000-06-17,,1.3474,136.0,270.0
2000-06-18,,1.58,86.0,242.0
2000-06-19,,1.58,108.0,273.0
2000-06-20,,1.6,135.0,279.0
2000-06-21,,1.65,155.0,308.0
2000-06-22,,1.6,159.0,298.0
2000-06-23,,1.58,141.0,289.0
2000-06-24,,1.58,178.0,324.0
2000-06-25,,1.58,168.0,305.0
2000-06-26,,1.3347,137.0,269.0
2000-06-27,,1.58,124.0,274.0
2000-06-28,,1.3347,136.0,285.0
2000-06-29,,1.325,136.0,289.0
2000-06-30,,1.58,131.0,284.0
2000-07-01,,1.2574,153.0,272.0
2000-07-02,,1.2574,95.0,289.0
2000-07-03,,1.2574,164.0,323.0
2000-07-04,,1.4425,155.0,260.0
2000-07-05,,2.46,147.0,302.0
2000-07-06,,2.39,187.0,310.0
2000-07-07,,2.0314,157.0,269.0
2000-07-08,,1.8492,157.0,294.0
2000-07-09,,1.93,150.0,321.0
2000-07-10,,1.84,168.0,323.0
2000-07-11,,1.4157,202.0,344.0
2000-07-12,,1.412,218.0,358.0
2000-07-13,,1.412,187.0,333.0
2000-07-14,,1.412,154.0,316.0
2000-07-15,,1.412,215.0,324.0
2000-07-16,,1.91,258.0,312.0
2000-07-17,,2.1264,250.0,360.0
2000-07-18,,1.96,218.0,412.0
2000-07-19,,1.174,193.0,390.0
2000-07-20,,1.45,221.0,382.0
2000-07-21,,1.29,186.0,368.0
2000-07-22,,1.27,236.0,439.0
2000-07-23,,1.46,234.0,420.0
2000-07-24,,1.86,167.0,301.0
2000-07-25,,1.85,165.0,330.0
2000-07-26,,1.409,187.0,328.0
2000-07-27,,1.242,194.0,365.0
2000-07-28,,1.49,161.0,331.0
2000-07-29,,1.0904,175.0,337.0
2000-07-30,,0.908,169.0,338.0
2000-07-31,,0.8708,148.0,242.0
2000-08-01,,1.26,168.0,272.0
2000-08-02,,1.15,142.0,297.0
2000-08-03,,1.05,153.0,237.0
2000-08-04,,0.86,181.0,153.0
2000-08-05,,0.4793,131.0,278.0
2000-08-06,,0.83,189.0,353.0
2000-08-07,,0.4123,117.0,249.0
2000-08-08,,0.3996,151.0,293.0
2000-08-09,,0.66,100.0,245.0
2000-08-10,,0.2799,172.0,301.0
2000-08-11,,0.53,165.0,277.0
2000-08-12,,0.5,159.0,269.0
2000-08-13,,0.48,109.0,241.0
2000-08-14,,0.42,111.0,273.0
2000-08-15,,0.34,128.0,271.0
2000-08-16,,0.24,95.0,238.0
2000-08-17,,0.2347,130.0,241.0
2000-08-18,,0.4267,146.0,280.0
2000-08-19,,0.5671,110.0,234.0
2000-08-20,,0.524,162.0,255.0
2000-08-21,,0.88,156.0,279.0
2000-08-22,,0.79,155.0,332.0
2000-08-23,,0.5876,129.0,286.0
2000-08-24,,1.06,145.0,299.0
2000-08-25,,0.7162,162.0,267.0
2000-08-26,,0.7162,77.0,196.0
2000-08-27,,0.9481,125.0,256.0
2000-08-28,,1.2073,129.0,220.0
2000-08-29,,2.29,162.0,309.0
2000-08-30,,2.23,149.0,327.0
2000-08-31,0.0,2.23,175.0,329.0
2000-09-01,0.0,1.801,145.0,293.0
2000-09-02,0.0,2.0,247.0,327.0
2000-09-03,0.0,3.0,254.0,510.0
2000-09-04,0.0,3.6784,305.0,655.0
2000-09-05,0.0,3.4552,354.0,578.0
2000-09-06,0.0,3.0951,318.0,580.0
2000-09-07,0.0,2.744,306.0,590.0
2000-09-08,0.0,1.3317,284.0,527.0
2000-09-09,0.0,2.2445,258.0,501.0
2000-09-10,0.0,2.12,173.0,461.0
2000-09-11,0.0,1.97,162.0,410.0
2000-09-12,0.0,1.95,150.0,328.0
2000-09-13,0.0,1.77,174.0,309.0
2000-09-14,0.0,2.69,145.0,288.0
2000-09-15,0.0,2.87,139.0,322.0
2000-09-16,0.0,2.6,179.0,281.0
2000-09-17,0.0,2.328,231.0,278.0
2000-09-18,0.0,2.1532,228.0,339.0
2000-09-19,0.0,1.88,250.0,397.0
2000-09-20,0.0,1.602,222.0,387.0
2000-09-21,0.0,1.3347,171.0,393.0
2000-09-22,0.0,1.0255,185.0,359.0
2000-09-23,0.0,1.27,152.0,306.0
2000-09-24,0.0,0.8708,158.0,308.0
2000-09-25,0.0,0.7162,162.0,259.0
2000-09-26,0.0,1.09,98.0,271.0
2000-09-27,0.0,0.6389,31.0,290.0
2000-09-28,0.0,0.599,112.0,237.0
2000-09-29,0.0,0.599,138.0,176.0
2000-09-30,0.0,0.5591,105.0,253.0
2000-10-01,0.0,1.1,60.0,263.0
2000-10-02,0.0,1.1,125.0,221.0
2000-10-03,0.0,0.4793,85.0,175.0
2000-10-04,0.0,1.1,86.0,244.0
2000-10-05,0.0,1.1,59.0,187.0
2000-10-06,0.0,1.1028,150.0,260.0
2000-10-07,0.0,1.1,151.0,311.0
2000-10-08,0.0,1.1,163.0,351.0
2000-10-09,0.0,1.7921,208.0,325.0
2000-10-10,0.0,1.697,207.0,328.0
2000-10-11,0.0,1.602,114.0,371.0
2000-10-12,0.0,1.507,101.0,344.0
2000-10-13,0.0,1.507,126.0,235.0
2000-10-14,0.0,1.412,88.0,226.0
2000-10-15,0.0,1.2574,117.0,242.0
2000-10-16,0.0,1.1,115.0,196.0
2000-10-17,0.0,1.1,114.0,218.0
2000-10-18,0.0,1.1,109.0,218.0
2000-10-19,0.0,1.1,104.0,219.0
2000-10-20,0.0,1.1028,104.0,237.0
2000-10-21,0.0,1.58,102.0,218.0
2000-10-22,0.0,1.1028,108.0,234.0
2000-10-23,0.0,1.1028,100.0,266.0
2000-10-24,0.0,1.1028,116.0,216.0
2000-10-25,0.0,0.8708,78.0,226.0
2000-10-26,0.0,1.1,93.0,250.0
2000-10-27,0.0,1.1,115.0,188.0
2000-10-28,0.0,1.05,99.0,199.0
2000-10-29,0.0,1.15,93.0,238.0
2000-10-30,0.0,1.3347,151.0,219.0
2000-10-31,0.0,1.2,98.0,227.0
2000-11-01,0.0,1.2,66.0,297.0
2000-11-02,0.0,1.15,112.0,223.0
2000-11-03,0.0,1.14,96.0,191.0
2000-11-04,0.0,0.7162,174.0,224.0
2000-11-05,0.0,0.7162,141.0,189.0
2000-11-06,0.0,0.7162,127.0,271.0
2000-11-07,0.0,0.7162,126.0,254.0
2000-11-08,0.0,0.7162,112.0,257.0
2000-11-09,0.0,0.7162,135.0,269.0
2000-11-10,0.0,1.03,147.0,250.0
2000-11-11,0.0,1.03,132.0,274.0
2000-11-12,0.0,1.58,201.0,269.0
2000-11-13,0.0,1.58,187.0,240.0
2000-11-14,0.0,1.58,147.0,324.0
2000-11-15,0.0,1.58,168.0,361.0
2000-11-16,0.0,1.58,172.0,356.0
2000-11-17,0.0,1.602,114.0,442.0
2000-11-18,0.0,1.3347,192.0,372.0
2000-11-19,0.0,1.58,233.0,309.0
2000-11-20,0.0,2.8011,249.0,421.0
2000-11-21,0.0,2.2671,262.0,630.0
2000-11-22,0.0,10.3352,269.0,605.0
2000-11-23,0.0,1.96,321.0,574.0
2000-11-24,0.0,3.1303,452.0,686.0
2000-11-25,0.0,2.2671,439.0,523.0
2000-11-26,0.0,7.6312,476.0,661.0
2000-11-27,0.0,3.1303,522.0,667.0
2000-11-28,0.0,2.5816,410.0,783.0
2000-11-29,0.0,2.3621,408.0,826.0
2000-11-30,0.0,2.1721,516.0,303.0
2000-12-01,0.0,5.36,462.0,566.0
2000-12-02,0.0,35.66,390.0,759.0
2000-12-03,0.0,8.0953,397.0,742.0
2000-12-04,0.0,2.28,410.0,605.0
2000-12-05,0.0,3.4595,462.0,654.0
2000-12-06,0.0,3.21,401.0,787.0
2000-12-07,0.0,2.59,309.0,769.0
2000-12-08,0.0,1.7921,305.0,669.0
2000-12-09,0.0,1.507,270.0,519.0
2000-12-10,0.0,2.2671,241.0,494.0
2000-12-11,0.0,1.9821,188.0,461.0
2000-12-12,0.0,1.3347,287.0,453.0
2000-12-13,0.0,1.1801,173.0,376.0
2000-12-14,0.0,1.1801,181.0,449.0
2000-12-15,0.0,1.52,174.0,346.0
2000-12-16,0.0,1.1028,192.0,328.0
2000-12-17,0.0,1.1028,183.0,331.0
2000-12-18,0.0,1.412,297.0,386.0
2000-12-19,0.0,2.9108,505.0,475.0
2000-12-20,0.0,0.99,551.0,652.0
2000-12-21,0.0,1.7921,656.0,861.0
2000-12-22,0.0,1.412,891.0,925.0
2000-12-23,0.0,1.64,511.0,946.0
2000-12-24,0.0,1.0255,436.0,1186.0
2000-12-25,0.0,1.48,415.0,849.0
2000-12-26,0.0,2.05,484.0,827.0
2000-12-27,0.0,1.3347,414.0,904.0
2000-12-28,0.0,2.9108,575.0,828.0
2000-12-29,0.0,10.4991,669.0,865.0
2000-12-30,0.0,4.0,713.0,1031.0
2000-12-31,94.0,1.9821,611.0,1053.0
2001-01-01,23.9,29.8619,540.4,1115.6
2001-01-02,16.9,17.2665,504.0,1201.0
2001-01-03,20.0,4.3179,494.0,1305.1
2001-01-04,29.1,2.9108,486.1,1372.5
2001-01-05,14.9,6.7,477.3,1344.9
2001-01-06,19.2,2.96,459.1,1258.1
2001-01-07,17.3,2.28,440.9,1069.5
2001-01-08,13.5,2.24,411.8,945.4
2001-01-09,14.4,4.5631,377.0,822.8
2001-01-10,13.2,3.81,346.0,735.5
2001-01-11,14.1,2.69,323.2,695.9
2001-01-12,11.5,2.17,306.9,662.4
2001-01-13,10.9,1.9821,297.8,637.3
2001-01-14,13.5,1.8871,289.2,608.8
2001-01-15,11.2,1.697,283.1,576.7
2001-01-16,10.3,1.412,277.9,547.0
2001-01-17,10.0,1.3347,265.9,523.6
2001-01-18,9.5,1.2574,251.9,500.9
2001-01-19,9.5,1.2574,241.4,476.0
2001-01-20,9.3,1.2574,239.8,454.5
2001-01-21,9.2,1.3347,242.5,449.7
2001-01-22,12.4,1.83,257.4,462.1
2001-01-23,13.5,2.28,284.3,498.2
2001-01-24,14.4,4.03,311.6,537.0
2001-01-25,15.1,6.99,335.3,599.1
2001-01-26,10.4,3.3,361.1,657.5
2001-01-27,10.6,2.4718,378.2,665.1
2001-01-28,9.6,1.9821,390.3,637.6
2001-01-29,11.3,1.697,403.1,614.5
2001-01-30,13.2,1.507,417.6,633.0
2001-01-31,15.0,1.507,431.9,680.7
2001-02-01,19.0,9.01,456.6,742.3
2001-02-02,37.2,3.28,472.6,804.7
2001-02-03,12.9,9.3515,486.8,839.5
2001-02-04,17.2,11.5264,506.0,857.2
2001-02-05,19.1,4.0726,510.6,890.4
2001-02-06,17.2,7.6312,504.5,951.0
2001-02-07,12.9,7.78,504.2,1025.7
2001-02-08,12.4,4.43,500.7,1054.3
2001-02-09,12.5,3.95,501.3,1015.4
2001-02-10,20.4,5.77,497.0,950.6
2001-02-11,11.9,7.0419,497.0,908.7
2001-02-12,12.8,3.72,493.2,892.3
2001-02-13,16.1,3.24,493.3,892.7
2001-02-14,30.7,2.81,480.0,901.7
2001-02-15,11.7,2.6913,509.5,887.8
2001-02-16,43.0,3.7047,543.2,854.0
2001-02-17,13.1,7.4765,563.1,835.8
2001-02-18,10.9,6.028,567.7,885.2
2001-02-19,11.5,3.0205,561.1,921.8
2001-02-20,11.0,2.2671,517.4,895.6
2001-02-21,10.4,2.15,458.8,802.2
2001-02-22,10.5,1.8871,406.7,731.9
2001-02-23,10.1,1.7921,366.8,678.4
2001-02-24,9.6,1.93,332.4,638.0
2001-02-25,9.3,1.91,308.4,589.2
2001-02-26,9.0,1.8,286.6,548.6
2001-02-27,8.8,1.76,270.9,515.0
2001-02-28,9.6,1.73,255.2,498.0
2001-03-01,8.8,1.412,244.5,479.8
2001-03-02,8.4,1.71,229.5,468.4
2001-03-03,8.3,1.3347,221.5,455.5
2001-03-04,8.4,1.3347,213.9,438.6
2001-03-05,8.4,1.602,210.7,424.9
2001-03-06,10.0,1.8871,214.9,421.6
2001-03-07,16.8,1.697,226.8,437.1
2001-03-08,17.0,2.6,238.6,459.1
2001-03-09,23.0,3.59,259.1,497.7
2001-03-10,25.9,2.56,286.9,604.3
2001-03-11,12.1,3.37,307.2,775.3
2001-03-12,10.3,3.0205,317.5,911.5
2001-03-13,9.5,2.26,325.4,958.1
2001-03-14,9.0,1.7921,314.9,871.1
2001-03-15,8.4,1.507,297.8,756.4
2001-03-16,8.2,1.72,279.7,647.0
2001-03-17,19.4,1.71,274.3,568.1
2001-03-18,15.9,1.71,268.1,528.2
2001-03-19,12.9,1.74,272.0,506.2
2001-03-20,11.3,1.91,282.4,521.3
2001-03-21,9.3,3.23,301.6,558.7
2001-03-22,8.9,2.35,302.6,583.5
2001-03-23,8.9,1.602,304.6,574.3
2001-03-24,8.2,1.412,302.5,548.3
2001-03-25,8.3,1.3347,296.4,531.6
2001-03-26,10.5,1.6,277.5,513.7
2001-03-27,12.8,1.65,292.8,492.1
2001-03-28,28.7,1.88,333.0,518.7
2001-03-29,52.9,3.1303,367.8,650.6
2001-03-30,10.1,25.17,390.8,848.4
2001-03-31,9.8,25.17,425.1,995.3
2001-04-01,13.9,3.0205,438.2,1039.3
2001-04-02,11.2,2.2671,420.9,933.9
2001-04-03,15.7,2.32,413.7,811.3
2001-04-04,11.0,2.2,419.5,732.8
2001-04-05,10.0,1.98,421.5,697.2
2001-04-06,9.5,1.697,418.5,677.8
2001-04-07,9.3,1.79,404.1,658.1
2001-04-08,10.3,1.79,381.2,644.4
2001-04-09,9.2,1.78,348.9,627.7
2001-04-10,8.9,1.78,319.1,600.0
2001-04-11,60.3,1.73,290.7,579.9
2001-04-12,13.4,1.91,274.2,558.3
2001-04-13,10.3,14.7659,255.5,563.3
2001-04-14,8.8,2.74,239.9,557.1
2001-04-15,10.1,1.96,225.9,518.1
2001-04-16,9.8,1.507,214.5,469.5
2001-04-17,9.6,1.412,202.5,439.6
2001-04-18,9.3,1.412,197.0,423.1
2001-04-19,9.1,1.7,187.2,411.6
2001-04-20,8.8,1.3347,181.2,398.9
2001-04-21,9.1,1.3347,175.2,387.0
2001-04-22,13.8,1.62,169.5,368.9
2001-04-23,9.1,1.61,166.3,353.0
2001-04-24,8.6,1.61,169.9,343.6
2001-04-25,8.6,1.2574,170.9,342.7
2001-04-26,8.4,1.52,171.1,340.8
2001-04-27,8.1,1.47,171.3,332.8
2001-04-28,8.1,1.45,167.9,326.3
2001-04-29,8.2,1.1801,162.3,321.4
2001-04-30,8.1,1.1028,156.8,318.3
2001-05-01,7.9,1.1028,153.3,312.5
2001-05-02,7.9,1.1028,151.0,309.2
2001-05-03,7.6,1.0255,147.6,310.5
2001-05-04,8.0,1.0255,145.7,312.3
2001-05-05,8.1,1.0255,145.1,307.6
2001-05-06,7.6,1.44,145.1,297.4
2001-05-07,7.9,1.1028,145.5,291.5
2001-05-08,7.6,1.39,146.1,291.9
2001-05-09,7.6,1.39,147.4,296.0
2001-05-10,7.4,1.39,148.4,297.5
2001-05-11,8.3,1.0255,155.0,296.2
2001-05-12,12.4,1.45,164.8,297.4
2001-05-13,13.9,1.94,175.5,309.9
2001-05-14,12.0,1.7921,194.9,345.1
2001-05-15,8.9,1.83,220.5,389.7
2001-05-16,10.7,1.74,240.5,425.5
2001-05-17,8.3,1.97,250.6,443.0
2001-05-18,7.6,1.697,253.0,457.2
2001-05-19,7.7,1.72,243.5,459.6
2001-05-20,7.8,1.58,229.3,446.0
2001-05-21,7.3,1.2574,211.4,419.2
2001-05-22,7.1,1.54,199.7,393.0
2001-05-23,7.1,1.1801,189.8,379.2
2001-05-24,7.4,1.1801,183.7,373.3
2001-05-25,7.3,1.1801,181.2,363.6
2001-05-26,7.1,1.1801,180.4,350.1
2001-05-27,7.1,1.2574,177.1,340.4
2001-05-28,7.1,1.55,173.0,340.3
2001-05-29,7.1,1.1801,168.0,342.0
2001-05-30,6.9,1.412,161.3,339.5
2001-05-31,6.6,1.2574,158.8,331.1
2001-06-01,6.6,1.2574,156.9,323.6
2001-06-02,6.6,1.48,152.5,314.8
2001-06-03,4.7,1.45,153.0,305.9
2001-06-04,5.4,1.45,152.5,299.8
2001-06-05,5.3,1.1028,151.1,296.8
2001-06-06,6.1,1.45,147.4,294.4
2001-06-07,6.1,1.48,146.5,291.3
2001-06-08,6.1,1.45,143.5,288.8
2001-06-09,5.9,1.45,140.6,287.5
2001-06-10,5.9,1.45,141.2,282.1
2001-06-11,5.8,1.45,145.3,276.9
2001-06-12,5.8,1.45,141.1,276.1
2001-06-13,5.8,1.0255,137.4,276.3
2001-06-14,5.5,1.0255,138.5,274.8
2001-06-15,5.5,1.45,137.6,272.0
2001-06-16,5.5,1.41,132.2,271.1
2001-06-17,5.8,1.0255,135.0,268.7
2001-06-18,7.4,1.33,135.8,268.3
2001-06-19,6.2,0.9481,134.7,267.2
2001-06-20,5.8,0.9481,132.1,266.3
2001-06-21,5.5,1.47,131.7,264.5
2001-06-22,5.5,1.0255,131.5,263.0
2001-06-23,5.5,1.0255,129.8,261.7
2001-06-24,5.5,1.35,128.0,257.5
2001-06-25,5.5,1.36,128.4,252.6
2001-06-26,5.5,1.35,125.2,251.4
2001-06-27,5.5,1.33,126.5,251.5
2001-06-28,5.8,1.33,133.3,252.8
2001-06-29,5.5,1.33,134.4,253.1
2001-06-30,5.3,1.33,134.7,251.8
2001-07-01,5.3,0.9481,137.8,250.7
2001-07-02,5.1,1.33,138.0,252.4
2001-07-03,5.1,0.9481,133.7,254.9
2001-07-04,5.1,0.9481,127.9,254.0
2001-07-05,5.1,0.8708,131.5,250.6
2001-07-06,5.1,0.9481,129.6,249.6
2001-07-07,5.1,0.8708,125.6,247.5
2001-07-08,4.8,1.33,122.7,245.0
2001-07-09,4.9,0.22,126.6,242.6
2001-07-10,4.9,0.5,120.3,244.6
2001-07-11,4.9,1.31,121.2,242.1
2001-07-12,9.5,0.8708,122.5,240.9
2001-07-13,6.6,1.27,122.4,241.0
2001-07-14,5.2,0.8708,123.1,242.8
2001-07-15,5.0,0.8708,124.3,241.5
2001-07-16,4.9,1.27,122.2,237.5
2001-07-17,4.7,1.24,123.0,234.2
2001-07-18,4.7,1.24,121.7,234.0
2001-07-19,4.7,1.27,120.5,234.8
2001-07-20,4.5,0.95,116.8,234.6
2001-07-21,4.5,1.27,113.2,232.8
2001-07-22,8.3,1.27,109.6,228.5
2001-07-23,7.0,0.7935,114.4,222.8
2001-07-24,8.2,0.9481,117.5,223.1
2001-07-25,6.5,1.3347,120.6,226.7
2001-07-26,5.5,1.59,128.5,232.2
2001-07-27,9.8,1.52,136.0,240.2
2001-07-28,12.0,1.45,141.7,247.9
2001-07-29,6.8,1.1028,149.3,251.0
2001-07-30,5.8,1.38,157.7,256.2
2001-07-31,5.3,1.0255,156.9,264.5
2001-08-01,5.0,1.29,155.9,270.8
2001-08-02,4.9,1.27,152.3,273.1
2001-08-03,4.9,1.27,143.4,270.3
2001-08-04,4.9,0.9481,135.3,261.3
2001-08-05,4.7,1.27,131.1,250.8
2001-08-06,4.7,1.27,125.6,242.2
2001-08-07,4.7,1.2,117.6,237.5
2001-08-08,4.7,0.7935,108.6,231.9
2001-08-09,4.7,1.09,105.6,223.8
2001-08-10,4.7,0.7162,102.1,217.3
2001-08-11,4.7,0.7162,98.4,213.6
2001-08-12,4.7,0.7162,96.5,207.6
2001-08-13,4.7,0.7162,97.3,200.1
2001-08-14,4.7,1.09,93.4,194.4
2001-08-15,4.7,0.7162,93.2,190.8
2001-08-16,4.7,0.7162,92.7,193.0
2001-08-17,4.7,0.7162,94.4,192.5
2001-08-18,4.7,1.09,94.2,190.8
2001-08-19,4.7,1.09,95.3,188.1
2001-08-20,4.7,1.09,98.9,185.9
2001-08-21,4.7,0.6389,103.0,188.9
2001-08-22,4.8,1.09,103.5,192.2
2001-08-23,4.6,0.599,105.3,193.4
2001-08-24,4.6,1.09,109.3,194.3
2001-08-25,4.7,1.09,114.9,200.4
2001-08-26,4.7,1.09,126.1,209.4
2001-08-27,5.3,0.6389,147.5,219.8
2001-08-28,14.1,1.03,183.7,229.4
2001-08-29,8.3,3.5821,204.0,252.4
2001-08-30,4.6,1.35,212.6,289.2
2001-08-31,4.9,1.35,211.4,331.4
2001-09-01,4.9,0.9481,198.2,350.0
2001-09-02,4.9,1.09,165.6,335.3
2001-09-03,5.0,0.5192,146.6,298.9
2001-09-04,5.0,0.4394,131.3,271.2
2001-09-05,5.0,0.599,122.9,252.4
2001-09-06,12.7,1.09,115.6,235.7
2001-09-07,7.1,1.1801,114.2,220.4
2001-09-08,5.0,1.1028,112.7,211.2
2001-09-09,4.5,1.1028,116.4,206.1
2001-09-10,4.1,0.9481,118.1,204.2
2001-09-11,8.4,0.8708,120.5,207.6
2001-09-12,5.8,0.8708,123.2,213.4
2001-09-13,4.7,1.09,126.3,219.0
2001-09-14,5.1,0.7935,132.5,220.9
2001-09-15,8.3,0.9481,141.2,222.8
2001-09-16,10.5,1.15,149.5,225.9
2001-09-17,6.7,1.36,157.9,235.4
2001-09-18,6.2,1.65,169.8,253.6
2001-09-19,5.0,1.0255,169.7,269.8
2001-09-20,4.7,1.44,161.9,273.6
2001-09-21,4.5,1.27,154.6,263.5
2001-09-22,4.3,0.8708,145.6,252.3
2001-09-23,4.3,0.8708,133.1,241.1
2001-09-24,4.3,0.8708,126.4,229.8
2001-09-25,4.8,1.27,121.3,221.9
2001-09-26,4.5,0.9481,114.6,219.2
2001-09-27,7.7,1.0255,119.0,220.3
2001-09-28,6.9,1.7921,124.2,225.1
2001-09-29,5.7,1.33,128.8,232.2
2001-09-30,5.2,1.2574,139.6,235.9
2001-10-01,10.4,1.33,162.6,239.6
2001-10-02,7.8,1.39,181.1,262.5
2001-10-03,5.5,1.77,210.2,304.4
2001-10-04,4.7,2.16,245.4,360.1
2001-10-05,4.5,1.1801,273.6,391.8
2001-10-06,4.3,1.0255,281.3,397.7
2001-10-07,4.7,1.51,269.3,388.8
2001-10-08,5.9,1.45,236.8,375.4
2001-10-09,5.0,1.45,206.5,356.2
2001-10-10,4.5,1.45,182.3,338.4
2001-10-11,4.3,1.45,162.6,320.8
2001-10-12,4.1,0.9481,152.5,299.1
2001-10-13,4.1,1.45,154.4,277.1
2001-10-14,3.9,1.45,155.5,260.8
2001-10-15,4.0,1.45,155.0,251.3
2001-10-16,3.8,0.7935,156.7,245.0
2001-10-17,3.8,0.7935,154.4,241.0
2001-10-18,3.9,0.7935,163.9,237.2
2001-10-19,17.5,0.7935,190.1,236.1
2001-10-20,8.5,2.3621,201.0,244.9
2001-10-21,7.5,3.5821,210.4,282.2
2001-10-22,7.9,2.2671,227.6,348.3
2001-10-23,6.0,2.09,239.0,401.9
2001-10-24,5.5,1.83,236.4,425.5
2001-10-25,5.0,1.58,239.4,405.0
2001-10-26,4.6,1.0255,233.4,384.8
2001-10-27,4.4,1.25,216.4,365.6
2001-10-28,4.2,1.25,189.3,341.5
2001-10-29,4.1,1.2,159.6,312.7
2001-10-30,3.9,1.15,139.2,284.7
2001-10-31,3.9,1.15,126.1,260.6
2001-11-01,4.4,0.7162,115.5,241.6
2001-11-02,4.7,1.15,116.8,231.9
2001-11-03,11.0,0.7162,137.3,234.1
2001-11-04,10.2,1.2574,155.8,242.2
2001-11-05,6.3,3.5821,164.2,257.7
2001-11-06,5.1,2.4,172.6,307.0
2001-11-07,4.8,1.59,169.7,371.9
2001-11-08,4.4,1.1028,151.9,409.7
2001-11-09,4.4,0.9481,134.2,385.5
2001-11-10,4.2,1.07,128.9,328.3
2001-11-11,4.4,0.8708,131.0,290.3
2001-11-12,7.1,1.29,145.1,272.2
2001-11-13,6.4,1.47,165.9,278.7
2001-11-14,10.0,1.3347,193.2,316.1
2001-11-15,7.2,1.697,217.4,388.3
2001-11-16,7.9,1.697,247.5,447.2
2001-11-17,13.9,1.507,259.8,494.6
2001-11-18,8.1,1.412,268.6,505.8
2001-11-19,6.7,1.3347,268.8,525.0
2001-11-20,6.0,1.1801,262.6,518.0
2001-11-21,5.5,1.0255,244.2,513.5
2001-11-22,5.0,0.9481,233.1,498.7
2001-11-23,5.0,1.0255,213.5,477.8
2001-11-24,4.7,1.21,223.6,443.3
2001-11-25,4.4,1.1,222.7,410.2
2001-11-26,4.3,0.8708,224.4,361.0
2001-11-27,4.3,0.98,241.0,334.9
2001-11-28,5.6,0.99,255.6,321.8
2001-11-29,4.7,2.45,228.4,323.7
2001-11-30,4.4,1.66,228.4,315.1
2001-12-01,4.3,1.2574,234.6,335.7
2001-12-02,4.0,0.9481,224.6,393.0
2001-12-03,3.9,1.08,214.3,445.4
2001-12-04,3.9,1.04,208.6,461.3
2001-12-05,3.9,0.98,194.8,437.9
2001-12-06,5.5,0.98,177.8,392.0
2001-12-07,4.7,1.74,163.3,349.2
2001-12-08,4.9,2.5816,154.0,321.7
2001-12-09,4.2,1.8871,157.8,328.8
2001-12-10,4.1,0.9481,160.4,349.9
2001-12-11,3.8,0.599,179.1,352.5
2001-12-12,3.7,1.09,199.5,341.9
2001-12-13,5.0,0.599,222.0,331.5
2001-12-14,15.9,2.16,290.0,334.2
2001-12-15,30.4,1.94,360.0,358.4
2001-12-16,6.4,13.4755,398.2,392.4
2001-12-17,6.0,13.1136,425.5,513.8
2001-12-18,6.1,4.3179,455.7,718.1
2001-12-19,5.6,2.6913,441.1,876.3
2001-12-20,26.9,1.8871,413.0,881.3
2001-12-21,12.5,1.507,384.6,769.9
2001-12-22,14.0,2.1721,392.1,708.2
2001-12-23,151.2,2.57,391.0,690.6
2001-12-24,25.9,69.56,380.8,649.1
2001-12-25,10.2,51.71,377.3,747.3
2001-12-26,5.9,6.3177,408.2,896.1
2001-12-27,13.4,3.3497,405.5,948.2
2001-12-28,28.7,3.8,455.3,875.0
2001-12-29,73.5,4.71,575.8,796.4
2001-12-30,32.1,38.2256,649.1,811.8
2001-12-31,14.0,42.9233,672.0,964.5
2002-01-01,15.0,9.0236,722.0,1661.0
2002-01-02,14.0,3.9843,587.0,1260.0
2002-01-03,13.0,3.4595,513.0,985.0
2002-01-04,12.0,3.0205,467.0,748.0
2002-01-05,12.0,2.5816,410.0,644.0
2002-01-06,11.0,2.4591,394.0,570.0
2002-01-07,11.0,2.2671,367.0,493.0
2002-01-08,9.0,2.0771,319.0,496.0
2002-01-09,10.0,2.1721,318.0,408.0
2002-01-10,10.0,2.1721,332.0,390.0
2002-01-11,13.0,1.9821,367.0,430.0
2002-01-12,16.0,1.8871,410.0,462.0
2002-01-13,21.0,2.0736,424.0,439.0
2002-01-14,24.0,3.1355,381.0,497.0
2002-01-15,61.0,6.3265,490.0,657.0
2002-01-16,17.0,11.9,494.0,766.0
2002-01-17,14.0,26.6,530.0,843.0
2002-01-18,13.0,4.496,572.0,767.0
2002-01-19,13.0,3.1303,580.0,744.0
2002-01-20,14.0,2.7881,466.0,803.0
2002-01-21,17.0,3.3497,386.0,680.0
2002-01-22,36.0,3.2252,325.0,569.0
2002-01-23,46.0,3.1303,492.0,506.0
2002-01-24,26.0,32.0092,513.0,622.0
2002-01-25,24.0,6.8971,491.0,985.0
2002-01-26,18.0,14.0184,642.0,974.0
2002-01-27,15.0,5.9609,668.0,1092.0
2002-01-28,12.0,2.9108,550.0,1076.0
2002-01-29,11.0,2.5816,727.0,881.0
2002-01-30,15.0,8.7141,1131.0,1127.0
2002-01-31,19.0,3.95,982.0,1434.0
2002-02-01,29.0,5.0365,694.0,1383.0
2002-02-02,78.0,5.9609,539.0,1241.0
2002-02-03,18.0,30.8082,571.0,1158.0
2002-02-04,15.0,17.4629,803.0,1414.0
2002-02-05,15.0,4.6018,461.0,1568.0
2002-02-06,72.0,3.0205,513.0,847.0
2002-02-07,21.0,23.2,517.0,651.0
2002-02-08,24.0,18.2559,564.0,762.0
2002-02-09,20.0,4.1952,413.0,775.0
2002-02-10,17.0,3.8274,444.0,682.0
2002-02-11,18.0,11.1811,692.0,669.0
2002-02-12,19.0,4.1952,748.0,950.0
2002-02-13,18.0,2.9108,830.0,933.0
2002-02-14,17.0,2.4718,726.0,1070.0
2002-02-15,20.0,12.0445,710.0,875.0
2002-02-16,17.0,6.1728,772.0,867.0
2002-02-17,14.0,3.95,484.0,838.0
2002-02-18,17.0,4.5631,495.0,866.0
2002-02-19,18.0,3.1303,549.0,782.0
2002-02-20,39.0,2.8732,536.0,811.0
2002-02-21,22.0,8.4508,540.0,791.0
2002-02-22,20.0,10.2,554.0,1049.0
2002-02-23,17.0,5.7229,489.0,911.0
2002-02-24,15.0,7.4852,551.0,787.0
2002-02-25,12.0,4.4405,546.0,808.0
2002-02-26,12.0,3.1355,536.0,776.0
2002-02-27,12.0,2.8011,480.0,751.0
2002-02-28,15.0,2.7881,462.0,676.0
2002-03-01,14.0,2.5816,386.0,660.0
2002-03-02,15.0,3.0205,383.0,566.0
2002-03-03,14.0,3.0205,386.0,541.0
2002-03-04,13.0,13.8374,377.0,531.0
2002-03-05,11.0,4.1952,408.0,607.0
2002-03-06,11.0,2.9108,440.0,577.0
2002-03-07,10.0,2.5816,435.0,616.0
2002-03-08,9.0,2.4718,433.0,559.0
2002-03-09,9.0,2.2671,433.0,507.0
2002-03-10,10.0,2.1721,361.0,478.0
2002-03-11,9.0,2.0771,347.0,428.0
2002-03-12,13.0,2.1484,359.0,419.0
2002-03-13,14.0,2.1484,218.0,399.0
2002-03-14,15.0,2.2243,170.0,345.0
2002-03-15,14.0,2.8011,175.0,435.0
2002-03-16,15.0,7.7859,177.0,517.0
2002-03-17,11.0,3.3497,194.0,506.0
2002-03-18,14.0,2.4718,203.0,428.0
2002-03-19,14.0,2.3797,217.0,385.0
2002-03-20,13.0,2.0771,195.0,474.0
2002-03-21,17.0,2.0771,199.0,507.0
2002-03-22,15.0,2.2671,391.0,492.0
2002-03-23,25.0,2.1721,378.0,569.0
2002-03-24,40.0,2.8011,347.0,503.0
2002-03-25,35.0,6.5759,372.0,447.0
2002-03-26,23.0,22.1,450.0,591.0
2002-03-27,18.0,8.4508,381.0,702.0
2002-03-28,12.0,10.0073,398.0,692.0
2002-03-29,11.0,3.8274,344.0,652.0
2002-03-30,9.0,2.9108,375.0,544.0
2002-03-31,9.0,2.5816,359.0,497.0
2002-04-01,10.0,2.4591,291.0,445.0
2002-04-02,10.0,2.3014,262.0,382.0
2002-04-03,10.0,2.2243,248.0,315.0
2002-04-04,10.0,2.0771,238.0,404.0
2002-04-05,11.0,2.3797,232.0,317.0
2002-04-06,11.0,2.1721,252.0,286.0
2002-04-07,11.0,2.2243,247.0,299.0
2002-04-08,10.0,2.4718,276.0,284.0
2002-04-09,10.0,2.2671,264.0,352.0
2002-04-10,9.0,2.0771,271.0,379.0
2002-04-11,7.0,1.9821,276.0,321.0
2002-04-12,8.0,1.9821,292.0,316.0
2002-04-13,9.0,2.0736,244.0,323.0
2002-04-14,9.0,1.8871,232.0,304.0
2002-04-15,8.0,1.8871,216.0,280.0
2002-04-16,8.0,2.0,210.0,293.0
2002-04-17,7.0,2.0,209.0,285.0
2002-04-18,6.0,1.697,208.0,282.0
2002-04-19,6.0,1.697,206.0,260.0
2002-04-20,7.0,1.697,205.0,264.0
2002-04-21,7.0,1.697,199.0,255.0
2002-04-22,7.0,1.8561,187.0,250.0
2002-04-23,7.0,1.8561,175.0,228.0
2002-04-24,12.0,1.8561,173.0,222.0
2002-04-25,17.0,1.8561,173.0,193.0
2002-04-26,16.0,1.8561,175.0,205.0
2002-04-27,16.0,1.7859,174.0,229.0
2002-04-28,17.0,3.5821,179.0,203.0
2002-04-29,13.0,2.7041,176.0,216.0
2002-04-30,9.0,2.1484,175.0,247.0
2002-05-01,10.0,1.7921,175.0,251.0
2002-05-02,11.0,1.7921,177.0,222.0
2002-05-03,10.0,4.0726,195.0,223.0
2002-05-04,11.0,3.3497,207.0,300.0
2002-05-05,9.0,2.1721,212.0,305.0
2002-05-06,12.0,1.9821,209.0,279.0
2002-05-07,13.0,2.0736,209.0,252.0
2002-05-08,13.0,1.7921,212.0,283.0
2002-05-09,13.0,4.7088,224.0,273.0
2002-05-10,14.0,5.6253,232.0,270.0
2002-05-11,10.0,3.2252,230.0,290.0
2002-05-12,8.0,2.3621,218.0,315.0
2002-05-13,8.0,2.2243,197.0,275.0
2002-05-14,6.0,2.0736,180.0,256.0
2002-05-15,6.0,2.0,173.0,247.0
2002-05-16,5.0,1.7921,168.0,235.0
2002-05-17,6.0,1.697,161.0,223.0
2002-05-18,6.0,1.697,158.0,212.0
2002-05-19,10.0,1.7921,153.0,209.0
2002-05-20,13.0,1.9821,156.0,192.0
2002-05-21,19.0,1.7921,160.0,239.0
2002-05-22,22.0,2.6913,168.0,222.0
2002-05-23,36.0,3.0205,185.0,218.0
2002-05-24,13.0,3.3497,202.0,214.0
2002-05-25,8.0,3.7047,203.0,295.0
2002-05-26,8.0,2.8011,196.0,270.0
2002-05-27,8.0,2.1721,187.0,250.0
2002-05-28,8.0,1.8871,180.0,231.0
2002-05-29,9.0,1.8871,174.0,221.0
2002-05-30,7.0,1.7921,166.0,219.0
2002-05-31,8.0,1.7921,160.0,213.0
2002-06-01,7.0,1.7921,158.0,205.0
2002-06-02,8.0,1.8871,150.0,214.0
2002-06-03,6.0,2.0,145.0,193.0
2002-06-04,7.0,2.0,141.0,205.0
2002-06-05,6.0,1.6489,145.0,190.0
2002-06-06,6.0,1.8561,142.0,193.0
2002-06-07,5.0,1.8561,142.0,189.0
2002-06-08,6.0,1.507,139.0,194.0
2002-06-09,6.0,1.602,139.0,187.0
2002-06-10,6.0,1.507,132.0,177.0
2002-06-11,5.0,1.507,136.0,179.0
2002-06-12,5.0,1.7859,132.0,182.0
2002-06-13,5.0,1.7859,132.0,178.0
2002-06-14,5.0,1.412,124.0,182.0
2002-06-15,5.0,1.7859,121.0,174.0
2002-06-16,5.0,1.507,120.0,165.0
2002-06-17,5.0,1.7859,124.0,155.0
2002-06-18,5.0,1.412,124.0,179.0
2002-06-19,5.0,1.412,126.0,166.0
2002-06-20,6.0,1.412,127.0,173.0
2002-06-21,8.0,1.6489,125.0,173.0
2002-06-22,8.0,1.7168,125.0,170.0
2002-06-23,8.0,1.7859,117.0,171.0
2002-06-24,8.0,1.7921,115.0,162.0
2002-06-25,7.0,1.9275,117.0,163.0
2002-06-26,5.0,1.8561,126.0,168.0
2002-06-27,5.0,1.7859,128.0,180.0
2002-06-28,4.0,1.507,132.0,206.0
2002-06-29,3.0,1.7859,140.0,175.0
2002-06-30,3.0,1.7168,139.0,179.0
2002-07-01,4.0,1.7168,130.0,172.0
2002-07-02,4.0,1.6489,122.0,180.0
2002-07-03,5.0,1.6489,116.0,170.0
2002-07-04,5.0,1.3347,118.0,159.0
2002-07-05,5.0,1.3347,119.0,164.0
2002-07-06,5.0,1.3347,117.0,167.0
2002-07-07,5.0,1.3347,116.0,164.0
2002-07-08,5.0,1.3347,117.0,153.0
2002-07-09,6.0,1.3347,119.0,160.0
2002-07-10,7.0,1.5822,122.0,154.0
2002-07-11,7.0,1.6489,131.0,154.0
2002-07-12,7.0,2.2243,143.0,161.0
2002-07-13,7.0,2.2243,146.0,167.0
2002-07-14,6.0,2.0,150.0,209.0
2002-07-15,5.0,1.602,158.0,210.0
2002-07-16,5.0,1.7859,160.0,204.0
2002-07-17,6.0,1.412,163.0,187.0
2002-07-18,6.0,1.6489,155.0,196.0
2002-07-19,6.0,1.412,149.0,183.0
2002-07-20,5.0,1.412,132.0,181.0
2002-07-21,5.0,1.412,121.0,170.0
2002-07-22,5.0,1.6489,113.0,159.0
2002-07-23,5.0,1.3347,118.0,154.0
2002-07-24,5.0,1.6489,118.0,163.0
2002-07-25,5.0,1.2574,117.0,168.0
2002-07-26,5.0,1.1801,114.0,152.0
2002-07-27,5.0,1.5166,117.0,149.0
2002-07-28,5.0,1.7859,115.0,149.0
2002-07-29,5.0,1.412,115.0,135.0
2002-07-30,6.0,1.6489,110.0,161.0
2002-07-31,6.0,1.3347,109.0,148.0
2002-08-01,6.0,1.6489,111.0,142.0
2002-08-02,6.0,2.0,126.0,134.0
2002-08-03,7.0,2.2243,146.0,143.0
2002-08-04,6.0,2.1484,177.0,144.0
2002-08-05,6.0,1.697,186.0,211.0
2002-08-06,6.0,1.8561,191.0,241.0
2002-08-07,6.0,2.1721,183.0,234.0
2002-08-08,5.0,2.0771,176.0,200.0
2002-08-09,5.0,1.507,160.0,206.0
2002-08-10,4.0,1.412,147.0,193.0
2002-08-11,4.0,1.412,134.0,176.0
2002-08-12,3.0,1.3347,123.0,156.0
2002-08-13,3.0,1.2574,127.0,144.0
2002-08-14,4.0,1.2574,117.0,161.0
2002-08-15,2.0,1.2574,112.0,147.0
2002-08-16,4.0,1.5166,105.0,154.0
2002-08-17,4.0,1.2574,109.0,131.0
2002-08-18,3.0,1.1801,105.0,140.0
2002-08-19,3.0,1.2574,104.0,131.0
2002-08-20,3.0,1.1801,105.0,132.0
2002-08-21,3.0,1.1801,102.0,139.0
2002-08-22,4.0,1.1801,92.0,138.0
2002-08-23,4.0,1.4521,94.0,127.0
2002-08-24,3.0,1.1801,93.0,133.0
2002-08-25,3.0,1.5166,108.0,125.0
2002-08-26,3.0,1.5166,95.0,128.0
2002-08-27,2.0,1.4521,95.0,127.0
2002-08-28,4.0,1.4521,92.0,126.0
2002-08-29,4.0,1.4521,109.0,106.0
2002-08-30,3.0,1.1028,105.0,143.0
2002-08-31,4.0,1.1801,103.0,129.0
2002-09-01,4.0,1.8871,107.0,123.0
2002-09-02,3.0,1.7921,113.0,152.0
2002-09-03,3.0,1.412,130.0,163.0
2002-09-04,4.0,1.2574,137.0,166.0
2002-09-05,5.0,1.1801,141.0,167.0
2002-09-06,6.0,1.5822,141.0,160.0
2002-09-07,5.0,1.412,144.0,163.0
2002-09-08,5.0,1.8561,139.0,184.0
2002-09-09,5.0,1.7168,142.0,190.0
2002-09-10,4.0,1.7859,137.0,191.0
2002-09-11,3.0,1.602,133.0,196.0
2002-09-12,3.0,1.7168,133.0,182.0
2002-09-13,3.0,1.2574,135.0,169.0
2002-09-14,2.0,1.5822,131.0,171.0
2002-09-15,3.0,1.5166,119.0,169.0
2002-09-16,3.0,1.5166,112.0,149.0
2002-09-17,3.0,1.1801,113.0,145.0
2002-09-18,2.0,1.4521,111.0,151.0
2002-09-19,4.0,1.1028,107.0,147.0
2002-09-20,4.0,1.4521,107.0,143.0
2002-09-21,5.0,1.5822,108.0,143.0
2002-09-22,7.0,1.1801,121.0,134.0
2002-09-23,7.0,1.2574,140.0,138.0
2002-09-24,7.0,1.507,155.0,177.0
2002-09-25,6.0,1.8871,164.0,207.0
2002-09-26,6.0,1.602,172.0,245.0
2002-09-27,5.0,1.6489,167.0,243.0
2002-09-28,2.0,1.1801,139.0,228.0
2002-09-29,2.0,1.5166,127.0,193.0
2002-09-30,3.0,1.4521,120.0,163.0
2002-10-01,3.0,1.21,122.0,156.0
2002-10-02,3.0,,110.0,169.0
2002-10-03,5.0,,106.0,176.0
2002-10-04,4.0,,99.0,160.0
2002-10-05,3.0,,94.0,158.0
2002-10-06,3.0,,90.0,125.0
2002-10-07,3.0,,92.0,148.0
2002-10-08,2.0,1.05,92.0,138.0
2002-10-09,2.0,0.221,87.0,134.0
2002-10-10,2.0,0.202,83.0,122.0
2002-10-11,2.0,0.221,79.0,117.0
2002-10-12,1.0,0.96,82.0,112.0
2002-10-13,2.0,0.202,87.0,108.0
2002-10-14,2.0,0.221,85.0,116.0
2002-10-15,2.0,0.202,84.0,112.0
2002-10-16,2.0,0.202,68.0,116.0
2002-10-17,2.0,0.92,67.0,103.0
2002-10-18,2.0,0.202,64.0,96.0
2002-10-19,2.0,0.202,62.0,101.0
2002-10-20,3.0,0.202,56.0,100.0
2002-10-21,2.0,0.202,75.0,82.0
2002-10-22,4.0,0.92,74.0,109.0
2002-10-23,4.0,0.92,70.0,115.0
2002-10-24,4.0,0.92,86.0,103.0
2002-10-25,3.0,0.93,103.0,103.0
2002-10-26,4.0,1.01,116.0,123.0
2002-10-27,5.0,0.3198,119.0,128.0
2002-10-28,7.0,1.22,129.0,129.0
2002-10-29,8.0,1.23,145.0,121.0
2002-10-30,9.0,0.6389,199.0,127.0
2002-10-31,9.0,1.1801,214.0,257.0
2002-11-01,8.0,2.39,199.0,273.0
2002-11-02,8.0,1.98,190.0,278.0
2002-11-03,9.0,1.73,183.0,233.0
2002-11-04,16.0,1.2574,174.0,234.0
2002-11-05,48.0,2.2671,173.0,252.0
2002-11-06,22.0,3.0205,188.0,305.0
2002-11-07,13.0,5.7595,193.0,418.0
2002-11-08,11.0,3.0205,190.0,374.0
2002-11-09,8.0,1.7921,174.0,321.0
2002-11-10,8.0,1.69,168.0,237.0
2002-11-11,10.0,1.2574,169.0,206.0
2002-11-12,11.0,1.74,171.0,189.0
2002-11-13,12.0,1.82,191.0,185.0
2002-11-14,13.0,2.4718,230.0,214.0
2002-11-15,13.0,2.3621,234.0,258.0
2002-11-16,12.0,2.86,293.0,326.0
2002-11-17,10.0,2.36,277.0,378.0
2002-11-18,8.0,2.93,307.0,382.0
2002-11-19,6.0,2.62,281.0,391.0
2002-11-20,8.0,1.85,311.0,392.0
2002-11-21,9.0,1.2574,266.0,356.0
2002-11-22,17.0,1.44,249.0,292.0
2002-11-23,36.0,1.0255,236.0,347.0
2002-11-24,13.0,2.21,305.0,362.0
2002-11-25,11.0,6.1728,243.0,477.0
2002-11-26,9.0,2.3621,221.0,401.0
2002-11-27,7.0,1.412,229.0,323.0
2002-11-28,7.0,1.48,261.0,313.0
2002-11-29,9.0,1.1028,283.0,289.0
2002-11-30,12.0,1.39,233.0,289.0
2002-12-01,25.0,1.1801,201.0,264.0
2002-12-02,57.0,1.62,251.0,158.0
2002-12-03,7.0,42.09,389.0,221.0
2002-12-04,7.0,7.74,264.0,426.0
2002-12-05,7.0,2.76,245.0,420.0
2002-12-06,8.0,1.9821,247.0,285.0
2002-12-07,8.0,2.0771,248.0,274.0
2002-12-08,140.0,9.5154,323.0,282.0
2002-12-09,46.0,37.2089,464.0,331.0
2002-12-10,30.0,65.75,480.0,689.0
2002-12-11,56.0,14.1994,476.0,799.0
2002-12-12,55.0,19.4781,522.0,776.0
2002-12-13,34.0,42.1276,583.0,1446.0
2002-12-14,25.0,14.12,627.0,1445.0
2002-12-15,22.0,11.15,597.0,1278.0
2002-12-16,24.0,4.3179,482.0,1149.0
2002-12-17,83.0,3.85,445.0,1439.0
2002-12-18,20.0,55.42,443.0,1041.0
2002-12-19,16.0,16.8736,356.0,998.0
2002-12-20,14.0,3.56,325.0,737.0
2002-12-21,12.0,2.53,297.0,628.0
2002-12-22,11.0,2.2671,240.0,661.0
2002-12-23,12.0,2.19,238.0,518.0
2002-12-24,41.0,2.01,307.0,424.0
2002-12-25,72.0,2.2671,316.0,456.0
2002-12-26,18.0,46.61,423.0,686.0
2002-12-27,15.0,11.74,326.0,912.0
2002-12-28,13.0,3.8274,274.0,646.0
2002-12-29,12.0,2.3621,239.0,491.0
2002-12-30,11.0,2.16,205.0,458.0
2002-12-31,11.0,1.93,188.0,435.0
2003-01-01,13.0,1.852,179.0,388.0
2003-01-02,12.0,1.795,175.0,388.0
2003-01-03,13.0,1.965,166.0,384.0
2003-01-04,14.0,2.041,170.0,367.0
2003-01-05,13.0,2.019,181.0,438.0
2003-01-06,11.0,2.807,270.0,423.0
2003-01-07,13.0,2.959,402.0,636.0
2003-01-08,14.0,2.131,372.0,795.0
2003-01-09,14.0,1.805,277.0,712.0
2003-01-10,16.0,1.699,233.0,503.0
2003-01-11,17.0,2.993,262.0,494.0
2003-01-12,17.0,2.849,336.0,853.0
2003-01-13,16.0,2.464,498.0,753.0
2003-01-14,19.0,2.281,450.0,925.0
2003-01-15,21.0,2.133,473.0,919.0
2003-01-16,27.0,1.964,410.0,825.0
2003-01-17,51.0,3.411,509.0,749.0
2003-01-18,30.0,23.579,643.0,1067.0
2003-01-19,27.0,28.479,581.0,1658.0
2003-01-20,25.0,11.798,534.0,1614.0
2003-01-21,23.0,10.117,526.0,1345.0
2003-01-22,22.0,7.799,462.0,1238.0
2003-01-23,21.0,6.318,490.0,1074.0
2003-01-24,54.0,3.635,492.0,942.0
2003-01-25,32.0,12.127,677.0,829.0
2003-01-26,60.0,21.243,1027.0,998.0
2003-01-27,30.0,51.271,1179.0,1476.0
2003-01-28,47.0,15.131,994.0,1731.0
2003-01-29,31.0,23.833,948.0,1799.0
2003-01-30,36.0,24.13,1012.0,2196.0
2003-01-31,23.0,15.146,909.0,2089.0
2003-02-01,17.0,8.03,836.0,1723.0
2003-02-02,17.0,4.525,725.0,1401.0
2003-02-03,16.0,3.139,661.0,1199.0
2003-02-04,16.0,2.806,507.0,992.0
2003-02-05,15.0,2.842,576.0,868.0
2003-02-06,14.0,2.626,486.0,814.0
2003-02-07,13.0,2.449,425.0,781.0
2003-02-08,12.0,2.314,331.0,651.0
2003-02-09,11.0,2.265,305.0,620.0
2003-02-10,10.0,2.182,292.0,526.0
2003-02-11,11.0,2.068,285.0,463.0
2003-02-12,10.0,2.012,271.0,484.0
2003-02-13,9.0,1.963,262.0,413.0
2003-02-14,10.0,1.923,254.0,401.0
2003-02-15,10.0,1.934,245.0,397.0
2003-02-16,10.0,2.001,237.0,385.0
2003-02-17,10.0,1.978,236.0,396.0
2003-02-18,10.0,1.978,241.0,452.0
2003-02-19,10.0,3.133,291.0,491.0
2003-02-20,10.0,2.958,319.0,494.0
2003-02-21,9.0,2.264,312.0,478.0
2003-02-22,8.0,2.032,299.0,514.0
2003-02-23,8.0,1.942,294.0,327.0
2003-02-24,8.0,1.871,282.0,408.0
2003-02-25,8.0,1.79,264.0,388.0
2003-02-26,7.0,1.741,241.0,380.0
2003-02-27,7.0,1.72,220.0,366.0
2003-02-28,9.0,1.654,192.0,335.0
2003-03-01,8.0,1.65,177.0,308.0
2003-03-02,9.0,1.649,166.0,301.0
2003-03-03,9.0,1.683,168.0,281.0
2003-03-04,9.0,1.845,170.0,279.0
2003-03-05,7.0,1.746,179.0,278.0
2003-03-06,8.0,1.65,182.0,296.0
2003-03-07,7.0,1.65,194.0,294.0
2003-03-08,9.0,1.668,252.0,262.0
2003-03-09,8.0,2.195,265.0,303.0
2003-03-10,8.0,2.383,279.0,416.0
2003-03-11,7.0,2.649,296.0,433.0
2003-03-12,9.0,2.363,301.0,455.0
2003-03-13,9.0,2.016,298.0,421.0
2003-03-14,14.0,2.273,282.0,508.0
2003-03-15,20.0,2.226,310.0,538.0
2003-03-16,31.0,2.14,324.0,800.0
2003-03-17,110.0,2.613,363.0,883.0
2003-03-18,34.0,55.559,438.0,1017.0
2003-03-19,28.0,19.22,454.0,1014.0
2003-03-20,41.0,9.463,458.0,919.0
2003-03-21,49.0,4.548,394.0,828.0
2003-03-22,34.0,20.711,390.0,852.0
2003-03-23,20.0,10.917,364.0,891.0
2003-03-24,19.0,4.765,355.0,799.0
2003-03-25,15.0,2.8,300.0,654.0
2003-03-26,15.0,2.509,292.0,544.0
2003-03-27,15.0,2.569,277.0,481.0
2003-03-28,12.0,2.435,256.0,447.0
2003-03-29,11.0,2.345,255.0,419.0
2003-03-30,11.0,2.248,248.0,416.0
2003-03-31,10.0,2.149,237.0,401.0
2003-04-01,11.0,2.068,220.0,401.0
2003-04-02,10.0,2.001,239.0,335.0
2003-04-03,11.0,1.985,210.0,314.0
2003-04-04,13.0,1.93,192.0,358.0
2003-04-05,13.0,1.963,174.0,381.0
2003-04-06,13.0,2.016,163.0,395.0
2003-04-07,13.0,2.177,276.0,458.0
2003-04-08,13.0,2.073,216.0,588.0
2003-04-09,10.0,2.003,214.0,511.0
2003-04-10,11.0,2.092,230.0,400.0
2003-04-11,9.0,2.236,240.0,420.0
2003-04-12,9.0,2.149,211.0,501.0
2003-04-13,8.0,2.023,197.0,434.0
2003-04-14,9.0,1.947,187.0,380.0
2003-04-15,8.0,1.875,178.0,358.0
2003-04-16,9.0,1.93,168.0,337.0
2003-04-17,8.0,1.863,166.0,316.0
2003-04-18,9.0,1.86,156.0,329.0
2003-04-19,8.0,1.842,156.0,303.0
2003-04-20,7.0,1.823,159.0,299.0
2003-04-21,7.0,1.813,160.0,285.0
2003-04-22,8.0,1.802,169.0,287.0
2003-04-23,7.0,1.724,170.0,305.0
2003-04-24,6.0,1.72,167.0,307.0
2003-04-25,6.0,1.711,164.0,296.0
2003-04-26,6.0,1.65,159.0,285.0
2003-04-27,6.0,1.689,149.0,279.0
2003-04-28,6.0,1.671,147.0,256.0
2003-04-29,8.0,1.65,145.0,262.0
2003-04-30,8.0,1.651,141.0,255.0
2003-05-01,12.0,1.651,143.0,248.0
2003-05-02,42.0,1.746,151.0,238.0
2003-05-03,3.0,4.723,160.0,233.0
2003-05-04,7.0,4.953,166.0,359.0
2003-05-05,7.0,2.149,180.0,261.0
2003-05-06,8.0,2.34,184.0,289.0
2003-05-07,7.0,2.128,183.0,318.0
2003-05-08,7.0,1.91,178.0,339.0
2003-05-09,6.0,1.746,164.0,319.0
2003-05-10,7.0,1.739,151.0,296.0
2003-05-11,7.0,1.782,142.0,270.0
2003-05-12,6.0,1.748,141.0,251.0
2003-05-13,6.0,1.72,134.0,263.0
2003-05-14,6.0,1.659,124.0,263.0
2003-05-15,6.0,1.65,117.0,258.0
2003-05-16,5.0,1.65,116.0,239.0
2003-05-17,6.0,1.6,115.0,244.0
2003-05-18,6.0,1.611,117.0,233.0
2003-05-19,5.0,1.592,124.0,230.0
2003-05-20,6.0,1.579,128.0,231.0
2003-05-21,6.0,1.579,131.0,241.0
2003-05-22,6.0,1.581,127.0,232.0
2003-05-23,6.0,1.584,126.0,240.0
2003-05-24,6.0,1.743,127.0,228.0
2003-05-25,5.0,1.684,125.0,235.0
2003-05-26,5.0,1.6,126.0,226.0
2003-05-27,5.0,1.52,126.0,219.0
2003-05-28,5.0,1.52,124.0,223.0
2003-05-29,5.0,1.54,121.0,221.0
2003-05-30,4.0,1.58,116.0,223.0
2003-05-31,5.0,1.58,113.0,222.0
2003-06-01,5.0,,108.0,221.0
2003-06-02,5.0,,104.0,209.0
2003-06-03,6.0,,106.0,215.0
2003-06-04,6.0,,105.0,209.0
2003-06-05,6.0,,114.0,209.0
2003-06-06,5.0,,115.0,215.0
2003-06-07,6.0,,124.0,214.0
2003-06-08,5.0,,123.0,220.0
2003-06-09,5.0,,121.0,241.0
2003-06-10,5.0,,120.0,224.0
2003-06-11,6.0,,121.0,258.0
2003-06-12,4.0,,119.0,237.0
2003-06-13,4.0,,116.0,231.0
2003-06-14,4.0,,115.0,217.0
2003-06-15,3.0,,114.0,217.0
2003-06-16,4.0,,114.0,204.0
2003-06-17,4.0,,114.0,205.0
2003-06-18,4.0,,111.0,209.0
2003-06-19,4.0,,115.0,208.0
2003-06-20,5.0,,108.0,205.0
2003-06-21,4.0,,108.0,201.0
2003-06-22,4.0,,90.0,217.0
2003-06-23,4.0,,88.0,192.0
2003-06-24,4.0,,86.0,196.0
2003-06-25,3.0,,80.0,192.0
2003-06-26,3.0,,88.0,182.0
2003-06-27,4.0,,91.0,184.0
2003-06-28,3.0,,95.0,185.0
2003-06-29,3.0,,86.0,195.0
2003-06-30,4.0,,96.0,173.0
2003-07-01,4.0,,88.0,186.0
2003-07-02,5.0,,87.0,183.0
2003-07-03,4.0,,81.0,183.0
2003-07-04,4.0,,77.0,185.0
2003-07-05,3.0,,84.0,174.0
2003-07-06,3.0,,93.0,173.0
2003-07-07,3.0,,100.0,168.0
2003-07-08,4.0,,97.0,178.0
2003-07-09,5.0,,95.0,173.0
2003-07-10,6.0,,95.0,169.0
2003-07-11,5.0,,91.0,181.0
2003-07-12,5.0,,91.0,187.0
2003-07-13,5.0,,113.0,198.0
2003-07-14,5.0,,134.0,244.0
2003-07-15,4.0,,138.0,258.0
2003-07-16,5.0,,139.0,256.0
2003-07-17,4.0,,136.0,225.0
2003-07-18,4.0,,118.0,232.0
2003-07-19,3.0,,105.0,210.0
2003-07-20,3.0,,102.0,193.0
2003-07-21,3.0,,103.0,185.0
2003-07-22,3.0,,95.0,198.0
2003-07-23,3.0,,95.0,171.0
2003-07-24,3.0,,89.0,181.0
2003-07-25,3.0,,90.0,170.0
2003-07-26,3.0,,87.0,208.0
2003-07-27,3.0,,88.0,170.0
2003-07-28,3.0,,89.0,166.0
2003-07-29,3.0,,83.0,177.0
2003-07-30,4.0,,84.0,173.0
2003-07-31,4.0,,88.0,174.0
2003-08-01,3.0,,86.0,176.0
2003-08-02,3.0,,90.0,174.0
2003-08-03,3.0,,90.0,177.0
2003-08-04,3.0,,91.0,163.0
2003-08-05,2.0,,88.0,179.0
2003-08-06,4.0,,88.0,175.0
2003-08-07,4.0,,90.0,166.0
2003-08-08,4.0,,90.0,169.0
2003-08-09,3.0,,91.0,170.0
2003-08-10,4.0,,88.0,171.0
2003-08-11,3.0,,93.0,151.0
2003-08-12,3.0,,94.0,173.0
2003-08-13,4.0,,93.0,180.0
2003-08-14,5.0,,92.0,171.0
2003-08-15,5.0,,91.0,165.0
2003-08-16,4.0,,84.0,179.0
2003-08-17,4.0,,82.0,188.0
2003-08-18,3.0,,86.0,180.0
2003-08-19,3.0,,82.0,184.0
2003-08-20,2.0,,83.0,175.0
2003-08-21,3.0,,79.0,169.0
2003-08-22,3.0,,78.0,163.0
2003-08-23,5.0,,72.0,157.0
2003-08-24,5.0,,73.0,150.0
2003-08-25,6.0,,68.0,149.0
2003-08-26,8.0,,71.0,167.0
2003-08-27,9.0,,77.0,193.0
2003-08-28,7.0,,91.0,231.0
2003-08-29,7.0,,91.0,222.0
2003-08-30,7.0,,92.0,227.0
2003-08-31,6.0,,94.0,224.0
2003-09-01,4.0,,96.0,213.0
2003-09-02,4.0,,90.0,215.0
2003-09-03,3.0,,95.0,187.0
2003-09-04,3.0,,97.0,194.0
2003-09-05,3.0,,101.0,182.0
2003-09-06,3.0,,97.0,184.0
2003-09-07,3.0,,94.0,178.0
2003-09-08,3.0,,88.0,170.0
2003-09-09,4.0,,83.0,163.0
2003-09-10,5.0,,81.0,167.0
2003-09-11,7.0,,75.0,159.0
2003-09-12,7.0,,77.0,149.0
2003-09-13,9.0,,83.0,153.0
2003-09-14,8.0,,92.0,152.0
2003-09-15,8.0,,95.0,180.0
2003-09-16,7.0,,101.0,199.0
2003-09-17,7.0,,101.0,214.0
2003-09-18,4.0,,102.0,224.0
2003-09-19,5.0,,102.0,199.0
2003-09-20,4.0,,100.0,195.0
2003-09-21,3.0,,100.0,177.0
2003-09-22,3.0,,93.0,175.0
2003-09-23,4.0,,90.0,142.0
2003-09-24,4.0,,82.0,157.0
2003-09-25,3.0,,77.0,162.0
2003-09-26,3.0,,73.0,150.0
2003-09-27,3.0,,73.0,142.0
2003-09-28,4.0,,82.0,136.0
2003-09-29,4.0,,81.0,142.0
2003-09-30,4.0,,81.0,154.0
2003-10-01,4.0,,68.0,191.0
2003-10-02,3.0,,72.0,188.0
2003-10-03,3.0,,61.0,180.0
2003-10-04,4.0,,61.0,156.0
2003-10-05,8.0,,64.0,144.0
2003-10-06,9.0,,74.0,123.0
2003-10-07,11.0,,86.0,134.0
2003-10-08,14.0,,101.0,163.0
2003-10-09,17.0,,136.0,230.0
2003-10-10,17.0,,151.0,322.0
2003-10-11,18.0,,175.0,282.0
2003-10-12,18.0,,249.0,313.0
2003-10-13,16.0,,254.0,441.0
2003-10-14,12.0,,262.0,426.0
2003-10-15,9.0,,330.0,365.0
2003-10-16,6.0,,291.0,386.0
2003-10-17,5.0,,224.0,344.0
2003-10-18,4.0,,182.0,268.0
2003-10-19,4.0,,155.0,225.0
2003-10-20,8.0,,133.0,201.0
2003-10-21,10.0,,123.0,185.0
2003-10-22,9.0,,125.0,170.0
2003-10-23,10.0,,176.0,156.0
2003-10-24,9.0,,254.0,222.0
2003-10-25,5.0,,166.0,390.0
2003-10-26,5.0,,134.0,375.0
2003-10-27,6.0,,122.0,245.0
2003-10-28,6.0,,127.0,204.0
2003-10-29,8.0,,151.0,181.0
2003-10-30,13.0,,229.0,182.0
2003-10-31,16.0,,232.0,278.0
2003-11-01,30.0,,255.0,302.0
2003-11-02,69.0,,248.0,296.0
2003-11-03,17.0,,251.0,382.0
2003-11-04,13.0,,302.0,482.0
2003-11-05,16.0,,258.0,413.0
2003-11-06,15.0,,226.0,317.0
2003-11-07,15.0,,251.0,271.0
2003-11-08,14.0,,276.0,363.0
2003-11-09,12.0,,216.0,542.0
2003-11-10,8.0,,216.0,460.0
2003-11-11,7.0,,202.0,353.0
2003-11-12,8.0,,191.0,288.0
2003-11-13,7.0,,172.0,258.0
2003-11-14,6.0,,149.0,270.0
2003-11-15,6.0,,134.0,258.0
2003-11-16,6.0,,132.0,213.0
2003-11-17,5.0,,128.0,193.0
2003-11-18,6.0,,129.0,203.0
2003-11-19,7.0,,143.0,202.0
2003-11-20,8.0,,165.0,259.0
2003-11-21,7.0,,184.0,170.0
2003-11-22,10.0,,188.0,563.0
2003-11-23,11.0,,178.0,400.0
2003-11-24,14.0,,155.0,334.0
2003-11-25,17.0,,137.0,286.0
2003-11-26,22.0,,137.0,230.0
2003-11-27,19.0,,144.0,236.0
2003-11-28,136.0,,152.0,304.0
2003-11-29,25.0,,397.0,244.0
2003-11-30,21.0,,392.0,1301.0
2003-12-01,18.0,,260.0,1108.0
2003-12-02,15.0,,310.0,770.0
2003-12-03,14.0,,298.0,811.0
2003-12-04,13.0,,323.0,791.0
2003-12-05,14.0,,388.0,765.0
2003-12-06,12.0,,303.0,798.0
2003-12-07,11.0,,283.0,765.0
2003-12-08,10.0,,253.0,644.0
2003-12-09,11.0,,241.0,586.0
2003-12-10,10.0,,213.0,608.0
2003-12-11,10.0,,196.0,505.0
2003-12-12,10.0,,183.0,403.0
2003-12-13,10.0,,170.0,391.0
2003-12-14,9.0,,158.0,362.0
2003-12-15,10.0,,148.0,288.0
2003-12-16,9.0,,139.0,292.0
2003-12-17,9.0,,133.0,291.0
2003-12-18,9.0,,131.0,273.0
2003-12-19,11.0,,147.0,254.0
2003-12-20,11.0,,164.0,254.0
2003-12-21,14.0,,185.0,268.0
2003-12-22,13.0,,231.0,244.0
2003-12-23,71.0,,205.0,394.0
2003-12-24,42.0,,247.0,294.0
2003-12-25,19.0,,273.0,496.0
2003-12-26,15.0,,283.0,656.0
2003-12-27,14.0,,289.0,591.0
2003-12-28,13.0,,275.0,562.0
2003-12-29,11.0,,298.0,519.0
2003-12-30,12.0,,267.0,460.0
2003-12-31,20.0,,253.0,442.0
2004-01-01,37.0,,344.0,502.0
2004-01-02,16.0,,367.0,659.0
2004-01-03,15.0,,310.0,966.0
2004-01-04,14.0,,291.0,701.0
2004-01-05,13.0,,282.0,602.0
2004-01-06,12.0,,262.0,527.0
2004-01-07,45.0,,238.0,474.0
2004-01-08,103.0,,242.0,364.0
2004-01-09,44.0,,319.0,577.0
2004-01-10,20.0,,468.0,1203.0
2004-01-11,18.0,,430.0,1183.0
2004-01-12,17.0,,416.0,996.0
2004-01-13,17.0,,405.0,959.0
2004-01-14,22.0,,420.0,1003.0
2004-01-15,29.0,,540.0,1553.0
2004-01-16,35.0,,589.0,1513.0
2004-01-17,18.0,,440.0,1399.0
2004-01-18,15.0,,402.0,1014.0
2004-01-19,15.0,,361.0,820.0
2004-01-20,14.0,,300.0,656.0
2004-01-21,14.0,,264.0,569.0
2004-01-22,12.0,,238.0,508.0
2004-01-23,12.0,,222.0,490.0
2004-01-24,12.0,,227.0,454.0
2004-01-25,11.0,,239.0,434.0
2004-01-26,10.0,,247.0,403.0
2004-01-27,10.0,,280.0,391.0
2004-01-28,10.0,,335.0,401.0
2004-01-29,9.0,,324.0,455.0
2004-01-30,8.0,,276.0,448.0
2004-01-31,8.0,,266.0,378.0
2004-02-01,9.0,,247.0,355.0
2004-02-02,10.0,,235.0,344.0
2004-02-03,11.0,,219.0,356.0
2004-02-04,13.0,,227.0,345.0
2004-02-05,31.0,,235.0,331.0
2004-02-06,86.0,,227.0,351.0
2004-02-07,39.0,,442.0,651.0
2004-02-08,17.0,,396.0,1049.0
2004-02-09,15.0,,387.0,791.0
2004-02-10,15.0,,407.0,632.0
2004-02-11,14.0,,384.0,624.0
2004-02-12,14.0,,342.0,683.0
2004-02-13,14.0,,314.0,661.0
2004-02-14,26.0,,289.0,691.0
2004-02-15,31.0,,289.0,628.0
2004-02-16,38.0,,295.0,994.0
2004-02-17,12.0,,386.0,841.0
2004-02-18,30.0,,311.0,933.0
2004-02-19,85.0,,303.0,699.0
2004-02-20,33.0,,439.0,648.0
2004-02-21,55.0,,466.0,827.0
2004-02-22,65.0,,527.0,892.0
2004-02-23,38.0,,593.0,969.0
2004-02-24,34.0,,835.0,1062.0
2004-02-25,39.0,,851.0,1589.0
2004-02-26,25.0,,1125.0,1802.0
2004-02-27,31.0,,1311.0,2222.0
2004-02-28,18.0,,1131.0,2264.0
2004-02-29,17.0,,1014.0,1829.0
2004-03-01,16.0,,834.0,1613.0
2004-03-02,16.0,,761.0,1417.0
2004-03-03,14.0,,721.0,1323.0
2004-03-04,12.0,,466.0,1136.0
2004-03-05,10.0,,590.0,1041.0
2004-03-06,7.0,,560.0,1133.0
2004-03-07,5.0,,478.0,1066.0
2004-03-08,5.0,,450.0,930.0
2004-03-09,5.0,,473.0,831.0
2004-03-10,5.0,,482.0,827.0
2004-03-11,4.0,,439.0,827.0
2004-03-12,6.0,,385.0,831.0
2004-03-13,5.0,,363.0,731.0
2004-03-14,5.0,,317.0,637.0
2004-03-15,8.0,,315.0,565.0
2004-03-16,10.0,,340.0,764.0
2004-03-17,11.0,,321.0,775.0
2004-03-18,14.0,,322.0,610.0
2004-03-19,14.0,,310.0,606.0
2004-03-20,13.0,,290.0,627.0
2004-03-21,13.0,,292.0,803.0
2004-03-22,12.0,,305.0,699.0
2004-03-23,12.0,,289.0,610.0
2004-03-24,12.0,,264.0,562.0
2004-03-25,11.0,,249.0,511.0
2004-03-26,51.0,,227.0,500.0
2004-03-27,12.0,,336.0,402.0
2004-03-28,16.0,,341.0,622.0
2004-03-29,15.0,,329.0,672.0
2004-03-30,15.0,,307.0,615.0
2004-03-31,14.0,,328.0,631.0
2004-04-01,15.0,,300.0,673.0
2004-04-02,18.0,,338.0,665.0
2004-04-03,26.0,,299.0,627.0
2004-04-04,25.0,,308.0,572.0
2004-04-05,20.0,,344.0,578.0
2004-04-06,24.0,,376.0,659.0
2004-04-07,13.0,,597.0,847.0
2004-04-08,17.0,,501.0,1060.0
2004-04-09,28.0,,403.0,958.0
2004-04-10,20.0,,482.0,956.0
2004-04-11,24.0,,525.0,1065.0
2004-04-12,17.0,,403.0,985.0
2004-04-13,17.0,,355.0,799.0
2004-04-14,17.0,,352.0,777.0
2004-04-15,17.0,,318.0,743.0
2004-04-16,22.0,,303.0,637.0
2004-04-17,18.0,,323.0,584.0
2004-04-18,16.0,,320.0,612.0
2004-04-19,34.0,,348.0,623.0
2004-04-20,30.0,,375.0,593.0
2004-04-21,20.0,,522.0,710.0
2004-04-22,16.0,,460.0,1077.0
2004-04-23,15.0,,428.0,938.0
2004-04-24,25.0,,365.0,773.0
2004-04-25,27.0,,352.0,652.0
2004-04-26,27.0,,399.0,646.0
2004-04-27,8.0,,426.0,719.0
2004-04-28,11.0,,339.0,810.0
2004-04-29,12.0,,302.0,627.0
2004-04-30,12.0,,283.0,564.0
2004-05-01,13.0,,260.0,523.0
2004-05-02,14.0,,239.0,493.0
2004-05-03,14.0,,238.0,467.0
2004-05-04,15.0,,244.0,448.0
2004-05-05,16.0,,293.0,444.0
2004-05-06,15.0,,318.0,461.0
2004-05-07,13.0,,262.0,508.0
2004-05-08,12.0,,326.0,503.0
2004-05-09,11.0,,301.0,514.0
2004-05-10,10.0,,258.0,479.0
2004-05-11,11.0,,258.0,475.0
2004-05-12,13.0,,244.0,431.0
2004-05-13,14.0,,244.0,393.0
2004-05-14,14.0,,227.0,437.0
2004-05-15,14.0,,245.0,395.0
2004-05-16,14.0,,354.0,484.0
2004-05-17,13.0,,329.0,637.0
2004-05-18,12.0,,254.0,584.0
2004-05-19,13.0,,260.0,501.0
2004-05-20,14.0,,253.0,458.0
2004-05-21,13.0,,250.0,387.0
2004-05-22,12.0,,241.0,467.0
2004-05-23,12.0,,227.0,435.0
2004-05-24,10.0,,227.0,421.0
2004-05-25,10.0,,235.0,406.0
2004-05-26,10.0,,244.0,397.0
2004-05-27,10.0,,255.0,396.0
2004-05-28,9.0,,279.0,401.0
2004-05-29,10.0,,279.0,439.0
2004-05-30,10.0,,281.0,420.0
2004-05-31,10.0,,267.0,423.0
2004-06-01,11.0,,261.0,422.0
2004-06-02,11.0,,273.0,433.0
2004-06-03,46.0,,333.0,468.0
2004-06-04,20.0,,438.0,462.0
2004-06-05,17.0,,514.0,678.0
2004-06-06,16.0,,465.0,760.0
2004-06-07,13.0,,459.0,662.0
2004-06-08,12.0,,449.0,658.0
2004-06-09,12.0,,407.0,619.0
2004-06-10,12.0,,360.0,572.0
2004-06-11,11.0,,298.0,500.0
2004-06-12,12.0,,265.0,428.0
2004-06-13,12.0,,248.0,406.0
2004-06-14,11.0,,232.0,384.0
2004-06-15,9.0,,232.0,380.0
2004-06-16,9.0,,228.0,383.0
2004-06-17,9.0,,229.0,373.0
2004-06-18,8.0,,223.0,390.0
2004-06-19,9.0,,213.0,385.0
2004-06-20,9.0,,205.0,365.0
2004-06-21,7.0,,201.0,350.0
2004-06-22,7.0,,189.0,349.0
2004-06-23,7.0,,189.0,339.0
2004-06-24,7.0,,185.0,331.0
2004-06-25,7.0,,180.0,327.0
2004-06-26,8.0,,176.0,325.0
2004-06-27,7.0,,181.0,318.0
2004-06-28,7.0,,174.0,321.0
2004-06-29,7.0,,175.0,318.0
2004-06-30,6.0,,173.0,315.0
2004-07-01,6.0,,173.0,311.0
2004-07-02,7.0,,167.0,315.0
2004-07-03,9.0,,170.0,304.0
2004-07-04,8.0,,168.0,302.0
2004-07-05,9.0,,168.0,299.0
2004-07-06,10.0,,162.0,309.0
2004-07-07,10.0,,163.0,300.0
2004-07-08,9.0,,161.0,302.0
2004-07-09,10.0,,160.0,302.0
2004-07-10,10.0,,169.0,324.0
2004-07-11,9.0,,184.0,376.0
2004-07-12,8.0,,201.0,355.0
2004-07-13,7.0,,210.0,357.0
2004-07-14,8.0,,212.0,356.0
2004-07-15,9.0,,210.0,343.0
2004-07-16,16.0,,200.0,328.0
2004-07-17,23.0,,197.0,306.0
2004-07-18,22.0,,210.0,177.0
2004-07-19,40.0,,234.0,351.0
2004-07-20,22.0,,282.0,346.0
2004-07-21,19.0,,477.0,491.0
2004-07-22,15.0,,368.0,692.0
2004-07-23,14.0,,385.0,610.0
2004-07-24,12.0,,433.0,561.0
2004-07-25,10.0,,369.0,590.0
2004-07-26,10.0,,320.0,483.0
2004-07-27,10.0,,271.0,408.0
2004-07-28,9.0,,238.0,367.0
2004-07-29,9.0,,214.0,354.0
2004-07-30,9.0,,199.0,323.0
2004-07-31,7.0,,188.0,313.0
2004-08-01,7.0,,180.0,297.0
2004-08-02,7.0,,174.0,315.0
2004-08-03,6.0,,168.0,294.0
2004-08-04,6.0,,168.0,295.0
2004-08-05,6.0,,165.0,281.0
2004-08-06,7.0,,157.0,291.0
2004-08-07,7.0,,154.0,278.0
2004-08-08,7.0,,154.0,277.0
2004-08-09,7.0,,156.0,260.0
2004-08-10,7.0,,150.0,273.0
2004-08-11,6.0,,151.0,269.0
2004-08-12,6.0,,146.0,265.0
2004-08-13,6.0,,149.0,256.0
2004-08-14,6.0,,143.0,263.0
2004-08-15,6.0,,134.0,263.0
2004-08-16,5.0,,141.0,291.0
2004-08-17,5.0,,138.0,258.0
2004-08-18,6.0,,131.0,267.0
2004-08-19,5.0,,120.0,264.0
2004-08-20,5.0,,125.0,243.0
2004-08-21,5.0,,129.0,240.0
2004-08-22,4.0,,131.0,239.0
2004-08-23,4.0,,129.0,230.0
2004-08-24,5.0,,122.0,242.0
2004-08-25,5.0,,124.0,235.0
2004-08-26,6.0,,122.0,229.0
2004-08-27,6.0,,124.0,241.0
2004-08-28,5.0,,131.0,239.0
2004-08-29,5.0,,136.0,227.0
2004-08-30,4.0,,132.0,231.0
2004-08-31,4.0,,126.0,252.0
2004-09-01,4.0,,121.0,222.0
2004-09-02,4.0,,121.0,231.0
2004-09-03,4.0,,121.0,250.0
2004-09-04,4.0,,122.0,177.0
2004-09-05,4.0,,120.0,216.0
2004-09-06,3.0,,113.0,213.0
2004-09-07,3.0,,107.0,217.0
2004-09-08,3.0,,106.0,213.0
2004-09-09,3.0,,106.0,207.0
2004-09-10,4.0,,107.0,201.0
2004-09-11,4.0,,98.0,205.0
2004-09-12,4.0,,96.0,190.0
2004-09-13,4.0,,92.0,195.0
2004-09-14,4.0,,99.0,189.0
2004-09-15,4.0,,103.0,195.0
2004-09-16,4.0,,110.0,196.0
2004-09-17,4.0,,107.0,198.0
2004-09-18,4.0,,113.0,199.0
2004-09-19,5.0,,117.0,206.0
2004-09-20,4.0,,124.0,215.0
2004-09-21,4.0,,133.0,222.0
2004-09-22,4.0,,139.0,188.0
2004-09-23,4.0,,138.0,251.0
2004-09-24,3.0,,130.0,213.0
2004-09-25,3.0,,124.0,208.0
2004-09-26,4.0,,110.0,209.0
2004-09-27,3.0,,100.0,185.0
2004-09-28,4.0,,99.0,161.0
2004-09-29,5.0,,95.0,197.0
2004-09-30,8.0,,95.0,192.0
2004-10-01,9.0,,109.0,148.0
2004-10-02,9.0,,129.0,178.0
2004-10-03,10.0,,151.0,194.0
2004-10-04,9.0,,176.0,306.0
2004-10-05,7.0,,198.0,492.0
2004-10-06,7.0,,200.0,473.0
2004-10-07,6.0,,181.0,340.0
2004-10-08,6.0,,171.0,289.0
2004-10-09,5.0,,148.0,261.0
2004-10-10,5.0,,137.0,251.0
2004-10-11,5.0,,121.0,226.0
2004-10-12,5.0,,119.0,213.0
2004-10-13,5.0,,133.0,173.0
2004-10-14,5.0,,141.0,245.0
2004-10-15,5.0,,164.0,214.0
2004-10-16,5.0,,178.0,265.0
2004-10-17,7.0,,192.0,311.0
2004-10-18,7.0,,184.0,260.0
2004-10-19,8.0,,200.0,271.0
2004-10-20,8.0,,212.0,263.0
2004-10-21,9.0,,220.0,255.0
2004-10-22,6.0,,217.0,302.0
2004-10-23,5.0,,216.0,290.0
2004-10-24,5.0,,198.0,280.0
2004-10-25,6.0,,193.0,241.0
2004-10-26,4.0,,188.0,298.0
2004-10-27,5.0,,196.0,407.0
2004-10-28,5.0,,187.0,358.0
2004-10-29,5.0,,184.0,329.0
2004-10-30,4.0,,177.0,278.0
2004-10-31,4.0,,165.0,267.0
2004-11-01,5.0,,147.0,228.0
2004-11-02,6.0,,137.0,281.0
2004-11-03,7.0,,139.0,273.0
2004-11-04,9.0,,138.0,284.0
2004-11-05,7.0,,149.0,266.0
2004-11-06,35.0,,159.0,181.0
2004-11-07,13.0,,187.0,234.0
2004-11-08,9.0,,229.0,474.0
2004-11-09,8.0,,309.0,465.0
2004-11-10,6.0,,292.0,455.0
2004-11-11,6.0,,412.0,391.0
2004-11-12,5.0,,264.0,465.0
2004-11-13,7.0,,205.0,327.0
2004-11-14,8.0,,174.0,260.0
2004-11-15,9.0,,160.0,225.0
2004-11-16,10.0,,163.0,204.0
2004-11-17,10.0,,183.0,229.0
2004-11-18,10.0,,199.0,327.0
2004-11-19,8.0,,302.0,457.0
2004-11-20,7.0,,336.0,680.0
2004-11-21,6.0,,322.0,627.0
2004-11-22,5.0,,257.0,473.0
2004-11-23,4.0,,228.0,376.0
2004-11-24,5.0,,199.0,328.0
2004-11-25,5.0,,178.0,289.0
2004-11-26,5.0,,158.0,270.0
2004-11-27,7.0,,146.0,249.0
2004-11-28,38.0,,139.0,229.0
2004-11-29,12.0,,267.0,172.0
2004-11-30,8.0,,359.0,703.0
2004-12-01,10.0,,270.0,781.0
2004-12-02,9.0,,248.0,536.0
2004-12-03,10.0,,290.0,422.0
2004-12-04,11.0,,290.0,411.0
2004-12-05,11.0,,254.0,477.0
2004-12-06,11.0,,251.0,616.0
2004-12-07,12.0,,273.0,549.0
2004-12-08,18.0,,315.0,828.0
2004-12-09,25.0,,248.0,906.0
2004-12-10,17.0,,370.0,763.0
2004-12-11,16.0,,419.0,906.0
2004-12-12,13.0,,447.0,923.0
2004-12-13,11.0,,354.0,903.0
2004-12-14,8.0,,294.0,708.0
2004-12-15,8.0,,251.0,562.0
2004-12-16,7.0,,227.0,463.0
2004-12-17,9.0,,227.0,381.0
2004-12-18,10.0,,236.0,388.0
2004-12-19,14.0,,265.0,575.0
2004-12-20,41.0,,285.0,608.0
2004-12-21,55.0,,293.0,704.0
2004-12-22,58.0,,333.0,752.0
2004-12-23,50.0,,393.0,846.0
2004-12-24,28.0,,523.0,1387.0
2004-12-25,20.0,,489.0,1634.0
2004-12-26,17.0,,416.0,1273.0
2004-12-27,15.0,,411.0,1100.0
2004-12-28,13.0,,361.0,875.0
2004-12-29,10.0,,317.0,792.0
2004-12-30,8.0,,351.0,657.0
2004-12-31,10.7,,338.0,675.0
2005-01-01,11.2,,309.8,847.5
2005-01-02,12.5,,297.7,803.6
2005-01-03,11.6,,287.1,764.3
2005-01-04,14.4,,280.3,697.7
2005-01-05,13.7,,287.5,666.3
2005-01-06,14.1,,312.0,656.4
2005-01-07,18.7,,347.5,695.5
2005-01-08,14.9,,374.0,800.7
2005-01-09,12.1,,396.5,967.3
2005-01-10,41.8,,433.3,1068.0
2005-01-11,67.5,,459.8,1099.2
2005-01-12,36.7,,453.9,1103.7
2005-01-13,16.6,,451.8,1084.3
2005-01-14,12.9,,448.7,1054.2
2005-01-15,12.6,,438.8,973.9
2005-01-16,13.4,,464.1,901.7
2005-01-17,14.9,,605.3,874.8
2005-01-18,13.9,,708.8,1078.0
2005-01-19,13.5,,771.5,1427.6
2005-01-20,13.3,,814.1,1720.5
2005-01-21,13.2,,851.1,1752.7
2005-01-22,24.1,,766.9,1628.2
2005-01-23,16.4,,727.1,1501.4
2005-01-24,20.3,,762.0,1529.2
2005-01-25,51.3,,851.2,1586.7
2005-01-26,49.0,,871.0,1656.8
2005-01-27,21.8,,897.1,1723.1
2005-01-28,20.2,,941.5,1797.6
2005-01-29,21.1,,944.1,1789.1
2005-01-30,17.9,,886.9,1693.4
2005-01-31,38.7,,849.2,1605.9
2005-02-01,19.2,,811.2,1595.7
2005-02-02,27.0,,823.0,1581.3
2005-02-03,43.2,,932.6,1610.2
2005-02-04,33.4,,1010.6,1748.2
2005-02-05,35.4,,1042.6,1978.5
2005-02-06,23.6,,1055.0,2153.8
2005-02-07,19.7,,984.0,2129.6
2005-02-08,18.6,,822.1,1921.6
2005-02-09,26.7,,689.0,1648.5
2005-02-10,18.3,,596.4,1450.9
2005-02-11,21.2,,525.1,1321.1
2005-02-12,18.5,,484.9,1220.5
2005-02-13,16.8,,456.4,1160.2
2005-02-14,16.2,,443.6,1127.6
2005-02-15,15.3,,440.6,1106.8
2005-02-16,15.5,,452.3,1072.2
2005-02-17,14.2,,444.3,1010.5
2005-02-18,13.8,,429.4,976.4
2005-02-19,13.8,,412.1,997.8
2005-02-20,13.8,,390.7,1015.3
2005-02-21,12.7,,358.9,981.8
2005-02-22,12.2,,336.6,900.1
2005-02-23,12.3,,327.4,812.0
2005-02-24,12.8,,332.2,760.0
2005-02-25,14.7,,343.8,755.8
2005-02-26,12.5,,362.4,792.2
2005-02-27,12.7,,389.3,836.4
2005-02-28,12.7,,404.6,862.2
2005-03-01,26.2,,412.9,865.6
2005-03-02,30.5,,423.0,896.5
2005-03-03,33.5,,429.2,1058.2
2005-03-04,16.6,,437.9,1279.6
2005-03-05,15.3,,444.8,1441.4
2005-03-06,12.8,,442.5,1369.6
2005-03-07,13.1,,427.6,1189.6
2005-03-08,12.3,,407.8,1045.7
2005-03-09,11.7,,371.1,933.3
2005-03-10,12.3,,341.6,871.8
2005-03-11,10.9,,314.5,843.3
2005-03-12,10.5,,293.3,817.7
2005-03-13,10.2,,275.0,770.9
2005-03-14,10.0,,260.6,723.1
2005-03-15,9.8,,252.5,670.0
2005-03-16,9.7,,255.9,643.1
2005-03-17,26.9,,275.2,643.5
2005-03-18,28.7,,303.5,667.8
2005-03-19,8.6,,340.9,734.2
2005-03-20,14.0,,379.5,836.3
2005-03-21,27.4,,407.8,925.8
2005-03-22,11.3,,418.0,978.2
2005-03-23,19.8,,420.2,978.8
2005-03-24,35.3,,426.7,984.5
2005-03-25,33.1,,439.9,1015.3
2005-03-26,14.7,,455.1,1057.4
2005-03-27,13.4,,473.8,1053.3
2005-03-28,13.2,,489.2,996.8
2005-03-29,13.6,,479.3,952.1
2005-03-30,12.5,,451.9,933.4
2005-03-31,12.0,,423.1,919.6
2005-04-01,11.5,,392.5,893.0
2005-04-02,11.3,,359.1,848.0
2005-04-03,11.0,,397.6,793.2
2005-04-04,25.3,,429.8,778.9
2005-04-05,24.9,,451.4,856.8
2005-04-06,12.3,,482.0,1021.3
2005-04-07,12.0,,537.6,1114.2
2005-04-08,11.6,,534.4,1093.5
2005-04-09,11.3,,531.6,974.8
2005-04-10,11.0,,530.6,922.3
2005-04-11,10.5,,514.3,911.5
2005-04-12,10.4,,469.6,891.2
2005-04-13,9.9,,411.4,842.6
2005-04-14,9.7,,360.2,786.2
2005-04-15,9.5,,322.0,733.3
2005-04-16,11.5,,289.3,687.9
2005-04-17,10.9,,267.8,649.4
2005-04-18,9.7,,257.4,619.7
2005-04-19,9.4,,257.6,599.6
2005-04-20,8.7,,259.3,582.0
2005-04-21,7.9,,267.8,582.5
2005-04-22,8.1,,290.7,609.1
2005-04-23,7.2,,303.4,652.1
2005-04-24,9.7,,330.0,677.8
2005-04-25,42.8,,356.9,703.1
2005-04-26,22.0,,368.3,744.5
2005-04-27,19.0,,361.2,807.0
2005-04-28,18.1,,355.4,832.1
2005-04-29,22.5,,333.5,812.8
2005-04-30,28.6,,306.6,762.3
2005-05-01,27.3,,293.1,734.1
2005-05-02,20.4,,281.5,718.1
2005-05-03,18.9,,274.1,685.8
2005-05-04,17.6,,263.0,644.8
2005-05-05,16.6,,255.7,615.0
2005-05-06,16.2,,249.2,594.1
2005-05-07,15.5,,243.9,578.6
2005-05-08,16.8,,237.1,565.8
2005-05-09,15.9,,233.9,556.2
2005-05-10,15.1,,228.5,556.3
2005-05-11,14.5,,225.8,555.1
2005-05-12,14.1,,216.2,547.1
2005-05-13,13.8,,216.3,529.4
2005-05-14,13.5,,208.6,516.1
2005-05-15,13.2,,211.7,501.4
2005-05-16,13.1,,206.1,492.8
2005-05-17,12.8,,200.9,488.9
2005-05-18,12.5,,188.7,487.4
2005-05-19,12.3,,190.0,478.2
2005-05-20,12.2,,185.7,471.3
2005-05-21,14.8,,189.9,462.9
2005-05-22,16.4,,200.1,462.5
2005-05-23,14.2,,227.7,478.9
2005-05-24,22.6,,281.5,525.6
2005-05-25,20.2,,330.3,607.3
2005-05-26,14.6,,384.1,707.6
2005-05-27,13.2,,446.6,797.6
2005-05-28,12.7,,495.6,823.0
2005-05-29,12.4,,497.8,781.5
2005-05-30,12.2,,473.3,740.2
2005-05-31,11.9,,429.9,729.5
2005-06-01,11.9,,377.9,720.0
2005-06-02,11.6,,330.9,700.4
2005-06-03,11.6,,290.8,664.9
2005-06-04,11.3,,262.8,623.9
2005-06-05,11.2,,242.0,587.6
2005-06-06,11.0,,227.4,555.7
2005-06-07,11.3,,215.5,526.9
2005-06-08,11.0,,205.5,506.2
2005-06-09,10.9,,198.5,492.2
2005-06-10,10.9,,189.6,480.7
2005-06-11,10.8,,185.8,470.9
2005-06-12,10.7,,182.8,459.6
2005-06-13,10.7,,182.0,451.2
2005-06-14,10.5,,178.1,445.0
2005-06-15,10.6,,176.3,440.3
2005-06-16,10.3,,172.3,438.3
2005-06-17,10.3,,174.1,434.3
2005-06-18,10.4,,175.1,432.0
2005-06-19,10.7,,174.4,432.1
2005-06-20,28.1,,178.1,435.0
2005-06-21,20.5,,187.3,449.9
2005-06-22,17.7,,191.5,480.6
2005-06-23,12.6,,194.5,510.0
2005-06-24,12.3,,204.4,516.6
2005-06-25,12.0,,205.3,504.5
2005-06-26,11.6,,200.5,486.8
2005-06-27,11.4,,195.2,472.7
2005-06-28,11.3,,190.9,460.0
2005-06-29,11.1,,183.6,448.5
2005-06-30,10.7,,182.3,438.4
2005-07-01,10.7,,180.2,433.8
2005-07-02,10.5,,181.3,430.7
2005-07-03,10.3,,181.8,428.0
2005-07-04,9.6,,178.2,423.4
2005-07-05,10.1,,175.7,419.1
2005-07-06,32.1,,175.9,416.1
2005-07-07,18.1,,177.2,422.6
2005-07-08,14.5,,175.2,445.6
2005-07-09,11.7,,180.1,468.4
2005-07-10,10.8,,181.3,472.8
2005-07-11,10.1,,180.2,461.9
2005-07-12,9.7,,179.1,450.4
2005-07-13,9.5,,178.2,441.7
2005-07-14,4.5,,175.8,433.2
2005-07-15,4.4,,171.7,424.5
2005-07-16,5.1,,167.4,416.4
2005-07-17,5.0,,166.2,407.5
2005-07-18,5.7,,168.7,400.4
2005-07-19,9.3,,172.8,401.2
2005-07-20,9.8,,179.4,415.5
2005-07-21,7.7,,183.1,441.6
2005-07-22,6.1,,177.8,460.1
2005-07-23,5.7,,173.8,457.2
2005-07-24,5.3,,170.7,437.7
2005-07-25,5.1,,169.0,418.0
2005-07-26,10.1,,172.8,408.2
2005-07-27,8.2,,183.4,406.7
2005-07-28,7.9,,189.0,413.9
2005-07-29,9.6,,191.6,419.6
2005-07-30,9.5,,189.6,420.4
2005-07-31,8.6,,183.8,414.8
2005-08-01,7.2,,173.8,405.1
2005-08-02,7.1,,165.9,396.3
2005-08-03,7.1,,156.8,389.3
2005-08-04,7.1,,151.9,383.3
2005-08-05,7.0,,148.0,375.5
2005-08-06,6.7,,143.0,367.6
2005-08-07,6.6,,137.6,361.1
2005-08-08,6.6,,137.2,353.7
2005-08-09,7.0,,135.3,346.3
2005-08-10,7.1,,131.2,339.8
2005-08-11,7.1,,132.8,337.2
2005-08-12,7.1,,137.6,338.4
2005-08-13,7.1,,139.3,340.1
2005-08-14,6.8,,138.1,347.9
2005-08-15,6.6,,138.3,358.2
2005-08-16,6.6,,135.2,361.9
2005-08-17,6.8,,131.0,349.7
2005-08-18,6.6,,131.4,335.8
2005-08-19,6.6,,131.0,333.3
2005-08-20,6.6,,129.6,333.9
2005-08-21,6.3,,126.3,331.6
2005-08-22,6.2,,124.4,325.4
2005-08-23,6.1,,117.6,319.3
2005-08-24,5.8,,113.5,314.0
2005-08-25,7.3,,108.2,309.1
2005-08-26,6.7,,107.2,302.2
2005-08-27,6.3,,106.9,297.8
2005-08-28,6.2,,107.4,293.5
2005-08-29,5.8,,108.6,289.8
2005-08-30,5.7,,113.2,288.8
2005-08-31,5.7,,114.1,292.2
2005-09-01,7.6,,115.4,290.7
2005-09-02,7.4,,117.1,293.5
2005-09-03,6.5,,120.5,296.6
2005-09-04,6.2,,129.0,298.4
2005-09-05,6.2,,142.7,301.7
2005-09-06,7.9,,150.9,307.9
2005-09-07,7.2,,155.9,321.6
2005-09-08,7.2,,159.5,337.8
2005-09-09,6.6,,156.7,350.3
2005-09-10,6.1,,146.7,355.4
2005-09-11,5.7,,144.2,347.6
2005-09-12,7.6,,141.1,338.7
2005-09-13,12.9,,139.2,330.5
2005-09-14,9.4,,140.3,325.8
2005-09-15,7.0,,148.5,326.2
2005-09-16,7.6,,152.1,329.2
2005-09-17,8.3,,160.4,332.9
2005-09-18,7.6,,166.4,340.6
2005-09-19,7.2,,169.1,350.8
2005-09-20,6.7,,167.0,356.6
2005-09-21,1.8,,166.0,355.8
2005-09-22,1.7,,166.3,354.5
2005-09-23,4.9,,168.7,354.4
2005-09-24,4.7,,167.1,353.6
2005-09-25,5.0,,172.2,359.1
2005-09-26,16.8,,184.4,380.0
2005-09-27,12.9,,194.2,413.9
2005-09-28,6.8,,204.0,449.4
2005-09-29,5.8,,215.4,465.9
2005-09-30,5.2,,219.7,460.7
2005-10-01,4.9,,215.1,445.4
2005-10-02,5.1,,213.0,422.0
2005-10-03,4.9,,203.5,406.1
2005-10-04,4.6,,196.4,393.3
2005-10-05,4.5,,188.0,385.7
2005-10-06,4.6,,177.7,377.4
2005-10-07,4.5,,164.2,363.8
2005-10-08,4.2,,154.7,350.1
2005-10-09,4.1,,146.3,338.6
2005-10-10,4.2,,142.6,326.9
2005-10-11,4.1,,139.6,313.5
2005-10-12,3.9,,134.0,300.8
2005-10-13,3.7,,130.0,289.6
2005-10-14,4.7,,124.5,278.6
2005-10-15,4.8,,117.4,268.5
2005-10-16,4.4,,114.6,257.9
2005-10-17,4.9,,118.0,249.6
2005-10-18,5.5,,125.7,249.6
2005-10-19,5.7,,136.6,257.5
2005-10-20,4.6,,150.5,271.6
2005-10-21,4.3,,165.5,290.0
2005-10-22,4.4,,176.9,307.8
2005-10-23,6.3,,195.6,317.8
2005-10-24,5.4,,233.1,326.2
2005-10-25,4.7,,255.3,343.3
2005-10-26,4.3,,265.5,359.8
2005-10-27,4.2,,269.9,380.6
2005-10-28,5.3,,255.3,405.7
2005-10-29,7.8,,230.2,432.8
2005-10-30,8.1,,225.9,440.0
2005-10-31,13.1,,225.4,438.4
2005-11-01,14.5,,234.4,427.4
2005-11-02,15.7,,255.3,430.2
2005-11-03,11.8,,273.2,458.5
2005-11-04,10.7,,290.6,497.9
2005-11-05,8.3,,305.6,547.9
2005-11-06,6.6,,321.6,601.2
2005-11-07,11.8,,328.1,641.5
2005-11-08,13.4,,325.3,661.4
2005-11-09,8.5,,311.1,655.9
2005-11-10,7.9,,292.4,639.8
2005-11-11,7.4,,262.4,604.0
2005-11-12,6.6,,237.2,558.6
2005-11-13,6.2,,218.6,521.4
2005-11-14,5.8,,211.5,482.8
2005-11-15,5.7,,208.3,451.8
2005-11-16,5.8,,201.1,432.9
2005-11-17,10.0,,197.7,432.2
2005-11-18,6.4,,198.4,445.7
2005-11-19,7.4,,195.9,460.5
2005-11-20,20.8,,195.0,459.9
2005-11-21,7.4,,201.4,451.5
2005-11-22,6.3,,199.0,446.3
2005-11-23,6.0,,201.4,433.7
2005-11-24,6.0,,227.6,414.7
2005-11-25,49.0,,253.0,419.5
2005-11-26,14.3,,268.0,487.1
2005-11-27,5.3,,279.8,617.0
2005-11-28,7.7,,290.7,703.1
2005-11-29,8.4,,270.2,684.5
2005-11-30,9.2,,252.4,581.4
2005-12-01,25.5,,248.8,516.4
2005-12-02,77.9,,257.7,508.4
2005-12-03,16.4,,264.9,577.5
2005-12-04,8.4,,290.8,690.9
2005-12-05,11.5,,328.7,732.3
2005-12-06,88.5,,352.0,708.5
2005-12-07,29.1,,364.7,736.3
2005-12-08,15.5,,372.2,869.6
2005-12-09,17.1,,412.7,936.4
2005-12-10,90.0,,426.3,900.2
2005-12-11,49.4,,438.7,885.2
2005-12-12,26.8,,451.1,1028.4
2005-12-13,22.3,,459.7,1194.7
2005-12-14,20.9,,423.7,1251.2
2005-12-15,20.0,,406.8,1177.9
2005-12-16,30.8,,388.4,1075.7
2005-12-17,16.5,,377.9,981.9
2005-12-18,14.5,,369.1,939.4
2005-12-19,12.7,,366.6,924.7
2005-12-20,15.7,,356.4,915.4
2005-12-21,15.2,,356.6,876.2
2005-12-22,14.2,,351.3,833.8
2005-12-23,12.7,,363.6,797.4
2005-12-24,52.2,,371.0,784.5
2005-12-25,23.0,,365.7,826.8
2005-12-26,12.4,,349.6,907.5
2005-12-27,22.6,,340.3,949.3
2005-12-28,17.0,,313.2,897.2
2005-12-29,10.4,,289.5,788.1
2005-12-30,6.4,,272.2,699.0
2005-12-31,27.0,,261.5,636.9
2006-01-01,36.0,,244.0,422.0
2006-01-02,37.0,,255.0,363.0
2006-01-03,45.0,,330.0,556.0
2006-01-04,68.0,,421.0,635.0
2006-01-05,36.0,,502.0,714.0
2006-01-06,21.0,,698.0,914.0
2006-01-07,18.0,,618.0,1017.0
2006-01-08,15.0,,655.0,1093.0
2006-01-09,14.0,,639.0,848.0
2006-01-10,13.0,,550.0,866.0
2006-01-11,12.0,,427.0,831.0
2006-01-12,12.0,,330.0,693.0
2006-01-13,11.0,,320.0,559.0
2006-01-14,10.0,,316.0,441.0
2006-01-15,10.0,,263.0,401.0
2006-01-16,9.0,,217.0,441.0
2006-01-17,9.0,,187.0,394.0
2006-01-18,8.0,,173.0,351.0
2006-01-19,8.0,,167.0,312.0
2006-01-20,8.0,,169.0,299.0
2006-01-21,8.0,,163.0,284.0
2006-01-22,10.0,,156.0,271.0
2006-01-23,12.0,,155.0,264.0
2006-01-24,14.0,,158.0,265.0
2006-01-25,16.0,,160.0,255.0
2006-01-26,18.0,,178.0,257.0
2006-01-27,25.0,,209.0,276.0
2006-01-28,18.0,,301.0,302.0
2006-01-29,18.0,,287.0,451.0
2006-01-30,16.0,,275.0,489.0
2006-01-31,27.0,,296.0,515.0
2006-02-01,28.0,,381.0,431.0
2006-02-02,19.0,,553.0,506.0
2006-02-03,16.0,,484.0,701.0
2006-02-04,14.0,,422.0,806.0
2006-02-05,14.0,,372.0,675.0
2006-02-06,14.0,,334.0,573.0
2006-02-07,16.0,,330.0,465.0
2006-02-08,21.0,,376.0,403.0
2006-02-09,38.0,,489.0,389.0
2006-02-10,55.0,,548.0,630.0
2006-02-11,44.0,,524.0,681.0
2006-02-12,42.0,,592.0,821.0
2006-02-13,36.0,,755.0,884.0
2006-02-14,50.0,,813.0,1038.0
2006-02-15,44.0,,1122.0,1168.0
2006-02-16,35.0,,1143.0,1511.0
2006-02-17,20.0,,1103.0,1646.0
2006-02-18,16.0,,980.0,1693.0
2006-02-19,18.0,,936.0,1399.0
2006-02-20,30.0,,938.0,1187.0
2006-02-21,30.0,,867.0,1114.0
2006-02-22,14.0,,959.0,1178.0
2006-02-23,16.0,,776.0,1311.0
2006-02-24,16.0,,703.0,1310.0
2006-02-25,15.0,,610.0,1076.0
2006-02-26,13.0,,581.0,866.0
2006-02-27,14.0,,508.0,863.0
2006-02-28,12.0,,447.0,828.0
2006-03-01,10.0,,431.0,794.0
2006-03-02,7.0,,388.0,650.0
2006-03-03,5.0,,335.0,645.0
2006-03-04,5.0,,298.0,559.0
2006-03-05,8.0,,297.0,527.0
2006-03-06,13.0,,310.0,551.0
2006-03-07,16.0,,434.0,596.0
2006-03-08,16.0,,453.0,694.0
2006-03-09,15.0,,422.0,710.0
2006-03-10,16.0,,375.0,763.0
2006-03-11,17.0,,351.0,694.0
2006-03-12,17.0,,388.0,670.0
2006-03-13,16.0,,346.0,649.0
2006-03-14,15.0,,336.0,609.0
2006-03-15,23.0,,326.0,473.0
2006-03-16,20.0,,305.0,530.0
2006-03-17,20.0,,368.0,626.0
2006-03-18,22.0,,300.0,628.0
2006-03-19,23.0,,299.0,536.0
2006-03-20,19.0,,312.0,501.0
2006-03-21,16.0,,303.0,478.0
2006-03-22,14.0,,317.0,505.0
2006-03-23,14.0,,328.0,492.0
2006-03-24,16.0,,350.0,486.0
2006-03-25,38.0,,366.0,535.0
2006-03-26,40.0,,420.0,519.0
2006-03-27,23.0,,397.0,625.0
2006-03-28,17.0,,384.0,668.0
2006-03-29,16.0,,378.0,541.0
2006-03-30,16.0,,402.0,529.0
2006-03-31,16.0,,385.0,514.0
2006-04-01,15.0,,420.0,503.0
2006-04-02,15.0,,446.0,493.0
2006-04-03,15.0,,396.0,535.0
2006-04-04,15.0,,331.0,554.0
2006-04-05,16.0,,296.0,508.0
2006-04-06,16.0,,262.0,424.0
2006-04-07,17.0,,249.0,393.0
2006-04-08,17.0,,242.0,356.0
2006-04-09,17.0,,251.0,348.0
2006-04-10,16.0,,402.0,348.0
2006-04-11,15.0,,477.0,412.0
2006-04-12,13.0,,400.0,578.0
2006-04-13,11.0,,387.0,628.0
2006-04-14,11.0,,324.0,515.0
2006-04-15,13.0,,290.0,466.0
2006-04-16,64.0,,261.0,422.0
2006-04-17,67.0,,248.0,322.0
2006-04-18,29.0,,246.0,368.0
2006-04-19,23.0,,262.0,547.0
2006-04-20,19.0,,255.0,498.0
2006-04-21,17.0,,252.0,403.0
2006-04-22,16.0,,247.0,377.0
2006-04-23,15.0,,236.0,366.0
2006-04-24,15.0,,224.0,353.0
2006-04-25,15.0,,205.0,358.0
2006-04-26,15.0,,196.0,347.0
2006-04-27,15.0,,193.0,340.0
2006-04-28,14.0,,194.0,319.0
2006-04-29,13.0,,192.0,316.0
2006-04-30,12.0,,193.0,300.0
2006-05-01,13.0,,190.0,296.0
2006-05-02,13.0,,186.0,294.0
2006-05-03,13.0,,178.0,302.0
2006-05-04,12.0,,173.0,292.0
2006-05-05,12.0,,169.0,285.0
2006-05-06,12.0,,168.0,270.0
2006-05-07,14.0,,169.0,261.0
2006-05-08,16.0,,164.0,266.0
2006-05-09,18.0,,165.0,260.0
2006-05-10,18.0,,178.0,284.0
2006-05-11,17.0,,171.0,311.0
2006-05-12,17.0,,175.0,373.0
2006-05-13,15.0,,166.0,343.0
2006-05-14,14.0,,172.0,318.0
2006-05-15,13.0,,169.0,291.0
2006-05-16,13.0,,169.0,286.0
2006-05-17,12.0,,170.0,281.0
2006-05-18,11.0,,161.0,277.0
2006-05-19,11.0,,155.0,279.0
2006-05-20,12.0,,152.0,274.0
2006-05-21,12.0,,151.0,254.0
2006-05-22,21.0,,153.0,248.0
2006-05-23,43.0,,161.0,227.0
2006-05-24,24.0,,173.0,204.0
2006-05-25,18.0,,188.0,276.0
2006-05-26,14.0,,196.0,335.0
2006-05-27,12.0,,207.0,318.0
2006-05-28,11.0,,207.0,309.0
2006-05-29,12.0,,206.0,292.0
2006-05-30,13.0,,188.0,285.0
2006-05-31,14.0,,174.0,294.0
2006-06-01,14.0,,155.0,284.0
2006-06-02,13.0,,147.0,281.0
2006-06-03,12.0,,142.0,261.0
2006-06-04,11.0,,141.0,255.0
2006-06-05,11.0,,140.0,248.0
2006-06-06,12.0,,135.0,250.0
2006-06-07,11.0,,139.0,244.0
2006-06-08,11.0,,139.0,238.0
2006-06-09,13.0,,147.0,241.0
2006-06-10,15.0,,145.0,237.0
2006-06-11,26.0,,150.0,231.0
2006-06-12,17.0,,145.0,225.0
2006-06-13,15.0,,145.0,245.0
2006-06-14,13.0,,146.0,249.0
2006-06-15,12.0,,146.0,240.0
2006-06-16,12.0,,140.0,247.0
2006-06-17,12.0,,134.0,233.0
2006-06-18,12.0,,126.0,228.0
2006-06-19,11.0,,124.0,236.0
2006-06-20,10.0,,115.0,236.0
2006-06-21,10.0,,118.0,232.0
2006-06-22,9.0,,125.0,204.0
2006-06-23,10.0,,134.0,206.0
2006-06-24,10.0,,135.0,210.0
2006-06-25,11.0,,126.0,223.0
2006-06-26,11.0,,134.0,221.0
2006-06-27,11.0,,136.0,225.0
2006-06-28,10.0,,134.0,242.0
2006-06-29,11.0,,133.0,239.0
2006-06-30,10.0,,134.0,225.0
2006-07-01,10.0,,139.0,222.0
2006-07-02,9.0,,135.0,223.0
2006-07-03,9.0,,136.0,251.0
2006-07-04,9.0,,136.0,212.0
2006-07-05,9.0,,132.0,212.0
2006-07-06,9.0,,137.0,208.0
2006-07-07,9.0,,134.0,209.0
2006-07-08,8.0,,131.0,209.0
2006-07-09,10.0,,122.0,212.0
2006-07-10,12.0,,120.0,219.0
2006-07-11,13.0,,129.0,190.0
2006-07-12,11.0,,141.0,201.0
2006-07-13,8.0,,155.0,183.0
2006-07-14,8.0,,158.0,204.0
2006-07-15,7.0,,153.0,221.0
2006-07-16,8.0,,148.0,220.0
2006-07-17,8.0,,143.0,204.0
2006-07-18,8.0,,143.0,206.0
2006-07-19,8.0,,127.0,206.0
2006-07-20,8.0,,123.0,216.0
2006-07-21,8.0,,117.0,206.0
2006-07-22,7.0,,117.0,196.0
2006-07-23,7.0,,107.0,189.0
2006-07-24,7.0,,101.0,199.0
2006-07-25,8.0,,102.0,176.0
2006-07-26,8.0,,101.0,175.0
2006-07-27,8.0,,105.0,175.0
2006-07-28,11.0,,107.0,176.0
2006-07-29,14.0,,124.0,167.0
2006-07-30,15.0,,131.0,164.0
2006-07-31,13.0,,146.0,206.0
2006-08-01,11.0,,154.0,211.0
2006-08-02,9.0,,167.0,218.0
2006-08-03,9.0,,178.0,239.0
2006-08-04,9.0,,174.0,234.0
2006-08-05,8.0,,169.0,249.0
2006-08-06,8.0,,154.0,237.0
2006-08-07,7.0,,145.0,245.0
2006-08-08,7.0,,126.0,227.0
2006-08-09,6.0,,110.0,222.0
2006-08-10,6.0,,100.0,207.0
2006-08-11,6.0,,96.0,207.0
2006-08-12,7.0,,99.0,180.0
2006-08-13,7.0,,96.0,170.0
2006-08-14,7.0,,96.0,176.0
2006-08-15,7.0,,91.0,169.0
2006-08-16,7.0,,94.0,168.0
2006-08-17,7.0,,95.0,165.0
2006-08-18,7.0,,102.0,154.0
2006-08-19,7.0,,111.0,159.0
2006-08-20,7.0,,124.0,175.0
2006-08-21,8.0,,119.0,222.0
2006-08-22,8.0,,113.0,221.0
2006-08-23,7.0,,101.0,213.0
2006-08-24,6.0,,104.0,207.0
2006-08-25,5.0,,102.0,202.0
2006-08-26,6.0,,97.0,189.0
2006-08-27,10.0,,86.0,180.0
2006-08-28,18.0,,80.0,182.0
2006-08-29,23.0,,82.0,160.0
2006-08-30,12.0,,90.0,156.0
2006-08-31,9.0,,96.0,191.0
2006-09-01,9.0,,98.0,195.0
2006-09-02,9.0,,97.0,178.0
2006-09-03,11.0,,106.0,186.0
2006-09-04,11.0,,121.0,178.0
2006-09-05,11.0,,129.0,183.0
2006-09-06,9.0,,129.0,221.0
2006-09-07,9.0,,122.0,213.0
2006-09-08,8.0,,117.0,216.0
2006-09-09,8.0,,110.0,210.0
2006-09-10,7.0,,104.0,193.0
2006-09-11,6.0,,100.0,180.0
2006-09-12,6.0,,90.0,189.0
2006-09-13,7.0,,92.0,178.0
2006-09-14,6.0,,90.0,161.0
2006-09-15,5.75,,93.0,159.0
2006-09-16,7.37,,90.53,221.46
2006-09-17,11.0,,91.7,223.3
2006-09-18,11.0,,102.0,156.0
2006-09-19,10.0,,114.0,146.0
2006-09-20,8.0,,131.0,169.0
2006-09-21,7.0,,141.0,185.0
2006-09-22,7.0,,147.0,237.0
2006-09-23,10.0,,149.0,230.0
2006-09-24,10.0,,147.0,217.0
2006-09-25,10.0,,141.0,230.0
2006-09-26,9.0,,135.0,248.0
2006-09-27,8.0,,124.0,226.0
2006-09-28,9.0,,115.0,225.0
2006-09-29,9.0,,117.0,197.0
2006-09-30,10.0,,116.0,192.0
2006-10-01,9.0,,116.0,182.0
2006-10-02,9.0,,109.0,184.0
2006-10-03,12.0,,131.0,165.0
2006-10-04,19.0,,142.0,157.0
2006-10-05,29.0,,159.0,165.0
2006-10-06,34.0,,187.0,177.0
2006-10-07,15.0,,222.0,165.0
2006-10-08,13.0,,250.0,280.0
2006-10-09,11.0,,261.0,362.0
2006-10-10,10.0,,218.0,355.0
2006-10-11,11.0,,187.0,358.0
2006-10-12,11.0,,174.0,293.0
2006-10-13,10.0,,174.0,294.0
2006-10-14,8.0,,182.0,308.0
2006-10-15,8.0,,175.0,319.0
2006-10-16,9.0,,193.0,286.0
2006-10-17,13.0,,227.0,240.0
2006-10-18,18.0,,254.0,220.0
2006-10-19,25.0,,252.0,289.0
2006-10-20,23.0,,239.0,284.0
2006-10-21,17.0,,230.0,351.0
2006-10-22,15.0,,226.0,356.0
2006-10-23,12.0,,207.0,371.0
2006-10-24,10.0,,187.0,337.0
2006-10-25,9.0,,165.0,313.0
2006-10-26,9.0,,145.0,282.0
2006-10-27,9.0,,132.0,261.0
2006-10-28,9.0,,115.0,235.0
2006-10-29,9.0,,103.0,214.0
2006-10-30,9.0,,97.0,191.0
2006-10-31,11.0,,94.0,179.0
2006-11-01,15.0,,108.0,209.0
2006-11-02,18.0,,150.0,295.0
2006-11-03,17.0,,205.0,346.0
2006-11-04,13.0,,233.0,394.0
2006-11-05,12.0,,196.0,477.0
2006-11-06,13.0,,163.0,428.0
2006-11-07,30.0,,150.0,336.0
2006-11-08,18.0,,142.0,262.0
2006-11-09,15.0,,136.0,281.0
2006-11-10,14.0,,140.0,282.0
2006-11-11,16.0,,143.0,281.0
2006-11-12,21.0,,141.0,311.0
2006-11-13,26.0,,139.0,318.0
2006-11-14,26.0,,147.0,287.0
2006-11-15,22.0,,166.0,362.0
2006-11-16,19.0,,176.0,445.0
2006-11-17,14.0,,174.0,395.0
2006-11-18,12.0,,161.0,367.0
2006-11-19,22.0,,176.0,318.0
2006-11-20,42.0,,207.0,271.0
2006-11-21,25.0,,337.0,292.0
2006-11-22,14.0,,341.0,436.0
2006-11-23,14.0,,298.0,557.0
2006-11-24,13.0,,239.0,460.0
2006-11-25,14.0,,230.0,457.0
2006-11-26,17.0,,219.0,373.0
2006-11-27,32.0,,396.0,293.0
2006-11-28,61.0,,536.0,318.0
2006-11-29,66.0,,603.0,581.0
2006-11-30,80.0,,555.0,1019.0
2006-12-01,41.0,,648.0,1150.0
2006-12-02,29.0,,586.0,1052.0
2006-12-03,28.0,,479.0,1010.0
2006-12-04,29.0,,426.0,786.0
2006-12-05,48.0,,397.0,603.0
2006-12-06,86.0,,379.0,525.0
2006-12-07,46.0,,336.0,498.0
2006-12-08,31.0,,305.0,508.0
2006-12-09,28.0,,302.0,534.0
2006-12-10,22.0,,293.0,401.0
2006-12-11,23.0,,270.0,391.0
2006-12-12,22.0,,257.0,359.0
2006-12-13,24.0,,253.0,342.0
2006-12-14,47.0,,250.0,410.0
2006-12-15,57.0,,264.0,386.0
2006-12-16,28.0,,428.0,476.0
2006-12-17,22.0,,345.0,662.0
2006-12-18,23.0,,317.0,809.0
2006-12-19,23.0,,307.0,551.0
2006-12-20,25.0,,315.0,513.0
2006-12-21,37.0,,270.0,568.0
2006-12-22,43.0,,285.0,503.0
2006-12-23,60.0,,327.0,492.0
2006-12-24,44.0,,440.0,571.0
2006-12-25,64.0,,428.0,727.0
2006-12-26,46.0,,429.0,701.0
2006-12-27,41.0,,475.0,798.0
2006-12-28,43.0,,566.0,899.0
2006-12-29,39.0,,544.0,790.0
2006-12-30,48.0,,504.0,886.0
2006-12-31,53.0,,499.0,786.0
2007-01-01,45.0,,557.0,734.0
2007-01-02,109.0,,645.0,916.0
2007-01-03,62.0,,641.0,1380.0
2007-01-04,55.0,,857.0,2659.0
2007-01-05,47.0,,860.0,3007.0
2007-01-06,49.0,,791.0,2026.0
2007-01-07,49.0,,654.0,1656.0
2007-01-08,41.0,,721.0,1461.0
2007-01-09,43.0,,725.0,1506.0
2007-01-10,22.0,,642.0,1796.0
2007-01-11,22.0,,652.0,1666.0
2007-01-12,44.0,,540.0,1286.0
2007-01-13,28.0,,471.0,1087.0
2007-01-14,23.0,,517.0,1283.0
2007-01-15,20.0,,454.0,1415.0
2007-01-16,29.0,,396.0,1743.0
2007-01-17,17.0,,403.0,1733.0
2007-01-18,18.0,,387.0,1279.0
2007-01-19,19.0,,418.0,1227.0
2007-01-20,20.0,,375.0,923.0
2007-01-21,52.0,,351.0,885.0
2007-01-22,31.0,,638.0,834.0
2007-01-23,21.0,,632.0,1137.0
2007-01-24,33.0,,510.0,1288.0
2007-01-25,43.0,,476.0,1154.0
2007-01-26,19.0,,645.0,1412.0
2007-01-27,42.0,,658.0,1588.0
2007-01-28,39.0,,611.0,1486.0
2007-01-29,50.0,,491.0,1283.0
2007-01-30,29.0,,496.0,1225.0
2007-01-31,22.0,,594.0,1230.0
2007-02-01,44.0,,609.0,1186.0
2007-02-02,45.0,,587.0,1060.0
2007-02-03,25.0,,724.0,1168.0
2007-02-04,23.0,,547.0,1253.0
2007-02-05,24.0,,406.0,1000.0
2007-02-06,20.0,,325.0,929.0
2007-02-07,19.0,,323.0,923.0
2007-02-08,18.0,,303.0,713.0
2007-02-09,17.0,,305.0,696.0
2007-02-10,44.0,,325.0,671.0
2007-02-11,154.0,,352.0,599.0
2007-02-12,29.0,,658.0,668.0
2007-02-13,24.0,,645.0,1233.0
2007-02-14,33.0,,430.0,1134.0
2007-02-15,20.0,,380.0,989.0
2007-02-16,19.0,,383.0,759.0
2007-02-17,20.0,,375.0,767.0
2007-02-18,22.0,,333.0,723.0
2007-02-19,19.0,,279.0,662.0
2007-02-20,19.0,,275.0,565.0
2007-02-21,18.0,,266.0,504.0
2007-02-22,17.0,,284.0,485.0
2007-02-23,15.0,,266.0,461.0
2007-02-24,15.0,,243.0,517.0
2007-02-25,13.0,,246.0,433.0
2007-02-26,13.0,,226.0,437.0
2007-02-27,13.0,,222.0,458.0
2007-02-28,16.0,,206.0,466.0
2007-03-01,18.0,,215.0,411.0
2007-03-02,20.0,,213.0,393.0
2007-03-03,20.0,,205.0,398.0
2007-03-04,19.0,,203.0,390.0
2007-03-05,19.0,,196.0,378.0
2007-03-06,18.0,,191.0,366.0
2007-03-07,19.0,,169.0,372.0
2007-03-08,17.0,,151.0,376.0
2007-03-09,18.0,,134.0,366.0
2007-03-10,18.0,,131.0,348.0
2007-03-11,16.0,,132.0,323.0
2007-03-12,15.0,,139.0,303.0
2007-03-13,13.0,,140.0,311.0
2007-03-14,16.0,,147.0,302.0
2007-03-15,19.0,,157.0,270.0
2007-03-16,25.0,,217.0,268.0
2007-03-17,29.0,,206.0,290.0
2007-03-18,20.0,,217.0,511.0
2007-03-19,19.0,,222.0,586.0
2007-03-20,19.0,,277.0,474.0
2007-03-21,21.0,,365.0,457.0
2007-03-22,31.0,,341.0,513.0
2007-03-23,17.0,,303.0,622.0
2007-03-24,16.0,,283.0,578.0
2007-03-25,15.0,,270.0,533.0
2007-03-26,14.0,,262.0,555.0
2007-03-27,15.0,,247.0,526.0
2007-03-28,14.0,,221.0,444.0
2007-03-29,13.0,,197.0,438.0
2007-03-30,13.0,,177.0,385.0
2007-03-31,13.0,,159.0,369.0
2007-04-01,13.0,,149.0,336.0
2007-04-02,12.0,,139.0,342.0
2007-04-03,13.0,,134.0,325.0
2007-04-04,15.0,,147.0,296.0
2007-04-05,27.0,,163.0,265.0
2007-04-06,15.0,,173.0,270.0
2007-04-07,20.0,,175.0,353.0
2007-04-08,23.0,,182.0,380.0
2007-04-09,17.0,,195.0,319.0
2007-04-10,15.0,,217.0,426.0
2007-04-11,14.0,,248.0,424.0
2007-04-12,13.0,,273.0,358.0
2007-04-13,12.0,,239.0,360.0
2007-04-14,12.0,,214.0,422.0
2007-04-15,11.0,,191.0,373.0
2007-04-16,13.0,,181.0,348.0
2007-04-17,12.0,,169.0,335.0
2007-04-18,13.0,,165.0,331.0
2007-04-19,11.0,,155.0,351.0
2007-04-20,11.0,,150.0,335.0
2007-04-21,11.0,,138.0,328.0
2007-04-22,11.0,,145.0,308.0
2007-04-23,12.0,,148.0,317.0
2007-04-24,11.0,,156.0,326.0
2007-04-25,10.0,,154.0,350.0
2007-04-26,26.0,,155.0,295.0
2007-04-27,50.0,,155.0,286.0
2007-04-28,22.0,,161.0,259.0
2007-04-29,13.0,,174.0,351.0
2007-04-30,13.0,,182.0,384.0
2007-05-01,13.0,,178.0,335.0
2007-05-02,14.0,,167.0,327.0
2007-05-03,14.0,,165.0,307.0
2007-05-04,14.0,,157.0,282.0
2007-05-05,12.0,,146.0,302.0
2007-05-06,11.0,,139.0,293.0
2007-05-07,10.0,,133.0,323.0
2007-05-08,25.0,,132.0,262.0
2007-05-09,30.0,,131.0,252.0
2007-05-10,17.0,,136.0,246.0
2007-05-11,15.0,,134.0,283.0
2007-05-12,13.0,,133.0,308.0
2007-05-13,13.0,,129.0,276.0
2007-05-14,12.0,,131.0,266.0
2007-05-15,13.0,,134.0,258.0
2007-05-16,12.0,,134.0,264.0
2007-05-17,13.0,,133.0,260.0
2007-05-18,17.0,,128.0,268.0
2007-05-19,26.0,,138.0,238.0
2007-05-20,14.0,,142.0,287.0
2007-05-21,15.0,,147.0,268.0
2007-05-22,16.0,,146.0,314.0
2007-05-23,16.0,,157.0,291.0
2007-05-24,15.0,,168.0,267.0
2007-05-25,14.0,,171.0,320.0
2007-05-26,12.0,,168.0,319.0
2007-05-27,11.0,,160.0,304.0
2007-05-28,10.0,,157.0,295.0
2007-05-29,24.0,,148.0,291.0
2007-05-30,13.0,,141.0,270.0
2007-05-31,12.0,,130.0,284.0
2007-06-01,13.0,,126.0,289.0
2007-06-02,14.0,,126.0,251.0
2007-06-03,16.0,,134.0,263.0
2007-06-04,14.0,,145.0,236.0
2007-06-05,13.0,,158.0,249.0
2007-06-06,12.0,,173.0,263.0
2007-06-07,11.0,,173.0,262.0
2007-06-08,11.0,,167.0,275.0
2007-06-09,10.0,,150.0,276.0
2007-06-10,11.0,,142.0,269.0
2007-06-11,11.0,,133.0,272.0
2007-06-12,11.0,,126.0,256.0
2007-06-13,10.0,,125.0,247.0
2007-06-14,10.0,,128.0,236.0
2007-06-15,9.0,,126.0,237.0
2007-06-16,9.0,,115.0,249.0
2007-06-17,9.0,,105.0,239.0
2007-06-18,10.0,,112.0,230.0
2007-06-19,10.0,,115.0,221.0
2007-06-20,10.0,,116.0,220.0
2007-06-21,9.0,,112.0,226.0
2007-06-22,9.0,,111.0,226.0
2007-06-23,10.0,,108.0,208.0
2007-06-24,11.0,,103.0,211.0
2007-06-25,13.0,,104.0,204.0
2007-06-26,12.0,,109.0,197.0
2007-06-27,10.0,,113.0,217.0
2007-06-28,8.0,,113.0,223.0
2007-06-29,7.0,,110.0,226.0
2007-06-30,8.0,,107.0,224.0
2007-07-01,9.0,,108.0,209.0
2007-07-02,9.0,,108.0,208.0
2007-07-03,9.0,,111.0,212.0
2007-07-04,8.0,,111.0,206.0
2007-07-05,8.0,,110.0,202.0
2007-07-06,7.0,,107.0,202.0
2007-07-07,7.0,,101.0,202.0
2007-07-08,7.0,,95.0,208.0
2007-07-09,8.0,,92.0,216.0
2007-07-10,8.0,,93.0,205.0
2007-07-11,8.0,,95.0,197.0
2007-07-12,7.0,,90.0,195.0
2007-07-13,7.0,,90.0,196.0
2007-07-14,8.0,,88.0,200.0
2007-07-15,9.0,,90.0,184.0
2007-07-16,9.0,,95.0,185.0
2007-07-17,10.0,,103.0,179.0
2007-07-18,9.0,,118.0,177.0
2007-07-19,8.0,,145.0,169.0
2007-07-20,7.0,,171.0,173.0
2007-07-21,8.0,,185.0,189.0
2007-07-22,10.0,,180.0,210.0
2007-07-23,14.0,,169.0,231.0
2007-07-24,15.0,,174.0,211.0
2007-07-25,13.0,,187.0,187.0
2007-07-26,12.0,,255.0,175.0
2007-07-27,14.0,,254.0,187.0
2007-07-28,24.0,,271.0,282.0
2007-07-29,14.0,,327.0,255.0
2007-07-30,11.0,,375.0,298.0
2007-07-31,8.0,,287.0,356.0
2007-08-01,8.0,,232.0,421.0
2007-08-02,8.0,,192.0,329.0
2007-08-03,8.0,,161.0,277.0
2007-08-04,7.0,,142.0,250.0
2007-08-05,8.0,,130.0,233.0
2007-08-06,8.0,,125.0,214.0
2007-08-07,8.0,,120.0,205.0
2007-08-08,9.0,,119.0,198.0
2007-08-09,9.0,,112.0,196.0
2007-08-10,8.0,,108.0,191.0
2007-08-11,7.0,,99.0,191.0
2007-08-12,7.0,,100.0,188.0
2007-08-13,7.0,,104.0,172.0
2007-08-14,6.0,,107.0,169.0
2007-08-15,6.0,,104.0,177.0
2007-08-16,6.0,,97.0,185.0
2007-08-17,7.0,,93.0,181.0
2007-08-18,6.0,,91.0,170.0
2007-08-19,6.0,,93.0,170.0
2007-08-20,6.0,,90.0,170.0
2007-08-21,7.0,,88.0,174.0
2007-08-22,7.0,,89.0,165.0
2007-08-23,6.0,,92.0,154.0
2007-08-24,6.0,,92.0,155.0
2007-08-25,6.0,,90.0,164.0
2007-08-26,7.0,,86.0,163.0
2007-08-27,6.0,,86.0,132.0
2007-08-28,7.0,,84.0,156.0
2007-08-29,7.0,,82.0,167.0
2007-08-30,6.0,,78.0,168.0
2007-08-31,6.0,,75.0,168.0
2007-09-01,6.0,,77.0,165.0
2007-09-02,6.0,,84.0,156.0
2007-09-03,6.0,,90.0,154.0
2007-09-04,6.0,,91.0,156.0
2007-09-05,5.0,,91.0,164.0
2007-09-06,5.0,,90.0,164.0
2007-09-07,5.0,,89.0,157.0
2007-09-08,6.0,,84.0,150.0
2007-09-09,6.0,,79.0,156.0
2007-09-10,6.0,,77.0,152.0
2007-09-11,5.0,,76.0,142.0
2007-09-12,5.0,,73.0,147.0
2007-09-13,5.0,,70.0,140.0
2007-09-14,5.0,,70.0,149.0
2007-09-15,5.0,,69.0,150.0
2007-09-16,5.0,,69.0,155.0
2007-09-17,5.0,,65.0,143.0
2007-09-18,5.0,,62.0,133.0
2007-09-19,5.0,,60.0,129.0
2007-09-20,5.0,,62.0,112.0
2007-09-21,5.0,,65.0,120.0
2007-09-22,5.0,,65.0,124.0
2007-09-23,6.0,,67.0,124.0
2007-09-24,6.0,,67.0,125.0
2007-09-25,7.0,,66.0,140.0
2007-09-26,8.0,,66.0,137.0
2007-09-27,9.0,,67.0,148.0
2007-09-28,11.0,,78.0,133.0
2007-09-29,10.0,,84.0,123.0
2007-09-30,8.0,,85.0,143.0
2007-10-01,7.0,,77.0,172.0
2007-10-02,5.0,,75.0,179.0
2007-10-03,5.0,,69.0,170.0
2007-10-04,5.0,,71.0,156.0
2007-10-05,5.0,,64.0,150.0
2007-10-06,5.0,,69.0,142.0
2007-10-07,5.0,,67.0,134.0
2007-10-08,5.0,,71.0,132.0
2007-10-09,4.0,,66.0,131.0
2007-10-10,4.0,,67.0,128.0
2007-10-11,4.0,,68.0,130.0
2007-10-12,4.0,,70.0,113.0
2007-10-13,4.0,,65.0,120.0
2007-10-14,4.0,,58.0,122.0
2007-10-15,4.0,,60.0,118.0
2007-10-16,4.0,,64.0,133.0
2007-10-17,4.0,,67.0,121.0
2007-10-18,5.0,,78.0,117.0
2007-10-19,6.0,,89.0,113.0
2007-10-20,6.0,,102.0,122.0
2007-10-21,6.0,,101.0,142.0
2007-10-22,8.0,,103.0,158.0
2007-10-23,45.0,,111.0,181.0
2007-10-24,52.0,,154.0,191.0
2007-10-25,22.0,,206.0,156.0
2007-10-26,14.0,,277.0,305.0
2007-10-27,10.0,,281.0,441.0
2007-10-28,7.0,,304.0,399.0
2007-10-29,7.0,,343.0,373.0
2007-10-30,7.0,,302.0,354.0
2007-10-31,7.0,,266.0,349.0
2007-11-01,6.0,,239.0,313.0
2007-11-02,8.0,,225.0,282.0
2007-11-03,11.0,,233.0,247.0
2007-11-04,15.0,,278.0,242.0
2007-11-05,14.0,,314.0,306.0
2007-11-06,11.0,,384.0,359.0
2007-11-07,9.0,,407.0,360.0
2007-11-08,8.0,,435.0,435.0
2007-11-09,7.0,,395.0,487.0
2007-11-10,9.0,,331.0,565.0
2007-11-11,16.0,,306.0,498.0
2007-11-12,28.0,,277.0,400.0
2007-11-13,12.0,,280.0,475.0
2007-11-14,9.0,,313.0,581.0
2007-11-15,26.0,,293.0,505.0
2007-11-16,18.0,,276.0,432.0
2007-11-17,14.0,,287.0,355.0
2007-11-18,11.0,,291.0,349.0
2007-11-19,10.0,,280.0,344.0
2007-11-20,8.0,,303.0,343.0
2007-11-21,8.0,,325.0,322.0
2007-11-22,8.0,,283.0,371.0
2007-11-23,8.0,,245.0,367.0
2007-11-24,9.0,,225.0,324.0
2007-11-25,9.0,,209.0,293.0
2007-11-26,12.0,,195.0,288.0
2007-11-27,12.0,,195.0,298.0
2007-11-28,11.0,,188.0,337.0
2007-11-29,8.0,,180.0,358.0
2007-11-30,8.0,,169.0,304.0
2007-12-01,8.0,,176.0,264.0
2007-12-02,9.0,,139.0,253.0
2007-12-03,9.0,,124.0,263.0
2007-12-04,9.0,,119.0,206.0
2007-12-05,9.0,,122.0,209.0
2007-12-06,12.0,,127.0,219.0
2007-12-07,12.0,,146.0,207.0
2007-12-08,10.0,,156.0,236.0
2007-12-09,7.0,,174.0,280.0
2007-12-10,5.0,,210.0,247.0
2007-12-11,40.0,,222.0,249.0
2007-12-12,79.0,,243.0,229.0
2007-12-13,48.0,,235.0,238.0
2007-12-14,32.0,,313.0,340.0
2007-12-15,25.0,,309.0,471.0
2007-12-16,14.0,,324.0,517.0
2007-12-17,17.0,,259.0,480.0
2007-12-18,19.0,,245.0,416.0
2007-12-19,23.0,,243.0,295.0
2007-12-20,15.0,,239.0,408.0
2007-12-21,15.0,,296.0,628.0
2007-12-22,44.0,,345.0,590.0
2007-12-23,22.0,,355.0,571.0
2007-12-24,13.0,,414.0,784.0
2007-12-25,13.0,,365.0,885.0
2007-12-26,11.0,,307.0,764.0
2007-12-27,11.0,,248.0,565.0
2007-12-28,10.0,,215.0,474.0
2007-12-29,9.0,,191.0,369.0
2007-12-30,9.0,,170.0,326.0
2007-12-31,8.58,,151.0,303.0
2008-01-01,8.56,,136.3,366.07
2008-01-02,8.56,,119.48,327.0
2008-01-03,8.77,,108.49,300.14
2008-01-04,12.01,,106.81,288.97
2008-01-05,16.0,,128.44,268.17
2008-01-06,21.21,,154.05,304.87
2008-01-07,21.84,,186.83,371.39
2008-01-08,10.58,,228.17,479.23
2008-01-09,10.16,,288.5,587.7
2008-01-10,11.3,,314.44,706.54
2008-01-11,12.19,,293.44,874.56
2008-01-12,12.19,,286.33,819.21
2008-01-13,9.93,,334.96,819.37
2008-01-14,8.79,,352.28,844.57
2008-01-15,8.98,,332.64,722.35
2008-01-16,10.51,,376.75,766.7
2008-01-17,23.41,,331.79,645.08
2008-01-18,14.69,,283.25,692.21
2008-01-19,40.9,,306.44,605.95
2008-01-20,107.33,,321.01,471.13
2008-01-21,44.88,,366.57,729.88
2008-01-22,37.29,,433.89,957.78
2008-01-23,30.63,,449.15,1038.51
2008-01-24,22.36,,436.99,998.18
2008-01-25,21.11,,381.69,987.81
2008-01-26,20.0,,328.28,909.22
2008-01-27,18.97,,291.87,785.13
2008-01-28,38.14,,274.92,694.95
2008-01-29,75.74,,281.83,685.01
2008-01-30,35.45,,516.05,706.48
2008-01-31,28.19,,629.21,967.72
2008-02-01,20.37,,718.59,1089.56
2008-02-02,111.31,,702.64,1342.49
2008-02-03,57.84,,712.96,1760.71
2008-02-04,58.13,,917.36,1643.62
2008-02-05,40.45,,683.7,1900.25
2008-02-06,77.86,,599.48,1395.37
2008-02-07,58.54,,703.53,1519.08
2008-02-08,60.06,,1094.86,1732.26
2008-02-09,57.9,,819.84,1846.2
2008-02-10,45.09,,719.55,1966.29
2008-02-11,63.5,,637.38,1682.47
2008-02-12,42.6,,758.74,1333.22
2008-02-13,34.81,,841.91,1330.66
2008-02-14,35.46,,753.02,1209.06
2008-02-15,29.7,,526.56,1321.03
2008-02-16,26.48,,458.6,1214.31
2008-02-17,33.91,,409.65,977.72
2008-02-18,32.6,,421.23,874.7
2008-02-19,36.98,,459.51,896.41
2008-02-20,29.99,,439.43,998.56
2008-02-21,34.82,,509.01,1105.87
2008-02-22,31.3,,597.5,1123.03
2008-02-23,33.2,,565.21,1164.03
2008-02-24,40.98,,617.06,1280.45
2008-02-25,34.59,,793.18,1479.02
2008-02-26,32.1,,798.97,1555.56
2008-02-27,32.62,,626.87,1512.33
2008-02-28,24.73,,572.32,1325.31
2008-02-29,37.76,,548.22,1107.63
2008-03-01,28.23,,501.46,1065.39
2008-03-02,24.1,,535.15,1028.86
2008-03-03,21.17,,420.03,860.05
2008-03-04,20.54,,354.13,1746.87
2008-03-05,20.09,,334.67,775.97
2008-03-06,19.91,,320.51,740.11
2008-03-07,19.88,,291.86,776.11
2008-03-08,19.14,,293.89,829.87
2008-03-09,17.81,,298.68,813.6
2008-03-10,17.1,,322.22,946.21
2008-03-11,17.7,,338.73,908.68
2008-03-12,28.68,,449.11,959.43
2008-03-13,54.87,,529.0,1242.46
2008-03-14,84.24,,583.45,1436.32
2008-03-15,74.45,,616.7,1480.25
2008-03-16,40.14,,1172.39,1580.0
2008-03-17,37.57,,1074.71,2028.93
2008-03-18,32.67,,1058.83,1945.18
2008-03-19,26.36,,887.34,1810.58
2008-03-20,26.51,,759.41,1697.59
2008-03-21,24.69,,773.82,1168.43
2008-03-22,25.56,,752.98,1240.8
2008-03-23,26.26,,668.29,1246.84
2008-03-24,32.46,,651.04,1309.28
2008-03-25,63.18,,644.15,1157.83
2008-03-26,36.21,,559.29,1163.38
2008-03-27,30.86,,498.26,1246.26
2008-03-28,27.92,,482.88,1214.93
2008-03-29,98.33,,463.66,1071.51
2008-03-30,34.74,,422.55,1006.72
2008-03-31,40.98,,423.52,958.65
2008-04-01,30.12,,386.53,1017.78
2008-04-02,39.31,,351.77,864.88
2008-04-03,50.11,,360.66,818.88
2008-04-04,36.83,,367.93,814.57
2008-04-05,32.89,,381.11,978.94
2008-04-06,48.66,,420.39,938.5
2008-04-07,45.15,,521.18,970.94
2008-04-08,53.98,,603.66,1958.95
2008-04-09,41.2,,556.16,1502.74
2008-04-10,38.43,,485.59,1321.17
2008-04-11,34.56,,558.16,1277.2
2008-04-12,30.15,,540.63,1104.24
2008-04-13,30.5,,489.76,1087.53
2008-04-14,47.1,,544.73,1100.07
2008-04-15,43.66,,621.86,1094.68
2008-04-16,32.0,,563.89,1168.9
2008-04-17,35.55,,514.8,1240.96
2008-04-18,29.86,,468.88,1070.84
2008-04-19,27.02,,413.03,961.59
2008-04-20,35.55,,389.14,948.35
2008-04-21,118.74,,378.22,865.23
2008-04-22,67.55,,389.89,984.76
2008-04-23,39.11,,397.1,1088.22
2008-04-24,30.57,,481.95,1177.71
2008-04-25,39.82,,386.93,887.21
2008-04-26,30.57,,382.66,932.88
2008-04-27,27.73,,359.11,812.02
2008-04-28,28.44,,340.5,814.95
2008-04-29,44.08,,299.16,761.37
2008-04-30,49.77,,302.2,743.83
2008-05-01,38.39,,295.95,729.83
2008-05-02,48.35,,310.11,737.95
2008-05-03,33.42,,340.06,703.71
2008-05-04,30.57,,405.45,752.53
2008-05-05,30.57,,365.95,808.56
2008-05-06,31.28,,399.55,828.42
2008-05-07,27.73,,394.51,760.8
2008-05-08,27.73,,344.56,810.4
2008-05-09,23.46,,298.8,779.0
2008-05-10,24.89,,278.05,750.59
2008-05-11,27.73,,269.03,646.54
2008-05-12,24.89,,252.12,637.85
2008-05-13,22.75,,248.76,618.55
2008-05-14,21.33,,242.48,602.37
2008-05-15,23.46,,244.93,598.32
2008-05-16,20.62,,234.29,565.87
2008-05-17,20.62,,230.16,578.23
2008-05-18,20.24,,226.72,560.71
2008-05-19,19.49,,229.38,551.51
2008-05-20,21.42,,228.55,538.57
2008-05-21,18.49,,218.67,532.55
2008-05-22,18.08,,212.41,536.99
2008-05-23,17.47,,201.91,546.09
2008-05-24,17.52,,194.21,515.71
2008-05-25,17.29,,188.83,503.91
2008-05-26,17.08,,191.53,494.78
2008-05-27,16.79,,191.52,481.42
2008-05-28,17.51,,186.48,489.59
2008-05-29,20.66,,180.83,484.1
2008-05-30,36.81,,187.47,477.37
2008-05-31,31.93,,194.12,463.54
2008-06-01,22.89,,217.05,489.95
2008-06-02,21.37,,233.92,528.19
2008-06-03,18.57,,250.25,556.12
2008-06-04,18.05,,247.66,549.96
2008-06-05,17.18,,292.54,556.77
2008-06-06,16.12,,289.64,557.32
2008-06-07,15.93,,257.28,604.48
2008-06-08,15.88,,283.55,585.36
2008-06-09,15.88,,270.7,536.96
2008-06-10,15.64,,249.74,560.42
2008-06-11,14.9,,228.67,536.81
2008-06-12,14.67,,216.85,519.38
2008-06-13,14.69,,207.1,492.06
2008-06-14,16.45,,194.68,472.5
2008-06-15,16.28,,187.75,470.1
2008-06-16,16.38,,191.3,457.15
2008-06-17,15.07,,194.27,443.19
2008-06-18,14.33,,194.7,453.18
2008-06-19,13.51,,194.23,452.7
2008-06-20,13.74,,188.71,443.77
2008-06-21,14.83,,183.29,444.77
2008-06-22,14.86,,178.85,451.46
2008-06-23,15.74,,178.62,440.21
2008-06-24,16.63,,181.49,436.4
2008-06-25,17.19,,179.3,444.28
2008-06-26,15.46,,179.38,446.03
2008-06-27,13.48,,180.38,445.46
2008-06-28,12.68,,182.73,441.94
2008-06-29,13.3,,185.67,422.57
2008-06-30,13.3,,184.45,449.19
2008-07-01,13.3,,184.69,417.4
2008-07-02,12.58,,180.82,413.23
2008-07-03,12.64,,174.79,420.38
2008-07-04,11.5,,167.17,425.01
2008-07-05,10.34,,160.88,429.02
2008-07-06,9.45,,154.22,418.72
2008-07-07,9.2,,157.11,403.35
2008-07-08,8.84,,154.48,376.03
2008-07-09,8.36,,155.66,388.12
2008-07-10,8.43,,148.71,381.07
2008-07-11,8.29,,147.65,382.06
2008-07-12,8.05,,149.96,395.78
2008-07-13,7.82,,149.54,383.99
2008-07-14,7.98,,153.46,387.79
2008-07-15,8.1,,147.76,364.91
2008-07-16,8.1,,142.73,365.86
2008-07-17,8.07,,133.56,363.11
2008-07-18,7.51,,131.81,356.87
2008-07-19,6.33,,130.59,336.78
2008-07-20,5.64,,129.94,327.18
2008-07-21,5.38,,129.71,313.71
2008-07-22,6.46,,128.16,328.16
2008-07-23,6.8,,128.47,336.06
2008-07-24,7.36,,126.94,329.01
2008-07-25,7.39,,126.88,327.9
2008-07-26,7.53,,126.78,324.47
2008-07-27,7.54,,125.84,320.83
2008-07-28,7.28,,123.89,306.51
2008-07-29,6.96,,118.09,317.11
2008-07-30,6.96,,121.36,321.55
2008-07-31,7.22,,119.93,302.55
2008-08-01,7.52,,119.67,305.93
2008-08-02,7.6,,118.78,315.65
2008-08-03,7.81,,120.25,310.96
2008-08-04,7.52,,123.36,310.06
2008-08-05,7.43,,143.51,312.64
2008-08-06,8.1,,158.91,322.27
2008-08-07,8.84,,188.02,361.12
2008-08-08,8.78,,196.29,363.81
2008-08-09,38.97,,225.61,394.47
2008-08-10,11.34,,242.31,407.85
2008-08-11,9.06,,286.88,448.54
2008-08-12,7.42,,279.05,537.64
2008-08-13,7.11,,246.66,525.21
2008-08-14,6.63,,224.26,494.34
2008-08-15,6.16,,198.18,445.29
2008-08-16,5.95,,182.69,413.2
2008-08-17,5.71,,162.38,377.47
2008-08-18,5.71,,149.92,356.7
2008-08-19,5.68,,140.72,333.55
2008-08-20,5.92,,131.27,329.25
2008-08-21,5.63,,128.2,316.38
2008-08-22,27.62,,122.87,297.64
2008-08-23,13.59,,126.09,277.91
2008-08-24,9.15,,127.2,295.12
2008-08-25,6.28,,129.56,327.2
2008-08-26,5.92,,126.48,304.84
2008-08-27,5.68,,124.37,310.04
2008-08-28,7.55,,116.16,321.59
2008-08-29,9.94,,116.26,285.86
2008-08-30,10.38,,125.8,302.28
2008-08-31,9.47,,141.09,283.28
2008-09-01,6.31,,139.82,302.66
2008-09-02,5.89,,140.14,329.03
2008-09-03,5.02,,127.5,326.03
2008-09-04,5.9,,121.07,317.0
2008-09-05,5.86,,112.48,300.22
2008-09-06,5.67,,109.6,280.15
2008-09-07,5.67,,108.82,270.99
2008-09-08,5.88,,102.54,262.35
2008-09-09,7.37,,101.74,269.98
2008-09-10,6.42,,97.72,263.33
2008-09-11,6.18,,97.19,263.97
2008-09-12,4.7,,96.83,267.36
2008-09-13,5.49,,93.91,261.27
2008-09-14,6.15,,97.45,259.89
2008-09-15,7.65,,97.02,261.28
2008-09-16,7.31,,105.03,276.0
2008-09-17,7.12,,104.28,293.19
2008-09-18,6.57,,109.24,309.38
2008-09-19,6.39,,115.92,307.79
2008-09-20,6.36,,121.79,299.55
2008-09-21,5.62,,124.59,300.9
2008-09-22,6.33,,125.38,306.34
2008-09-23,7.34,,124.14,304.04
2008-09-24,9.78,,126.45,312.71
2008-09-25,9.43,,133.62,301.72
2008-09-26,9.53,,145.9,300.89
2008-09-27,8.0,,154.22,245.69
2008-09-28,7.93,,159.31,231.66
2008-09-29,7.69,,160.88,259.59
2008-09-30,9.52,,165.46,253.7
2008-10-01,11.28,,190.39,359.16
2008-10-02,13.18,,203.78,391.78
2008-10-03,13.88,,274.76,537.32
2008-10-04,15.08,,275.88,515.54
2008-10-05,15.25,,225.38,591.05
2008-10-06,14.81,,218.82,586.81
2008-10-07,16.49,,220.47,521.71
2008-10-08,20.31,,221.93,493.12
2008-10-09,25.18,,211.83,487.61
2008-10-10,9.24,,197.5,494.0
2008-10-11,9.48,,191.06,423.9
2008-10-12,8.53,,173.83,423.73
2008-10-13,8.3,,163.49,419.08
2008-10-14,7.35,,155.7,368.7
2008-10-15,7.82,,153.31,349.57
2008-10-16,7.82,,151.55,332.65
2008-10-17,114.47,,147.89,351.03
2008-10-18,11.38,,153.37,322.47
2008-10-19,13.27,,162.74,315.19
2008-10-20,10.9,,178.74,581.9
2008-10-21,8.53,,190.19,477.28
2008-10-22,5.93,,199.59,459.2
2008-10-23,8.53,,199.59,437.57
2008-10-24,7.82,,203.69,408.59
2008-10-25,7.11,,197.56,390.92
2008-10-26,4.98,,185.42,404.07
2008-10-27,4.98,,163.3,395.04
2008-10-28,6.87,,144.7,353.54
2008-10-29,7.11,,139.62,316.18
2008-10-30,8.53,,149.54,308.22
2008-10-31,8.18,,156.14,377.28
2008-11-01,10.9,,157.5,419.72
2008-11-02,11.85,,166.01,385.27
2008-11-03,14.22,,185.78,384.65
2008-11-04,13.75,,201.3,443.25
2008-11-05,15.17,,210.77,529.82
2008-11-06,15.64,,240.82,527.11
2008-11-07,15.17,,270.84,666.53
2008-11-08,12.32,,324.33,819.83
2008-11-09,10.43,,313.3,764.89
2008-11-10,11.14,,309.24,720.99
2008-11-11,15.41,,303.18,642.48
2008-11-12,21.33,,305.59,652.66
2008-11-13,30.57,,307.81,671.48
2008-11-14,19.2,,743.23,885.01
2008-11-15,16.35,,566.7,1246.68
2008-11-16,16.35,,408.05,1058.55
2008-11-17,18.89,,401.21,943.53
2008-11-18,28.96,,487.09,856.71
2008-11-19,3.63,,428.43,951.43
2008-11-20,22.31,,491.09,836.84
2008-11-21,24.31,,310.4,912.79
2008-11-22,18.62,,345.39,736.23
2008-11-23,13.65,,360.42,756.5
2008-11-24,8.51,,311.4,753.14
2008-11-25,3.19,,275.75,845.66
2008-11-26,103.99,,296.71,789.83
2008-11-27,34.98,,363.25,826.48
2008-11-28,24.78,,431.07,779.85
2008-11-29,39.29,,457.09,1073.57
2008-11-30,21.95,,445.97,1098.67
2008-12-01,17.69,,429.26,1097.28
2008-12-02,21.83,,342.05,1077.03
2008-12-03,16.56,,301.43,935.21
2008-12-04,15.47,,283.75,921.27
2008-12-05,13.95,,263.04,782.5
2008-12-06,12.63,,242.32,662.24
2008-12-07,11.86,,220.24,604.75
2008-12-08,12.15,,202.95,569.19
2008-12-09,14.27,,182.98,520.64
2008-12-10,17.23,,176.59,552.77
2008-12-11,22.32,,174.16,498.56
2008-12-12,25.89,,203.67,503.21
2008-12-13,26.17,,228.13,619.46
2008-12-14,21.61,,259.1,682.6
2008-12-15,24.57,,345.79,683.52
2008-12-16,64.6,,362.54,1034.24
2008-12-17,27.56,,387.21,1497.53
2008-12-18,32.26,,357.38,1317.46
2008-12-19,34.07,,413.05,1364.3
2008-12-20,23.69,,574.27,1488.11
2008-12-21,39.93,,572.79,1655.45
2008-12-22,39.23,,544.12,1324.55
2008-12-23,29.97,,653.89,1264.16
2008-12-24,23.85,,725.77,1323.87
2008-12-25,50.07,,701.53,1537.37
2008-12-26,88.36,,759.01,1303.89
2008-12-27,57.97,,788.65,1454.62
2008-12-28,49.96,,724.54,1709.43
2008-12-29,41.8,,681.23,1768.89
2008-12-30,34.54,,693.54,1776.04
2008-12-31,29.85,,571.92,1591.01
2009-01-01,29.36,,780.31,1324.55
2009-01-02,27.91,,534.32,1612.54
2009-01-03,28.16,,503.94,1433.49
2009-01-04,28.37,,446.64,1295.93
2009-01-05,29.58,,455.06,1155.36
2009-01-06,28.21,,452.69,1387.19
2009-01-07,23.55,,447.03,1325.36
2009-01-08,22.76,,437.9,1200.64
2009-01-09,22.68,,421.12,1065.0
2009-01-10,21.97,,408.59,1016.4
2009-01-11,21.25,,399.9,971.59
2009-01-12,21.42,,409.34,909.44
2009-01-13,23.09,,395.71,862.21
2009-01-14,36.46,,454.82,933.92
2009-01-15,32.38,,426.81,966.41
2009-01-16,32.03,,412.31,1198.61
2009-01-17,34.07,,401.13,1301.46
2009-01-18,45.11,,370.23,1120.39
2009-01-19,45.53,,455.58,1114.75
2009-01-20,45.59,,449.31,1062.95
2009-01-21,75.26,,862.22,1333.02
2009-01-22,40.13,,1150.58,2178.85
2009-01-23,41.06,,754.84,2084.04
2009-01-24,41.05,,633.48,1803.46
2009-01-25,40.58,,601.38,1503.86
2009-01-26,47.76,,850.82,1330.8
2009-01-27,70.06,,807.24,1307.12
2009-01-28,30.78,,869.31,1811.74
2009-01-29,29.62,,804.21,1804.43
2009-01-30,31.29,,681.67,1701.78
2009-01-31,32.04,,723.31,1649.52
2009-02-01,29.81,,676.61,1698.19
2009-02-02,24.68,,679.23,1462.72
2009-02-03,23.89,,759.78,1435.17
2009-02-04,26.31,,879.82,1569.6
2009-02-05,43.85,,838.14,1690.66
2009-02-06,23.09,,698.69,1621.01
2009-02-07,21.61,,775.88,1655.45
2009-02-08,22.86,,731.06,1625.38
2009-02-09,26.14,,739.55,1517.13
2009-02-10,52.32,,765.69,1638.06
2009-02-11,65.13,,1040.65,1864.42
2009-02-12,80.58,,1019.24,2244.79
2009-02-13,31.85,,1163.63,2658.06
2009-02-14,26.81,,1001.7,2555.43
2009-02-15,23.72,,1079.02,2405.11
2009-02-16,19.31,,1068.98,1679.97
2009-02-17,19.31,,987.48,1867.97
2009-02-18,19.31,,974.98,1790.65
2009-02-19,19.33,,1052.11,1666.2
2009-02-20,19.44,,998.76,1586.33
2009-02-21,19.63,,839.42,1630.75
2009-02-22,24.08,,701.07,1569.15
2009-02-23,41.17,,588.6,1502.28
2009-02-24,55.38,,491.04,1399.03
2009-02-25,41.77,,676.16,1179.24
2009-02-26,20.29,,960.88,1246.54
2009-02-27,19.38,,829.44,1678.67
2009-02-28,18.95,,682.91,1755.01
2009-03-01,19.3,,642.86,1313.77
2009-03-02,19.58,,631.61,1201.33
2009-03-03,19.79,,623.07,1148.63
2009-03-04,19.75,,541.81,1114.52
2009-03-05,19.72,,476.8,1015.21
2009-03-06,21.86,,422.43,992.35
2009-03-07,21.86,,383.57,973.7
2009-03-08,21.86,,353.8,1008.37
2009-03-09,19.71,,346.58,971.86
2009-03-10,20.35,,449.31,866.72
2009-03-11,34.58,,450.99,996.36
2009-03-12,63.1,,615.55,1029.5
2009-03-13,46.89,,711.58,1068.03
2009-03-14,37.57,,622.53,1339.78
2009-03-15,19.52,,622.96,1318.88
2009-03-16,19.55,,542.4,1187.98
2009-03-17,30.45,,521.72,1196.26
2009-03-18,22.07,,500.61,1027.78
2009-03-19,19.72,,485.41,1007.92
2009-03-20,19.63,,483.52,1064.93
2009-03-21,21.94,,485.86,991.39
2009-03-22,22.75,,486.11,950.32
2009-03-23,24.54,,479.22,999.04
2009-03-24,26.75,,441.05,1022.39
2009-03-25,28.57,,395.95,1033.08
2009-03-26,29.31,,371.57,968.57
2009-03-27,29.99,,368.96,882.23
2009-03-28,30.93,,372.23,890.12
2009-03-29,32.07,,405.54,1116.35
2009-03-30,33.25,,431.15,1158.39
2009-03-31,34.05,,425.24,1101.19
2009-04-01,33.27,,423.56,1163.35
2009-04-02,29.6,,399.84,1074.22
2009-04-03,26.97,,376.47,1029.2
2009-04-04,27.02,,337.73,979.54
2009-04-05,26.67,,329.52,863.35
2009-04-06,26.32,,345.9,762.93
2009-04-07,25.77,,497.99,855.1
2009-04-08,24.35,,522.99,1039.7
2009-04-09,23.3,,479.19,1238.27
2009-04-10,24.42,,451.61,1047.48
2009-04-11,23.14,,371.63,969.75
2009-04-12,22.76,,336.58,894.49
2009-04-13,22.84,,335.51,779.6
2009-04-14,26.05,,321.89,758.03
2009-04-15,40.41,,310.44,767.83
2009-04-16,20.93,,314.89,791.24
2009-04-17,20.41,,315.98,727.11
2009-04-18,20.07,,310.35,776.12
2009-04-19,19.7,,304.17,711.13
2009-04-20,19.36,,290.37,720.94
2009-04-21,27.36,,283.48,677.25
2009-04-22,22.05,,277.08,670.61
2009-04-23,20.7,,275.45,662.85
2009-04-24,19.11,,269.86,704.36
2009-04-25,18.61,,309.36,714.0
2009-04-26,17.66,,283.59,688.17
2009-04-27,18.43,,281.34,704.54
2009-04-28,17.4,,277.49,659.8
2009-04-29,17.19,,264.0,630.23
2009-04-30,16.21,,250.42,627.79
2009-05-01,16.45,,239.67,624.82
2009-05-02,16.45,,237.54,589.13
2009-05-03,16.26,,233.45,604.3
2009-05-04,30.71,,236.94,585.96
2009-05-05,17.36,,247.03,578.49
2009-05-06,16.81,,251.9,590.35
2009-05-07,16.21,,246.11,621.21
2009-05-08,15.71,,241.24,585.57
2009-05-09,15.44,,234.44,577.16
2009-05-10,15.65,,232.97,591.52
2009-05-11,15.92,,230.9,563.11
2009-05-12,14.97,,230.43,570.23
2009-05-13,14.76,,227.55,531.43
2009-05-14,15.55,,228.53,569.29
2009-05-15,23.25,,227.17,565.89
2009-05-16,16.56,,226.83,547.63
2009-05-17,14.35,,224.71,559.34
2009-05-18,14.04,,224.7,561.05
2009-05-19,14.15,,221.18,548.99
2009-05-20,13.86,,218.25,545.6
2009-05-21,13.63,,211.86,528.15
2009-05-22,13.84,,205.66,520.01
2009-05-23,13.92,,194.73,509.44
2009-05-24,12.44,,191.55,508.63
2009-05-25,14.66,,187.5,489.48
2009-05-26,20.8,,184.24,474.84
2009-05-27,23.51,,197.82,480.81
2009-05-28,103.11,,230.29,476.52
2009-05-29,33.68,,268.71,532.36
2009-05-30,23.1,,269.8,624.36
2009-05-31,24.59,,255.99,772.0
2009-06-01,21.71,,234.76,587.95
2009-06-02,16.18,,233.75,584.24
2009-06-03,16.15,,229.83,561.71
2009-06-04,15.18,,218.87,546.64
2009-06-05,14.73,,210.9,519.34
2009-06-06,13.75,,198.89,500.58
2009-06-07,14.23,,185.19,483.32
2009-06-08,13.25,,174.02,483.62
2009-06-09,13.78,,166.04,451.26
2009-06-10,15.25,,182.67,449.01
2009-06-11,17.45,,191.69,440.63
2009-06-12,17.87,,212.5,458.32
2009-06-13,15.98,,217.45,478.62
2009-06-14,14.81,,218.47,548.55
2009-06-15,13.63,,209.9,536.79
2009-06-16,14.13,,203.19,537.76
2009-06-17,13.39,,203.2,496.48
2009-06-18,13.44,,188.97,475.98
2009-06-19,11.96,,178.86,484.85
2009-06-20,11.93,,170.24,461.48
2009-06-21,11.67,,175.06,449.78
2009-06-22,12.17,,171.66,429.87
2009-06-23,11.96,,164.55,439.31
2009-06-24,12.23,,157.06,429.62
2009-06-25,13.21,,156.37,422.07
2009-06-26,14.18,,161.61,415.05
2009-06-27,14.87,,176.78,422.2
2009-06-28,13.89,,197.3,445.99
2009-06-29,12.17,,213.68,516.78
2009-06-30,11.25,,221.22,520.71
2009-07-01,11.25,,226.2,501.06
2009-07-02,11.99,,224.44,486.88
2009-07-03,11.99,,217.39,527.29
2009-07-04,11.25,,208.05,511.77
2009-07-05,11.22,,198.89,499.6
2009-07-06,10.99,,184.92,492.69
2009-07-07,10.99,,174.29,464.19
2009-07-08,10.04,,171.23,452.02
2009-07-09,12.55,,169.52,434.4
2009-07-10,14.96,,168.07,441.24
2009-07-11,16.12,,176.21,412.89
2009-07-12,13.09,,191.92,428.87
2009-07-13,11.22,,207.4,451.27
2009-07-14,11.01,,212.05,472.17
2009-07-15,11.78,,209.7,454.36
2009-07-16,11.73,,210.89,468.42
2009-07-17,11.55,,205.31,447.27
2009-07-18,11.04,,191.51,452.22
2009-07-19,10.54,,178.0,452.44
2009-07-20,9.77,,165.15,436.32
2009-07-21,10.01,,161.54,413.32
2009-07-22,10.8,,155.83,399.36
2009-07-23,14.29,,157.94,401.01
2009-07-24,14.66,,163.52,394.91
2009-07-25,15.17,,180.66,392.97
2009-07-26,14.11,,200.3,427.23
2009-07-27,14.22,,214.68,439.92
2009-07-28,13.66,,235.08,437.63
2009-07-29,11.99,,316.32,460.2
2009-07-30,11.49,,333.29,479.87
2009-07-31,11.28,,310.99,561.51
2009-08-01,9.06,,310.72,574.12
2009-08-02,6.89,,358.62,554.14
2009-08-03,4.78,,321.65,543.48
2009-08-04,5.37,,300.7,566.94
2009-08-05,7.64,,237.94,527.6
2009-08-06,10.84,,210.3,539.47
2009-08-07,13.11,,187.39,470.84
2009-08-08,13.03,,165.33,421.41
2009-08-09,11.5,,160.93,403.09
2009-08-10,9.24,,151.17,403.4
2009-08-11,7.89,,148.95,365.99
2009-08-12,7.7,,147.14,367.73
2009-08-13,9.15,,149.38,358.16
2009-08-14,9.36,,140.47,662.85
2009-08-15,8.83,,131.22,360.92
2009-08-16,7.41,,126.0,332.93
2009-08-17,7.94,,122.26,352.51
2009-08-18,9.86,,129.26,322.82
2009-08-19,13.7,,142.27,334.18
2009-08-20,13.98,,157.87,326.59
2009-08-21,12.89,,169.76,354.25
2009-08-22,10.93,,177.95,383.57
2009-08-23,13.13,,197.88,403.39
2009-08-24,16.92,,210.26,406.22
2009-08-25,23.89,,221.04,418.13
2009-08-26,14.51,,225.12,436.35
2009-08-27,13.39,,222.4,458.52
2009-08-28,10.97,,214.74,467.32
2009-08-29,8.62,,186.83,445.86
2009-08-30,7.22,,175.69,426.23
2009-08-31,7.91,,165.24,392.02
2009-09-01,8.41,,159.78,372.9
2009-09-02,8.89,,147.15,364.13
2009-09-03,8.65,,138.34,359.36
2009-09-04,7.94,,130.34,345.49
2009-09-05,8.2,,134.16,347.2
2009-09-06,9.81,,147.0,387.29
2009-09-07,13.38,,169.14,362.37
2009-09-08,14.74,,207.38,399.34
2009-09-09,14.29,,258.62,443.01
2009-09-10,12.62,,300.3,493.03
2009-09-11,10.16,,276.83,542.45
2009-09-12,8.65,,285.02,485.64
2009-09-13,7.46,,311.46,487.94
2009-09-14,8.11,,245.19,497.95
2009-09-15,8.12,,224.23,516.45
2009-09-16,7.47,,200.08,410.0
2009-09-17,7.66,,183.64,425.07
2009-09-18,9.45,,163.98,401.93
2009-09-19,12.75,,162.46,381.24
2009-09-20,16.78,,155.0,360.95
2009-09-21,16.86,,191.24,371.89
2009-09-22,15.62,,211.28,416.11
2009-09-23,15.46,,240.35,596.51
2009-09-24,15.91,,237.17,512.96
2009-09-25,14.67,,221.7,524.99
2009-09-26,11.45,,204.09,492.1
2009-09-27,11.59,,180.22,467.54
2009-09-28,14.95,,169.95,455.56
2009-09-29,27.13,,162.11,398.28
2009-09-30,21.96,,160.79,382.24
2009-10-01,12.7,,168.5,375.21
2009-10-02,11.63,,174.48,391.64
2009-10-03,10.71,,178.03,388.61
2009-10-04,10.5,,174.98,372.21
2009-10-05,10.93,,175.58,406.9
2009-10-06,11.54,,166.73,390.66
2009-10-07,61.31,,173.25,387.22
2009-10-08,132.31,,184.45,388.47
2009-10-09,42.3,,594.04,669.65
2009-10-10,29.7,,412.89,1140.35
2009-10-11,22.62,,374.25,1170.93
2009-10-12,16.35,,310.78,789.01
2009-10-13,15.64,,310.67,700.08
2009-10-14,22.05,,318.47,595.7
2009-10-15,26.78,,283.69,570.08
2009-10-16,28.96,,243.62,646.15
2009-10-17,30.94,,244.29,733.45
2009-10-18,36.52,,263.96,657.02
2009-10-19,58.58,,307.87,725.09
2009-10-20,26.88,,469.97,933.61
2009-10-21,18.1,,488.63,1012.55
2009-10-22,17.83,,388.22,859.16
2009-10-23,17.11,,354.2,906.7
2009-10-24,17.72,,369.87,751.25
2009-10-25,20.38,,368.57,674.67
2009-10-26,33.55,,384.35,698.19
2009-10-27,58.92,,398.13,832.62
2009-10-28,43.06,,368.17,811.17
2009-10-29,36.78,,320.95,891.75
2009-10-30,27.02,,306.98,875.76
2009-10-31,19.36,,288.69,794.56
2009-11-01,18.72,,316.41,756.8
2009-11-02,17.72,,346.12,674.04
2009-11-03,17.51,,277.3,745.16
2009-11-04,15.87,,227.09,757.27
2009-11-05,16.4,,217.15,646.38
2009-11-06,16.7,,202.55,606.31
2009-11-07,18.65,,182.0,533.14
2009-11-08,31.43,,170.4,520.28
2009-11-09,40.81,,195.43,514.68
2009-11-10,49.66,,239.16,525.45
2009-11-11,36.21,,297.96,1083.71
2009-11-12,28.83,,662.48,1290.06
2009-11-13,25.41,,452.05,1628.82
2009-11-14,19.91,,307.56,1268.61
2009-11-15,44.06,,278.71,894.34
2009-11-16,49.68,,308.38,887.78
2009-11-17,24.93,,411.88,926.38
2009-11-18,23.41,,403.43,946.69
2009-11-19,21.97,,300.42,909.46
2009-11-20,19.28,,278.22,823.12
2009-11-21,17.21,,279.15,786.71
2009-11-22,14.04,,274.28,636.51
2009-11-23,23.01,,252.38,551.63
2009-11-24,23.97,,232.26,670.62
2009-11-25,24.1,,353.45,613.15
2009-11-26,23.55,,391.97,556.69
2009-11-27,26.23,,406.79,771.14
2009-11-28,18.32,,613.33,893.07
2009-11-29,18.43,,471.48,1175.02
2009-11-30,18.49,,417.85,1175.59
2009-12-01,28.55,,356.0,1199.65
2009-12-02,47.51,,475.88,937.12
2009-12-03,75.87,,453.5,866.32
2009-12-04,45.56,,699.0,1115.08
2009-12-05,33.16,,721.43,1831.93
2009-12-06,30.01,,506.53,1809.52
2009-12-07,78.34,,586.24,1332.39
2009-12-08,72.04,,786.19,1171.77
2009-12-09,66.77,,1084.67,1386.16
2009-12-10,61.96,,958.94,2095.08
2009-12-11,26.01,,955.56,2023.16
2009-12-12,39.53,,831.58,1937.45
2009-12-13,38.32,,932.29,1699.54
2009-12-14,34.15,,876.83,1407.56
2009-12-15,28.11,,792.13,1474.96
2009-12-16,46.98,,729.19,1396.83
2009-12-17,59.7,,699.58,1331.96
2009-12-18,58.76,,698.33,1307.86
2009-12-19,35.21,,601.26,1428.58
2009-12-20,33.53,,546.37,1307.2
2009-12-21,22.94,,636.73,1113.48
2009-12-22,50.59,,630.62,991.7
2009-12-23,18.77,,612.72,1186.64
2009-12-24,26.68,,532.29,1163.09
2009-12-25,25.96,,415.23,1390.26
2009-12-26,21.27,,385.48,1279.37
2009-12-27,71.71,,404.4,1082.0
2009-12-28,46.74,,620.89,1788.13
2009-12-29,70.38,,831.44,1905.38
2009-12-30,193.16,,612.56,1775.03
2009-12-31,86.26,,1033.19,1930.0
2010-01-01,37.88,,1211.91,2827.46
2010-01-02,23.5,,1387.05,2342.14
2010-01-03,28.17,,1079.37,2125.04
2010-01-04,27.35,,999.14,2084.28
2010-01-05,23.35,,1347.54,1754.15
2010-01-06,35.28,,1567.62,1660.78
2010-01-07,29.36,,1449.52,1748.07
2010-01-08,18.37,,1277.72,2232.38
2010-01-09,16.51,,1055.29,2169.48
2010-01-10,17.19,,826.86,1782.75
2010-01-11,18.03,,672.54,1531.04
2010-01-12,18.37,,667.3,1314.07
2010-01-13,32.5,,651.92,1107.53
2010-01-14,50.52,,688.02,1172.88
2010-01-15,32.06,,757.5,1352.94
2010-01-16,21.3,,738.04,1979.52
2010-01-17,26.44,,591.3,1629.22
2010-01-18,36.4,,584.22,1265.96
2010-01-19,31.01,,532.66,1126.11
2010-01-20,59.18,,658.14,1084.58
2010-01-21,50.64,,694.28,1242.33
2010-01-22,46.13,,846.94,1344.72
2010-01-23,39.14,,712.86,1598.39
2010-01-24,73.65,,709.71,1377.0
2010-01-25,75.5,,1186.89,1662.04
2010-01-26,44.39,,1219.73,2208.37
2010-01-27,22.46,,1127.67,2073.32
2010-01-28,19.91,,921.6,1883.13
2010-01-29,16.87,,822.35,1790.21
2010-01-30,25.03,,877.27,1500.34
2010-01-31,13.86,,897.86,1358.38
2010-02-01,15.0,,750.17,1338.9
2010-02-02,16.23,,663.45,1363.11
2010-02-03,15.6,,587.21,1191.29
2010-02-04,13.52,,509.64,1106.34
2010-02-05,13.21,,507.77,1009.12
2010-02-06,15.23,,518.7,961.93
2010-02-07,17.26,,523.2,919.09
2010-02-08,18.37,,477.14,930.22
2010-02-09,34.42,,416.5,839.36
2010-02-10,34.57,,628.12,777.12
2010-02-11,13.68,,568.67,982.96
2010-02-12,13.54,,518.77,1088.96
2010-02-13,12.75,,453.19,935.11
2010-02-14,14.17,,437.6,873.9
2010-02-15,13.74,,412.59,777.06
2010-02-16,13.6,,394.42,809.66
2010-02-17,28.74,,387.27,703.79
2010-02-18,10.64,,403.3,797.44
2010-02-19,12.13,,431.99,885.69
2010-02-20,13.18,,392.76,944.91
2010-02-21,12.14,,373.7,953.89
2010-02-22,12.99,,410.29,835.58
2010-02-23,13.84,,434.72,726.27
2010-02-24,52.49,,406.83,797.99
2010-02-25,44.62,,402.19,771.24
2010-02-26,17.79,,451.55,936.18
2010-02-27,28.66,,446.94,1133.6
2010-02-28,59.91,,463.66,980.21
2010-03-01,47.77,,582.96,997.09
2010-03-02,34.57,,816.46,1231.16
2010-03-03,28.32,,784.05,1524.52
2010-03-04,25.76,,667.59,1663.31
2010-03-05,48.18,,830.05,1667.2
2010-03-06,25.57,,860.62,1700.76
2010-03-07,21.13,,1108.6,1936.65
2010-03-08,18.75,,796.6,2132.98
2010-03-09,22.98,,606.35,1495.89
2010-03-10,13.39,,582.14,1485.82
2010-03-11,14.75,,549.24,1185.22
2010-03-12,18.82,,470.48,1124.26
2010-03-13,49.36,,396.06,959.04
2010-03-14,65.7,,347.24,865.0
2010-03-15,83.23,,469.18,914.76
2010-03-16,130.74,,777.09,1281.6
2010-03-17,43.95,,736.38,1517.2
2010-03-18,28.14,,573.66,1675.36
2010-03-19,27.58,,555.72,1371.29
2010-03-20,33.04,,527.03,1107.88
2010-03-21,27.63,,515.08,1191.39
2010-03-22,25.31,,531.71,1205.53
2010-03-23,21.17,,493.86,1062.5
2010-03-24,18.91,,439.36,1013.25
2010-03-25,23.5,,469.66,931.91
2010-03-26,24.51,,487.64,851.88
2010-03-27,30.79,,478.53,942.81
2010-03-28,35.35,,460.12,936.24
2010-03-29,56.8,,432.34,864.25
2010-03-30,60.23,,544.34,993.3
2010-03-31,33.39,,702.13,1146.95
2010-04-01,17.86,,617.14,1180.77
2010-04-02,25.77,,471.95,1304.56
2010-04-03,40.71,,528.67,1027.55
2010-04-04,109.57,,570.17,895.02
2010-04-05,154.1,,674.38,1172.22
2010-04-06,95.16,,645.45,1597.77
2010-04-07,64.17,,809.83,1623.58
2010-04-08,70.72,,729.81,1545.73
2010-04-09,53.79,,782.56,1540.57
2010-04-10,43.6,,865.72,1410.77
2010-04-11,34.08,,795.74,1400.02
2010-04-12,29.84,,675.78,1411.55
2010-04-13,29.47,,535.33,1260.18
2010-04-14,27.36,,490.16,1036.82
2010-04-15,25.83,,456.01,991.78
2010-04-16,25.36,,419.67,908.55
2010-04-17,17.34,,397.7,834.5
2010-04-18,23.36,,372.67,878.57
2010-04-19,19.26,,370.96,738.2
2010-04-20,23.51,,333.39,778.53
2010-04-21,18.93,,326.97,748.26
2010-04-22,21.58,,320.34,666.95
2010-04-23,24.21,,313.67,705.23
2010-04-24,23.06,,318.65,706.77
2010-04-25,19.77,,323.74,687.15
2010-04-26,17.3,,313.7,716.31
2010-04-27,25.67,,309.29,685.96
2010-04-28,28.46,,306.48,686.69
2010-04-29,23.0,,300.37,711.49
2010-04-30,20.95,,290.31,713.32
2010-05-01,22.35,,281.16,962.5
2010-05-02,19.53,,277.81,703.94
2010-05-03,19.03,,265.89,647.15
2010-05-04,18.58,,263.15,632.56
2010-05-05,16.98,,253.69,648.08
2010-05-06,16.45,,255.82,612.6
2010-05-07,17.22,,252.93,603.6
2010-05-08,25.28,,262.25,613.2
2010-05-09,28.49,,271.05,618.12
2010-05-10,16.07,,286.68,624.88
2010-05-11,13.35,,297.09,653.68
2010-05-12,11.79,,294.72,731.04
2010-05-13,10.5,,283.77,662.09
2010-05-14,9.7,,317.8,685.14
2010-05-15,9.7,,277.48,617.62
2010-05-16,11.38,,240.93,648.45
2010-05-17,13.84,,237.38,605.59
2010-05-18,24.13,,244.4,578.89
2010-05-19,17.99,,253.31,554.84
2010-05-20,14.05,,239.63,566.06
2010-05-21,12.32,,225.87,614.95
2010-05-22,11.48,,223.56,585.2
2010-05-23,12.45,,223.01,560.53
2010-05-24,11.78,,221.91,528.91
2010-05-25,14.7,,217.18,495.59
2010-05-26,15.2,,219.31,547.82
2010-05-27,16.11,,226.21,506.0
2010-05-28,13.07,,225.69,557.21
2010-05-29,14.65,,221.94,531.76
2010-05-30,15.67,,213.21,587.08
2010-05-31,16.65,,205.84,507.15
2010-06-01,13.87,,207.32,523.02
2010-06-02,12.09,,208.91,578.88
2010-06-03,12.97,,214.21,491.77
2010-06-04,12.99,,222.13,485.01
2010-06-05,12.2,,221.14,488.71
2010-06-06,10.55,,221.72,510.97
2010-06-07,9.7,,217.41,501.2
2010-06-08,9.7,,218.03,499.95
2010-06-09,10.58,,216.26,488.04
2010-06-10,14.01,,220.17,490.81
2010-06-11,25.37,,220.3,483.38
2010-06-12,12.28,,220.27,493.41
2010-06-13,11.65,,211.62,501.9
2010-06-14,10.5,,207.61,523.49
2010-06-15,9.7,,206.95,490.78
2010-06-16,8.88,,205.85,479.59
2010-06-17,8.88,,202.86,464.06
2010-06-18,8.88,,202.65,453.25
2010-06-19,8.88,,200.97,447.46
2010-06-20,8.91,,198.36,447.54
2010-06-21,8.91,,192.54,454.11
2010-06-22,8.91,,186.92,442.65
2010-06-23,8.91,,179.98,434.5
2010-06-24,8.85,,178.18,426.39
2010-06-25,8.85,,182.25,422.88
2010-06-26,8.03,,184.67,423.82
2010-06-27,8.08,,181.03,423.66
2010-06-28,7.26,,179.73,428.19
2010-06-29,8.08,,181.42,426.34
2010-06-30,7.23,,177.81,421.13
2010-07-01,8.06,,176.47,414.62
2010-07-02,7.23,,176.36,407.15
2010-07-03,7.26,,174.77,407.68
2010-07-04,7.23,,173.05,411.71
2010-07-05,7.21,,169.41,407.17
2010-07-06,7.21,,170.09,399.15
2010-07-07,7.23,,165.75,392.69
2010-07-08,7.23,,167.99,394.86
2010-07-09,7.23,,162.39,386.62
2010-07-10,6.41,,167.38,386.03
2010-07-11,6.47,,166.29,377.51
2010-07-12,7.32,,170.11,385.47
2010-07-13,8.11,,181.49,394.74
2010-07-14,8.08,,200.77,422.25
2010-07-15,11.18,,219.47,543.66
2010-07-16,14.04,,278.76,445.37
2010-07-17,14.01,,299.01,497.95
2010-07-18,6.36,,358.62,579.27
2010-07-19,25.34,,389.31,604.96
2010-07-20,25.25,,400.09,649.3
2010-07-21,27.5,,325.4,651.5
2010-07-22,9.17,,308.95,673.77
2010-07-23,7.39,,259.58,672.93
2010-07-24,6.74,,213.93,496.55
2010-07-25,7.16,,188.25,587.98
2010-07-26,7.19,,178.01,484.37
2010-07-27,7.09,,172.09,437.85
2010-07-28,7.0,,165.62,421.41
2010-07-29,6.78,,159.48,434.56
2010-07-30,8.12,,156.67,411.48
2010-07-31,8.27,,159.64,399.27
2010-08-01,10.5,,167.22,378.01
2010-08-02,9.84,,167.05,364.42
2010-08-03,11.48,,160.38,393.19
2010-08-04,10.79,,155.84,422.06
2010-08-05,11.2,,153.53,393.5
2010-08-06,10.15,,152.63,360.32
2010-08-07,9.33,,146.97,338.85
2010-08-08,8.97,,148.21,366.62
2010-08-09,9.18,,147.58,356.42
2010-08-10,8.94,,147.82,356.57
2010-08-11,8.62,,149.27,347.69
2010-08-12,7.96,,149.05,352.16
2010-08-13,9.19,,144.18,349.62
2010-08-14,10.5,,137.96,349.28
2010-08-15,10.89,,136.77,348.11
2010-08-16,9.67,,131.33,343.52
2010-08-17,8.41,,130.33,345.99
2010-08-18,8.2,,130.59,334.07
2010-08-19,7.99,,129.46,332.57
2010-08-20,7.73,,122.06,325.35
2010-08-21,7.55,,119.35,323.49
2010-08-22,7.55,,119.71,314.9
2010-08-23,7.55,,118.17,312.1
2010-08-24,7.28,,119.95,334.37
2010-08-25,7.04,,119.14,312.01
2010-08-26,6.81,,116.72,319.55
2010-08-27,6.81,,106.72,290.87
2010-08-28,6.09,,102.72,308.32
2010-08-29,5.52,,108.02,299.34
2010-08-30,4.86,,107.36,303.96
2010-08-31,4.97,,108.55,306.93
2010-09-01,4.91,,101.13,319.76
2010-09-02,4.94,,97.08,318.93
2010-09-03,4.7,,91.23,317.71
2010-09-04,5.02,,92.42,305.59
2010-09-05,5.29,,92.81,280.58
2010-09-06,6.48,,93.2,270.59
2010-09-07,7.0,,94.0,289.71
2010-09-08,7.61,,94.33,296.11
2010-09-09,6.81,,95.37,327.2
2010-09-10,5.96,,97.07,320.68
2010-09-11,5.86,,103.07,338.72
2010-09-12,5.45,,109.76,307.58
2010-09-13,5.24,,107.55,282.18
2010-09-14,4.47,,103.96,284.92
2010-09-15,4.68,,102.63,278.36
2010-09-16,5.66,,104.65,267.68
2010-09-17,7.0,,107.58,262.26
2010-09-18,8.09,,113.46,270.86
2010-09-19,7.46,,116.07,284.63
2010-09-20,6.28,,117.13,283.36
2010-09-21,5.14,,110.25,294.4
2010-09-22,5.31,,113.54,317.1
2010-09-23,6.99,,112.69,319.21
2010-09-24,8.42,,123.89,300.95
2010-09-25,8.97,,123.15,264.49
2010-09-26,23.32,,146.09,286.27
2010-09-27,17.9,,168.65,313.19
2010-09-28,12.61,,188.76,373.7
2010-09-29,9.42,,193.97,416.88
2010-09-30,8.58,,191.17,428.66
2010-10-01,10.38,,190.56,424.66
2010-10-02,11.45,,186.24,431.81
2010-10-03,13.06,,178.45,533.08
2010-10-04,8.52,,166.32,469.95
2010-10-05,7.1,,159.49,429.72
2010-10-06,4.31,,150.04,402.06
2010-10-07,6.1,,147.01,387.84
2010-10-08,6.67,,137.84,361.84
2010-10-09,7.34,,135.3,366.95
2010-10-10,8.1,,129.77,344.97
2010-10-11,7.3,,118.41,339.87
2010-10-12,6.83,,110.84,315.85
2010-10-13,5.02,,102.11,313.49
2010-10-14,3.69,,98.62,297.8
2010-10-15,3.78,,96.61,291.95
2010-10-16,5.49,,97.37,289.74
2010-10-17,7.43,,108.32,281.5
2010-10-18,22.16,,127.79,290.56
2010-10-19,6.93,,146.49,324.06
2010-10-20,6.33,,155.23,381.08
2010-10-21,6.44,,147.78,408.7
2010-10-22,7.15,,137.4,354.77
2010-10-23,7.21,,131.92,324.29
2010-10-24,11.51,,131.78,315.52
2010-10-25,20.18,,152.11,343.26
2010-10-26,22.81,,170.91,376.08
2010-10-27,5.94,,180.45,580.82
2010-10-28,7.43,,162.99,689.37
2010-10-29,7.81,,147.94,513.15
2010-10-30,7.21,,141.85,347.57
2010-10-31,7.0,,140.92,505.41
2010-11-01,7.0,,146.0,382.0
2010-11-02,8.0,,183.0,460.0
2010-11-03,8.0,,182.0,598.0
2010-11-04,7.0,,169.0,447.0
2010-11-05,6.0,,137.0,424.0
2010-11-06,5.0,,135.0,403.0
2010-11-07,5.0,,130.0,481.0
2010-11-08,9.0,,131.0,474.0
2010-11-09,16.0,,129.0,485.0
2010-11-10,99.0,,154.0,560.0
2010-11-11,18.0,,171.0,610.0
2010-11-12,14.0,,196.0,823.0
2010-11-13,12.0,,195.0,716.0
2010-11-14,12.0,,197.0,499.0
2010-11-15,13.0,,191.0,614.0
2010-11-16,13.0,,197.0,585.0
2010-11-17,11.0,,201.0,578.0
2010-11-18,9.0,,288.0,627.0
2010-11-19,9.0,,279.0,577.0
2010-11-20,8.0,,256.0,591.0
2010-11-21,9.0,,253.0,657.0
2010-11-22,13.0,,253.0,695.0
2010-11-23,17.0,,282.0,764.0
2010-11-24,17.0,,311.0,787.0
2010-11-25,31.0,,408.0,1201.0
2010-11-26,11.0,,314.0,1486.0
2010-11-27,10.0,,278.0,1236.0
2010-11-28,9.0,,248.0,969.0
2010-11-29,12.0,,220.0,769.0
2010-11-30,13.0,,205.0,591.0
2010-12-01,15.0,,223.0,646.0
2010-12-02,38.0,,265.0,654.0
2010-12-03,64.0,,329.0,705.0
2010-12-04,33.0,,525.0,893.0
2010-12-05,134.0,,505.0,1029.0
2010-12-06,93.0,,1108.0,864.0
2010-12-07,44.0,,1065.0,2089.0
2010-12-08,30.0,,825.0,2694.0
2010-12-09,50.0,,791.0,2032.0
2010-12-10,25.0,,490.0,1573.0
2010-12-11,19.0,,419.0,1343.0
2010-12-12,26.0,,368.0,1006.0
2010-12-13,61.0,,327.0,830.0
2010-12-14,64.0,,455.0,882.0
2010-12-15,46.0,,644.0,1308.0
2010-12-16,69.0,,631.0,2212.0
2010-12-17,41.0,,770.0,1862.0
2010-12-18,31.0,,521.0,1715.0
2010-12-19,42.0,,525.0,1291.0
2010-12-20,24.0,,492.0,1145.0
2010-12-21,23.0,,420.0,1032.0
2010-12-22,32.0,,521.0,947.0
2010-12-23,35.0,,558.0,1231.0
2010-12-24,31.0,,606.0,1971.0
2010-12-25,28.0,,555.0,1306.0
2010-12-26,41.0,,589.0,1376.0
2010-12-27,50.0,,885.0,1319.0
2010-12-28,26.0,,738.0,1940.0
2010-12-29,28.0,,612.0,1968.0
2010-12-30,20.0,,518.0,1724.0
2010-12-31,21.22,,465.0,1365.0
2011-01-01,24.43,25.311,420.02,1274.85
2011-01-02,29.15,26.205,417.18,1269.78
2011-01-03,62.8,25.973,467.78,1087.27
2011-01-04,35.55,49.151,664.1,1187.33
2011-01-05,71.29,42.447,891.45,1743.12
2011-01-06,57.71,38.588,828.09,2046.27
2011-01-07,26.93,73.363,1100.35,2269.45
2011-01-08,24.43,35.735,1210.27,1808.91
2011-01-09,23.52,28.454,895.21,1919.51
2011-01-10,63.39,26.984,770.84,1862.88
2011-01-11,57.24,39.484,851.19,1990.1
2011-01-12,52.85,57.807,919.45,2502.62
2011-01-13,34.49,42.119,868.88,2542.21
2011-01-14,51.55,35.272,879.45,1950.16
2011-01-15,59.38,32.841,1119.51,2401.77
2011-01-16,37.5,33.636,1296.04,2705.48
2011-01-17,35.48,35.438,1186.97,2730.2
2011-01-18,32.43,30.774,981.89,2614.8
2011-01-19,30.76,29.944,820.29,2213.08
2011-01-20,24.49,29.376,892.71,1906.38
2011-01-21,23.74,27.974,886.0,1737.59
2011-01-22,21.31,27.097,773.03,1683.77
2011-01-23,21.39,26.089,683.07,1640.75
2011-01-24,19.53,27.193,591.71,1418.55
2011-01-25,18.8,24.114,504.59,1338.93
2011-01-26,23.12,22.417,408.27,1094.13
2011-01-27,19.44,22.277,371.0,817.67
2011-01-28,18.87,24.009,381.44,904.54
2011-01-29,18.55,20.547,370.44,888.25
2011-01-30,18.49,19.289,364.87,868.27
2011-01-31,21.79,19.38,335.13,932.96
2011-02-01,16.07,20.356,342.82,872.96
2011-02-02,14.55,4.183,376.68,856.73
2011-02-03,13.73,3.225,400.93,816.78
2011-02-04,13.34,3.043,398.22,864.57
2011-02-05,12.86,2.862,360.58,913.75
2011-02-06,11.21,2.739,360.56,814.59
2011-02-07,10.47,2.663,381.75,746.84
2011-02-08,9.7,2.602,346.36,836.75
2011-02-09,11.38,2.54,301.63,777.31
2011-02-10,9.87,2.523,277.39,691.93
2011-02-11,9.84,2.46,270.2,670.99
2011-02-12,8.3,2.46,263.18,667.21
2011-02-13,9.07,2.46,271.17,663.57
2011-02-14,9.1,2.428,287.76,604.24
2011-02-15,9.87,2.379,300.54,645.72
2011-02-16,9.84,2.332,327.02,663.43
2011-02-17,10.1,2.377,340.18,718.14
2011-02-18,8.54,2.593,384.83,706.97
2011-02-19,7.8,2.451,380.55,778.63
2011-02-20,8.33,2.364,389.13,808.62
2011-02-21,11.1,2.359,431.56,764.41
2011-02-22,15.85,2.389,391.04,727.08
2011-02-23,14.42,2.901,373.74,847.79
2011-02-24,12.42,3.12,386.89,905.17
2011-02-25,7.67,2.623,389.84,908.86
2011-02-26,6.85,2.512,373.85,780.85
2011-02-27,39.44,2.878,366.02,814.56
2011-02-28,53.5,5.73,451.73,868.42
2011-03-01,15.98,29.79,802.46,1435.29
2011-03-02,38.24,4.867,699.49,1694.65
2011-03-03,16.18,8.989,728.08,1508.28
2011-03-04,42.31,6.031,825.47,1602.62
2011-03-05,33.21,7.227,897.49,1623.45
2011-03-06,26.57,15.909,1045.41,1794.73
2011-03-07,21.41,8.06,1228.64,2183.58
2011-03-08,11.79,4.887,1064.78,2138.99
2011-03-09,36.89,3.398,970.5,2263.52
2011-03-10,31.78,2.983,864.89,1931.62
2011-03-11,15.97,16.768,765.7,1808.08
2011-03-12,14.99,4.432,675.81,1685.76
2011-03-13,14.26,2.904,589.65,1597.15
2011-03-14,13.76,2.761,573.6,1334.57
2011-03-15,100.12,2.661,596.64,1186.66
2011-03-16,42.43,40.459,700.47,1169.19
2011-03-17,28.46,38.186,612.5,1407.6
2011-03-18,18.84,9.78,624.48,1536.3
2011-03-19,22.48,4.624,557.37,1375.52
2011-03-20,19.9,3.884,573.27,1156.87
2011-03-21,19.1,3.752,640.13,975.83
2011-03-22,17.41,3.066,578.45,1028.09
2011-03-23,15.41,3.124,507.1,1158.59
2011-03-24,13.87,2.929,464.05,1063.44
2011-03-25,13.49,2.81,469.56,951.41
2011-03-26,13.05,2.851,447.2,901.95
2011-03-27,13.71,3.028,449.68,985.35
2011-03-28,13.84,2.757,457.15,881.36
2011-03-29,30.88,2.7,461.2,963.43
2011-03-30,25.78,2.901,507.05,1078.36
2011-03-31,29.46,3.363,623.38,1218.25
2011-04-01,15.66,3.078,586.52,1198.31
2011-04-02,45.2,4.531,685.81,1233.04
2011-04-03,33.53,10.102,744.57,1228.12
2011-04-04,40.04,21.027,658.79,1402.64
2011-04-05,24.96,6.843,667.56,1387.28
2011-04-06,16.06,16.665,677.65,1362.62
2011-04-07,15.62,3.799,795.95,1292.86
2011-04-08,15.74,2.708,682.91,1168.73
2011-04-09,16.29,2.563,627.65,1266.41
2011-04-10,16.89,3.065,557.06,1269.26
2011-04-11,36.42,2.601,501.82,1190.67
2011-04-12,13.63,5.238,458.82,1052.46
2011-04-13,13.66,3.478,420.86,921.55
2011-04-14,12.88,2.372,450.91,854.97
2011-04-15,12.01,2.286,465.69,846.92
2011-04-16,12.12,2.22,428.62,864.63
2011-04-17,12.14,2.21,361.02,833.17
2011-04-18,12.17,2.194,348.36,746.38
2011-04-19,11.38,2.15,314.31,725.44
2011-04-20,11.38,2.15,320.53,705.53
2011-04-21,11.74,2.148,310.7,676.55
2011-04-22,12.47,2.118,307.2,676.4
2011-04-23,26.15,2.07,291.64,659.3
2011-04-24,20.51,2.503,287.45,653.5
2011-04-25,63.55,3.797,374.39,640.47
2011-04-26,19.44,3.385,336.71,739.26
2011-04-27,15.82,2.633,332.45,767.81
2011-04-28,12.36,2.436,300.09,855.87
2011-04-29,22.9,2.325,317.73,761.1
2011-04-30,14.83,3.757,313.74,724.66
2011-05-01,15.13,2.423,306.72,711.44
2011-05-02,14.61,3.094,298.66,770.52
2011-05-03,13.79,3.029,337.06,613.86
2011-05-04,12.83,2.579,331.54,666.03
2011-05-05,12.17,2.388,305.79,747.26
2011-05-06,11.35,2.306,285.93,681.74
2011-05-07,11.35,2.258,269.16,653.4
2011-05-08,11.49,2.19,266.53,604.95
2011-05-09,11.38,2.151,260.44,576.46
2011-05-10,12.2,2.172,263.71,555.26
2011-05-11,12.14,2.228,260.59,608.68
2011-05-12,13.1,2.22,264.74,579.54
2011-05-13,13.05,2.22,260.1,599.45
2011-05-14,13.9,2.237,244.96,604.86
2011-05-15,14.09,2.317,234.07,597.93
2011-05-16,34.88,2.443,234.22,621.08
2011-05-17,13.82,2.507,245.18,631.66
2011-05-18,13.04,2.519,241.87,570.54
2011-05-19,12.2,2.281,241.15,622.78
2011-05-20,11.32,2.213,234.15,579.69
2011-05-21,10.53,2.154,232.9,565.57
2011-05-22,9.7,2.15,217.02,559.13
2011-05-23,9.13,2.078,219.9,555.53
2011-05-24,9.38,2.07,225.72,536.37
2011-05-25,9.75,2.016,227.8,528.79
2011-05-26,10.09,2.0,215.67,586.46
2011-05-27,9.84,2.011,204.35,532.12
2011-05-28,10.29,2.015,198.68,512.21
2011-05-29,9.68,2.0,194.1,499.61
2011-05-30,9.68,2.0,192.97,495.34
2011-05-31,8.88,2.0,192.92,491.06
2011-06-01,8.91,2.0,205.91,487.92
2011-06-02,9.02,2.0,200.57,487.1
2011-06-03,9.24,2.018,199.84,492.07
2011-06-04,22.16,2.245,187.89,480.33
2011-06-05,10.22,2.175,185.86,484.73
2011-06-06,10.17,2.047,191.33,477.96
2011-06-07,9.73,2.019,195.68,495.55
2011-06-08,9.76,2.27,208.24,474.88
2011-06-09,9.7,2.245,222.31,484.96
2011-06-10,8.88,2.498,235.93,511.1
2011-06-11,8.06,2.205,247.62,539.17
2011-06-12,8.06,2.125,251.83,551.53
2011-06-13,8.88,2.07,279.91,547.59
2011-06-14,8.06,2.005,264.12,540.32
2011-06-15,8.06,2.0,240.15,558.09
2011-06-16,7.23,2.0,224.98,544.36
2011-06-17,7.21,2.0,214.51,511.63
2011-06-18,7.23,1.979,204.87,494.31
2011-06-19,8.06,1.93,203.46,482.89
2011-06-20,8.08,1.93,196.75,481.03
2011-06-21,7.23,1.926,202.63,483.56
2011-06-22,7.23,1.93,200.24,467.47
2011-06-23,6.41,1.93,199.17,475.62
2011-06-24,6.44,1.93,188.8,457.87
2011-06-25,6.49,1.93,186.29,451.87
2011-06-26,8.91,1.948,184.71,437.93
2011-06-27,8.88,2.334,179.47,443.06
2011-06-28,8.0,2.237,179.58,438.1
2011-06-29,6.41,2.012,177.39,427.41
2011-06-30,7.26,1.999,181.65,425.29
2011-07-01,7.21,1.996,180.88,423.77
2011-07-02,8.14,1.93,183.17,427.92
2011-07-03,8.06,1.93,179.95,430.47
2011-07-04,7.29,1.93,180.81,442.21
2011-07-05,6.33,1.894,178.67,438.61
2011-07-06,5.59,1.881,177.64,439.77
2011-07-07,7.23,1.869,171.15,440.56
2011-07-08,7.26,1.86,169.87,431.04
2011-07-09,7.21,1.86,173.72,416.23
2011-07-10,5.56,1.86,172.4,414.16
2011-07-11,4.71,1.825,167.44,420.05
2011-07-12,3.94,1.79,159.2,419.42
2011-07-13,3.09,1.791,161.73,401.64
2011-07-14,2.3,1.79,157.82,391.59
2011-07-15,1.45,1.79,156.22,386.98
2011-07-16,3.88,1.77,151.6,380.84
2011-07-17,6.27,1.782,150.57,383.17
2011-07-18,7.86,3.08,148.75,381.49
2011-07-19,7.08,6.86,151.92,383.16
2011-07-20,6.23,6.891,150.28,378.04
2011-07-21,7.64,6.844,147.77,377.06
2011-07-22,8.04,6.683,148.55,367.68
2011-07-23,8.3,8.424,151.2,369.42
2011-07-24,7.02,10.4,150.51,380.52
2011-07-25,6.64,7.318,148.92,395.0
2011-07-26,6.48,6.793,150.89,392.81
2011-07-27,6.41,6.571,151.66,382.59
2011-07-28,6.34,6.454,148.55,382.57
2011-07-29,6.31,6.379,148.1,374.23
2011-07-30,6.29,6.296,144.78,369.48
2011-07-31,6.34,6.33,143.2,367.37
2011-08-01,6.31,6.325,144.28,368.15
2011-08-02,6.38,6.33,137.37,375.94
2011-08-03,6.45,6.235,137.59,384.42
2011-08-04,6.57,6.504,138.26,370.42
2011-08-05,6.55,6.312,142.13,356.02
2011-08-06,6.46,6.08,146.51,348.75
2011-08-07,6.21,6.049,137.09,366.95
2011-08-08,6.17,5.954,132.77,386.51
2011-08-09,6.55,5.861,120.82,360.72
2011-08-10,6.62,5.978,127.51,351.5
2011-08-11,6.48,7.003,143.67,322.28
2011-08-12,5.93,6.797,151.07,334.07
2011-08-13,5.91,5.984,152.69,345.14
2011-08-14,6.08,5.755,144.02,362.08
2011-08-15,5.92,5.713,135.09,367.1
2011-08-16,5.92,5.887,129.47,352.74
2011-08-17,5.81,5.525,124.98,334.86
2011-08-18,6.01,5.318,121.8,325.61
2011-08-19,5.93,5.364,123.59,316.52
2011-08-20,5.52,5.292,125.73,308.89
2011-08-21,5.66,5.592,130.26,310.71
2011-08-22,5.05,7.907,127.08,320.74
2011-08-23,5.24,6.238,132.47,332.2
2011-08-24,4.38,5.796,136.99,335.3
2011-08-25,4.41,5.615,139.18,339.34
2011-08-26,3.86,5.582,139.96,336.79
2011-08-27,3.78,5.543,144.51,325.57
2011-08-28,3.64,5.701,151.76,324.71
2011-08-29,3.54,5.269,145.92,328.65
2011-08-30,4.98,5.061,142.2,337.53
2011-08-31,5.13,5.065,131.86,328.18
2011-09-01,5.25,8.213,129.25,324.89
2011-09-02,3.82,7.151,125.31,312.7
2011-09-03,3.63,5.564,129.79,308.02
2011-09-04,3.57,5.227,132.16,304.35
2011-09-05,3.66,5.085,130.58,303.15
2011-09-06,3.8,4.986,124.76,302.33
2011-09-07,3.86,4.956,121.35,298.19
2011-09-08,3.84,4.951,115.31,293.48
2011-09-09,3.82,4.862,111.54,289.34
2011-09-10,4.16,4.757,113.13,278.22
2011-09-11,4.77,4.749,116.61,276.48
2011-09-12,4.77,4.883,115.45,277.09
2011-09-13,4.6,5.015,110.37,288.07
2011-09-14,4.13,4.875,108.01,286.58
2011-09-15,3.46,5.349,111.5,284.16
2011-09-16,3.0,5.819,110.95,275.07
2011-09-17,2.63,3.3,111.78,278.02
2011-09-18,2.98,1.642,109.7,277.24
2011-09-19,2.87,1.497,107.43,282.44
2011-09-20,2.74,1.443,105.73,281.54
2011-09-21,2.63,1.39,105.26,277.81
2011-09-22,2.63,1.39,108.14,273.52
2011-09-23,4.19,1.39,110.3,265.57
2011-09-24,4.82,1.394,108.3,265.71
2011-09-25,6.25,1.404,103.96,270.51
2011-09-26,4.68,1.406,105.13,276.37
2011-09-27,4.79,1.39,99.22,273.09
2011-09-28,3.37,1.365,93.04,275.83
2011-09-29,2.63,1.33,95.8,265.17
2011-09-30,1.94,1.33,99.6,253.83
2011-10-01,4.28,1.33,100.97,248.19
2011-10-02,7.13,1.313,105.95,251.11
2011-10-03,8.58,1.873,117.38,258.0
2011-10-04,5.67,2.097,125.5,279.79
2011-10-05,2.93,1.578,125.48,301.75
2011-10-06,2.27,1.435,125.59,312.43
2011-10-07,2.24,1.39,131.82,294.69
2011-10-08,2.98,1.374,129.04,281.69
2011-10-09,3.44,1.33,128.25,288.7
2011-10-10,4.79,1.33,125.79,293.29
2011-10-11,5.24,1.361,128.11,313.95
2011-10-12,5.52,1.45,131.94,330.01
2011-10-13,5.54,1.445,137.33,348.01
2011-10-14,5.6,1.715,147.82,361.57
2011-10-15,9.14,1.741,157.81,399.27
2011-10-16,17.96,1.594,178.59,472.33
2011-10-17,22.98,2.666,215.35,639.99
2011-10-18,13.52,2.545,267.54,613.07
2011-10-19,7.37,1.848,300.5,618.26
2011-10-20,3.86,1.585,301.12,601.48
2011-10-21,3.17,1.453,252.23,562.72
2011-10-22,3.67,1.448,226.59,519.79
2011-10-23,3.67,1.45,194.43,454.32
2011-10-24,3.64,1.421,163.26,448.0
2011-10-25,3.67,1.368,142.83,422.02
2011-10-26,3.67,1.33,130.93,394.0
2011-10-27,2.98,1.306,119.8,351.04
2011-10-28,3.01,1.27,117.19,325.31
2011-10-29,3.78,1.319,113.19,305.63
2011-10-30,5.18,1.388,118.76,309.23
2011-10-31,5.86,1.541,125.44,308.33
2011-11-01,5.73,1.467,132.87,314.23
2011-11-02,4.33,1.394,131.93,323.73
2011-11-03,3.59,1.336,123.18,329.77
2011-11-04,2.95,1.299,112.39,323.29
2011-11-05,2.95,1.27,104.5,299.05
2011-11-06,3.7,1.261,99.42,285.48
2011-11-07,3.7,1.228,95.76,272.45
2011-11-08,7.73,1.21,92.51,263.35
2011-11-09,9.15,1.21,93.09,257.84
2011-11-10,10.61,1.192,92.05,259.97
2011-11-11,8.06,1.15,98.7,264.22
2011-11-12,7.37,1.121,106.84,262.67
2011-11-13,7.35,1.165,141.49,273.19
2011-11-14,8.8,2.645,178.35,307.51
2011-11-15,10.72,2.233,296.02,398.75
2011-11-16,11.51,1.794,374.28,565.13
2011-11-17,9.35,1.646,344.27,640.05
2011-11-18,6.11,1.551,366.47,669.21
2011-11-19,4.63,1.469,451.38,605.91
2011-11-20,4.63,1.411,409.29,604.58
2011-11-21,5.34,1.378,362.99,672.86
2011-11-22,5.37,1.33,269.39,638.45
2011-11-23,5.4,1.443,194.5,623.05
2011-11-24,5.08,1.459,167.14,625.35
2011-11-25,4.47,1.356,160.96,496.83
2011-11-26,3.76,1.281,154.07,440.74
2011-11-27,3.39,1.291,152.04,573.23
2011-11-28,4.68,1.33,155.08,860.92
2011-11-29,7.43,1.33,163.74,1102.79
2011-11-30,10.11,1.376,169.58,772.22
2011-12-01,10.06,1.348,303.86,665.62
2011-12-02,7.34,1.601,247.9,681.92
2011-12-03,4.63,1.682,237.41,789.13
2011-12-04,4.0,1.42,197.5,598.03
2011-12-05,6.08,1.33,197.4,573.87
2011-12-06,9.57,1.304,189.9,487.74
2011-12-07,30.8,1.271,212.18,489.51
2011-12-08,26.76,4.934,250.35,508.54
2011-12-09,10.31,6.905,356.58,617.69
2011-12-10,7.76,2.62,336.49,1034.18
2011-12-11,6.8,2.056,348.23,1041.7
2011-12-12,6.66,1.63,308.04,945.64
2011-12-13,6.71,1.428,340.32,804.45
2011-12-14,7.34,1.363,383.54,705.96
2011-12-15,8.74,1.597,324.14,855.39
2011-12-16,12.09,1.692,286.87,1224.55
2011-12-17,17.38,4.209,286.82,1259.31
2011-12-18,48.0,2.416,287.4,1703.16
2011-12-19,11.62,3.008,319.85,1547.71
2011-12-20,9.2,2.419,313.56,1398.72
2011-12-21,7.11,2.181,255.89,1050.7
2011-12-22,6.07,2.533,209.19,938.81
2011-12-23,6.71,2.019,197.28,751.24
2011-12-24,9.61,1.703,205.92,676.64
2011-12-25,12.99,1.627,242.1,598.39
2011-12-26,13.62,3.916,299.31,1018.59
2011-12-27,12.05,3.479,585.08,1314.36
2011-12-28,9.29,2.148,368.73,1484.05
2011-12-29,8.66,1.848,350.03,1537.87
2011-12-30,9.4,1.585,430.39,1233.3
2011-12-31,27.75,1.549,378.3,1061.72
2012-01-01,41.49,2.457,335.84,1088.96
2012-01-02,18.78,7.812,631.12,1796.04
2012-01-03,12.61,4.681,587.8,2196.44
2012-01-04,9.32,2.593,441.87,1904.91
2012-01-05,25.24,2.018,493.36,1434.92
2012-01-06,15.14,4.75,434.85,1188.53
2012-01-07,21.15,10.093,435.98,1206.72
2012-01-08,35.49,3.729,461.21,1429.63
2012-01-09,46.57,4.396,541.98,2732.82
2012-01-10,49.16,4.403,464.3,2167.91
2012-01-11,17.04,13.258,601.2,1580.33
2012-01-12,14.82,3.441,454.87,1702.55
2012-01-13,13.14,2.775,392.81,1325.97
2012-01-14,12.02,2.271,415.11,1112.16
2012-01-15,24.53,1.997,372.44,1032.4
2012-01-16,20.74,2.696,366.22,998.65
2012-01-17,41.83,2.627,420.82,1011.79
2012-01-18,54.08,3.417,560.49,983.83
2012-01-19,36.09,53.543,646.34,1020.99
2012-01-20,17.25,37.781,956.57,1241.61
2012-01-21,13.59,4.752,1004.62,1444.05
2012-01-22,11.63,3.964,670.35,1457.93
2012-01-23,10.65,2.476,752.93,1316.66
2012-01-24,11.71,2.227,640.47,1151.02
2012-01-25,14.36,2.079,497.58,1115.84
2012-01-26,19.34,1.937,434.63,1053.13
2012-01-27,28.97,2.186,403.37,944.0
2012-01-28,23.21,2.906,405.85,1034.1
2012-01-29,13.99,3.856,554.91,1548.28
2012-01-30,13.3,3.033,600.91,1875.88
2012-01-31,13.32,2.639,558.39,1669.38
2012-02-01,13.05,3.056,554.79,1797.6
2012-02-02,11.51,2.803,494.32,1563.53
2012-02-03,10.4,2.189,422.88,1216.04
2012-02-04,9.48,1.925,337.64,972.2
2012-02-05,9.01,1.822,291.04,884.03
2012-02-06,8.03,1.753,270.77,787.85
2012-02-07,8.03,1.656,240.79,719.19
2012-02-08,8.56,1.636,212.37,706.75
2012-02-09,10.02,1.58,198.03,666.18
2012-02-10,12.18,1.705,207.69,627.47
2012-02-11,60.54,2.666,244.19,629.0
2012-02-12,26.74,17.92,312.63,773.55
2012-02-13,17.34,8.288,413.68,990.67
2012-02-14,12.12,4.417,408.49,1033.69
2012-02-15,9.69,2.564,385.44,961.51
2012-02-16,9.71,1.98,393.42,873.61
2012-02-17,8.56,1.831,422.64,819.3
2012-02-18,7.82,1.75,382.22,809.96
2012-02-19,7.79,1.685,328.48,796.1
2012-02-20,7.79,1.651,286.71,759.39
2012-02-21,8.53,1.65,232.56,702.61
2012-02-22,9.27,1.656,212.62,649.48
2012-02-23,8.77,1.65,281.91,612.26
2012-02-24,8.03,1.649,187.36,632.14
2012-02-25,6.6,1.589,175.58,649.26
2012-02-26,6.34,1.552,168.71,599.56
2012-02-27,5.63,1.501,175.92,522.7
2012-02-28,5.6,1.45,197.88,497.69
2012-02-29,5.63,1.45,217.67,460.38
2012-03-01,6.09,1.396,210.11,468.14
2012-03-02,6.93,1.39,207.97,475.5
2012-03-03,7.91,1.403,204.72,498.52
2012-03-04,7.66,1.555,203.54,497.82
2012-03-05,7.08,1.587,196.29,496.88
2012-03-06,6.37,1.501,189.47,501.46
2012-03-07,6.4,1.45,183.72,491.68
2012-03-08,6.4,1.405,178.55,482.47
2012-03-09,6.4,1.39,169.24,469.69
2012-03-10,7.14,1.39,161.69,466.3
2012-03-11,10.27,1.401,163.72,461.44
2012-03-12,12.48,1.536,168.85,479.53
2012-03-13,11.74,1.964,174.56,516.84
2012-03-14,9.88,3.053,186.29,570.46
2012-03-15,9.71,2.612,234.9,619.99
2012-03-16,10.82,2.616,306.73,734.9
2012-03-17,10.02,2.07,372.57,881.84
2012-03-18,7.72,1.782,322.95,842.4
2012-03-19,6.37,1.684,311.86,752.46
2012-03-20,5.91,1.579,273.8,698.19
2012-03-21,6.43,1.524,265.81,661.14
2012-03-22,27.0,4.088,251.67,635.37
2012-03-23,23.55,10.738,256.13,652.99
2012-03-24,10.13,7.49,255.93,767.77
2012-03-25,8.65,4.331,252.24,785.06
2012-03-26,7.91,3.676,241.93,699.39
2012-03-27,26.26,3.436,247.59,606.33
2012-03-28,15.97,7.444,264.67,596.75
2012-03-29,11.01,5.044,303.87,633.53
2012-03-30,8.32,4.06,284.54,678.76
2012-03-31,7.2,3.668,269.93,678.26
2012-04-01,7.96,3.495,268.26,645.68
2012-04-02,7.99,3.481,262.73,624.7
2012-04-03,21.57,3.457,254.91,611.96
2012-04-04,19.43,3.324,247.16,592.56
2012-04-05,13.82,5.84,243.58,583.81
2012-04-06,9.98,6.979,242.71,591.57
2012-04-07,7.7,4.216,240.86,697.69
2012-04-08,8.73,3.681,233.3,671.67
2012-04-09,8.84,2.663,223.17,606.36
2012-04-10,8.31,1.808,208.52,609.31
2012-04-11,7.01,1.723,193.65,591.9
2012-04-12,4.92,1.674,183.62,566.58
2012-04-13,5.63,1.65,179.26,519.19
2012-04-14,8.79,1.65,181.19,476.09
2012-04-15,11.35,1.668,204.02,462.33
2012-04-16,10.37,1.712,224.32,498.74
2012-04-17,6.74,1.651,237.47,608.08
2012-04-18,5.37,1.616,217.06,606.43
2012-04-19,5.54,1.59,204.52,532.04
2012-04-20,6.23,1.586,205.99,499.06
2012-04-21,6.94,1.593,206.99,480.01
2012-04-22,7.53,1.708,210.18,489.47
2012-04-23,7.08,1.738,207.98,506.96
2012-04-24,6.43,1.624,211.0,511.85
2012-04-25,6.46,1.585,210.73,496.22
2012-04-26,6.46,1.58,204.34,485.78
2012-04-27,7.22,1.581,194.85,478.41
2012-04-28,7.39,1.6,183.29,474.17
2012-04-29,8.49,1.878,193.03,478.65
2012-04-30,25.85,3.019,230.11,498.73
2012-05-01,14.74,4.088,274.1,604.86
2012-05-02,10.21,2.622,356.3,735.77
2012-05-03,7.91,2.002,347.92,752.42
2012-05-04,7.17,1.816,363.81,678.06
2012-05-05,6.4,1.728,359.8,653.39
2012-05-06,6.46,1.72,310.98,649.22
2012-05-07,6.46,1.673,258.95,637.41
2012-05-08,6.46,1.65,240.18,595.41
2012-05-09,5.66,1.626,224.79,546.89
2012-05-10,5.66,1.65,215.7,521.82
2012-05-11,6.46,1.6,204.34,501.67
2012-05-12,8.05,1.588,194.52,479.79
2012-05-13,11.33,1.58,185.66,469.61
2012-05-14,11.69,1.732,196.88,480.66
2012-05-15,12.93,2.64,217.08,519.16
2012-05-16,11.13,2.18,224.88,626.25
2012-05-17,10.72,2.102,222.84,652.69
2012-05-18,7.91,1.926,212.92,592.74
2012-05-19,7.17,1.777,228.54,552.14
2012-05-20,7.2,1.72,204.37,523.33
2012-05-21,7.2,1.676,194.7,506.68
2012-05-22,6.43,1.65,194.69,489.23
2012-05-23,5.66,1.596,190.86,467.92
2012-05-24,5.6,1.585,182.17,465.08
2012-05-25,5.1,1.598,169.58,457.15
2012-05-26,5.1,1.58,170.72,446.41
2012-05-27,5.16,1.598,170.64,446.01
2012-05-28,6.46,1.58,170.06,444.3
2012-05-29,6.46,1.53,158.53,436.9
2012-05-30,6.46,1.52,154.38,416.51
2012-05-31,5.72,1.52,152.66,402.41
2012-06-01,6.46,1.52,157.34,395.4
2012-06-02,5.69,1.608,161.3,398.24
2012-06-03,6.43,1.595,163.85,406.96
2012-06-04,4.92,1.58,165.47,410.48
2012-06-05,7.22,1.521,166.08,408.88
2012-06-06,9.56,1.524,168.52,415.25
2012-06-07,12.68,2.002,175.12,436.47
2012-06-08,14.88,2.253,185.4,452.82
2012-06-09,14.16,1.799,209.6,454.64
2012-06-10,12.49,1.819,237.71,461.4
2012-06-11,9.53,1.775,268.53,478.8
2012-06-12,7.94,1.805,278.03,510.95
2012-06-13,7.25,1.743,312.8,534.53
2012-06-14,6.46,1.65,317.1,550.57
2012-06-15,5.66,1.611,291.15,555.24
2012-06-16,5.66,1.58,263.74,549.51
2012-06-17,6.48,1.58,245.76,531.6
2012-06-18,6.48,1.556,214.74,502.75
2012-06-19,7.31,1.52,204.39,477.13
2012-06-20,8.38,1.562,201.17,441.8
2012-06-21,8.9,1.793,245.07,430.1
2012-06-22,8.87,5.901,282.85,475.07
2012-06-23,8.24,2.992,398.39,641.39
2012-06-24,9.37,2.068,410.06,709.21
2012-06-25,10.25,2.042,390.32,665.68
2012-06-26,10.05,3.056,358.21,652.84
2012-06-27,8.49,1.774,312.31,633.54
2012-06-28,7.29,3.58,255.41,599.01
2012-06-29,6.24,2.203,237.37,536.47
2012-06-30,6.16,1.675,225.73,483.52
2012-07-01,5.69,1.602,202.71,455.44
2012-07-02,5.69,1.565,192.29,444.68
2012-07-03,4.87,1.52,172.74,424.0
2012-07-04,4.87,1.52,167.83,404.96
2012-07-05,4.87,1.52,168.02,381.95
2012-07-06,5.74,1.469,173.36,363.76
2012-07-07,4.38,1.45,168.73,360.86
2012-07-08,6.15,1.464,164.21,368.27
2012-07-09,6.1,2.375,155.87,370.39
2012-07-10,7.66,2.586,162.31,364.53
2012-07-11,5.08,1.61,170.86,355.57
2012-07-12,5.06,1.604,183.68,359.82
2012-07-13,4.87,1.904,183.53,368.21
2012-07-14,5.66,1.724,179.91,381.2
2012-07-15,4.95,1.636,174.32,390.86
2012-07-16,5.74,1.576,169.07,388.9
2012-07-17,6.51,1.583,174.18,384.66
2012-07-18,6.46,1.713,179.64,377.02
2012-07-19,5.63,1.772,244.33,384.43
2012-07-20,4.87,1.681,256.68,400.67
2012-07-21,4.89,1.606,279.21,439.66
2012-07-22,4.92,1.584,262.16,465.07
2012-07-23,4.12,1.534,227.16,473.17
2012-07-24,4.89,1.52,201.8,456.43
2012-07-25,4.89,1.529,185.79,419.94
2012-07-26,4.57,1.472,174.19,389.26
2012-07-27,3.78,1.455,161.42,365.44
2012-07-28,3.78,1.45,153.47,351.62
2012-07-29,3.3,1.45,142.81,343.64
2012-07-30,4.1,1.433,136.51,335.82
2012-07-31,3.86,1.394,133.86,322.96
2012-08-01,4.5,1.39,133.56,308.92
2012-08-02,4.03,1.39,136.91,306.94
2012-08-03,5.03,1.39,132.71,306.3
2012-08-04,6.04,1.402,129.29,310.76
2012-08-05,5.69,1.39,130.87,312.75
2012-08-06,4.12,1.445,122.78,316.03
2012-08-07,4.04,1.396,123.35,318.0
2012-08-08,4.1,1.393,123.89,306.57
2012-08-09,4.1,1.384,133.86,299.51
2012-08-10,3.33,1.336,143.23,292.01
2012-08-11,2.59,1.33,136.49,298.22
2012-08-12,3.62,1.337,132.53,310.91
2012-08-13,3.12,1.33,119.56,308.79
2012-08-14,4.78,1.33,117.72,304.28
2012-08-15,4.19,1.35,113.39,294.26
2012-08-16,4.4,1.39,111.2,293.04
2012-08-17,3.68,1.39,104.51,296.32
2012-08-18,2.94,1.446,104.06,299.84
2012-08-19,3.68,1.393,97.98,304.7
2012-08-20,3.15,1.386,107.06,299.74
2012-08-21,3.92,1.317,103.24,303.21
2012-08-22,3.21,1.27,104.91,286.03
2012-08-23,2.44,1.311,102.47,270.85
2012-08-24,1.64,1.27,100.16,244.45
2012-08-25,1.62,1.26,106.63,247.08
2012-08-26,3.15,1.253,106.25,260.19
2012-08-27,3.95,1.265,105.5,265.67
2012-08-28,4.01,1.276,103.37,260.7
2012-08-29,3.0,1.494,106.33,259.55
2012-08-30,2.0,1.478,109.58,268.83
2012-08-31,2.44,1.326,108.28,286.17
2012-09-01,2.44,1.27,105.28,265.38
2012-09-02,2.47,1.27,101.48,254.49
2012-09-03,3.24,1.263,99.92,239.15
2012-09-04,4.04,1.217,96.29,248.96
2012-09-05,4.04,1.313,100.35,257.19
2012-09-06,2.29,1.244,100.39,251.27
2012-09-07,1.79,1.21,99.37,249.16
2012-09-08,1.97,1.21,91.0,232.33
2012-09-09,2.11,1.203,85.44,235.41
2012-09-10,1.79,1.177,82.56,230.48
2012-09-11,1.94,1.205,82.05,226.8
2012-09-12,2.48,1.183,81.51,223.4
2012-09-13,2.75,1.208,86.63,217.4
2012-09-14,2.83,1.21,91.46,215.12
2012-09-15,2.59,1.214,92.72,212.23
2012-09-16,2.7,1.219,87.31,222.33
2012-09-17,2.27,1.159,82.46,226.05
2012-09-18,2.25,1.144,79.77,223.16
2012-09-19,2.82,1.104,80.02,214.3
2012-09-20,3.94,1.104,80.02,208.57
2012-09-21,4.72,1.218,81.22,210.35
2012-09-22,4.67,1.592,81.2,216.52
2012-09-23,4.9,1.589,84.21,229.14
2012-09-24,6.23,1.353,85.35,240.67
2012-09-25,8.24,1.393,95.13,256.85
2012-09-26,9.91,4.16,88.65,278.35
2012-09-27,9.52,2.308,103.75,316.44
2012-09-28,7.56,1.596,102.73,340.73
2012-09-29,5.45,1.424,108.86,329.2
2012-09-30,4.52,1.36,95.01,297.52
2012-10-01,4.49,1.305,89.65,261.29
2012-10-02,3.12,1.268,86.41,244.6
2012-10-03,2.49,1.249,83.22,232.71
2012-10-04,1.65,1.225,80.32,224.11
2012-10-05,2.39,1.166,80.24,215.73
2012-10-06,1.65,1.133,81.18,208.51
2012-10-07,1.14,1.119,82.36,206.58
2012-10-08,1.91,1.112,80.39,209.47
2012-10-09,2.63,1.101,80.17,208.74
2012-10-10,4.16,1.126,86.05,203.23
2012-10-11,4.87,1.244,96.98,205.34
2012-10-12,6.38,1.252,115.41,228.01
2012-10-13,5.53,1.422,133.28,266.01
2012-10-14,4.77,1.492,143.02,312.26
2012-10-15,5.48,1.352,141.12,344.15
2012-10-16,6.22,1.218,126.03,346.37
2012-10-17,5.32,1.243,114.58,323.19
2012-10-18,4.61,1.173,101.14,291.0
2012-10-19,3.63,1.224,104.1,264.14
2012-10-20,4.56,2.107,117.13,247.85
2012-10-21,4.05,2.893,131.46,250.23
2012-10-22,5.08,2.12,132.77,273.51
2012-10-23,5.06,1.741,128.6,290.0
2012-10-24,4.08,2.656,125.7,293.17
2012-10-25,2.57,1.955,122.45,277.91
2012-10-26,1.72,1.576,124.76,262.44
2012-10-27,2.68,1.417,122.28,245.85
2012-10-28,3.39,1.274,130.73,240.45
2012-10-29,3.27,1.243,133.05,242.76
2012-10-30,3.05,1.258,140.79,251.75
2012-10-31,3.27,1.281,141.18,258.52
2012-11-01,3.67,1.091,139.92,264.05
2012-11-02,3.01,1.121,134.97,267.12
2012-11-03,2.95,1.14,131.32,273.67
2012-11-04,2.98,1.164,128.56,297.35
2012-11-05,2.98,1.179,130.56,328.66
2012-11-06,3.64,1.319,125.89,354.27
2012-11-07,4.35,1.269,121.34,364.67
2012-11-08,5.12,1.146,118.2,345.77
2012-11-09,4.93,1.163,124.42,324.9
2012-11-10,5.78,1.391,133.33,314.67
2012-11-11,7.26,1.447,143.92,331.12
2012-11-12,9.59,1.34,165.88,356.55
2012-11-13,9.56,2.407,192.82,391.38
2012-11-14,8.02,2.141,208.32,425.56
2012-11-15,5.67,1.612,211.53,473.91
2012-11-16,4.8,1.534,209.5,481.92
2012-11-17,5.52,1.476,202.0,469.03
2012-11-18,5.81,1.364,181.73,445.5
2012-11-19,5.78,1.256,168.23,409.8
2012-11-20,4.35,1.743,197.9,401.69
2012-11-21,3.61,1.794,206.38,433.59
2012-11-22,3.67,1.466,196.99,485.22
2012-11-23,5.12,1.262,164.99,475.43
2012-11-24,6.55,1.24,163.95,449.12
2012-11-25,7.47,1.466,163.03,448.76
2012-11-26,6.73,1.415,158.67,475.39
2012-11-27,5.99,1.524,151.62,499.25
2012-11-28,4.35,1.642,145.65,616.92
2012-11-29,3.64,1.511,142.13,644.07
2012-11-30,2.95,1.268,141.1,509.87
2012-12-01,6.48,1.185,150.33,425.06
2012-12-02,6.88,1.153,163.76,366.85
2012-12-03,7.16,1.437,190.31,357.96
2012-12-04,3.87,1.361,194.85,382.71
2012-12-05,3.8,1.212,192.55,408.35
2012-12-06,3.77,1.129,175.4,415.45
2012-12-07,3.83,1.22,180.19,383.67
2012-12-08,3.11,1.4,196.6,370.98
2012-12-09,2.44,1.499,215.52,403.44
2012-12-10,3.39,1.319,223.08,447.43
2012-12-11,3.82,1.183,212.64,480.15
2012-12-12,6.6,1.083,263.64,477.12
2012-12-13,7.03,1.563,236.41,512.89
2012-12-14,7.3,2.331,248.6,603.88
2012-12-15,5.99,2.219,241.87,638.64
2012-12-16,5.27,1.629,285.62,659.96
2012-12-17,5.32,1.894,291.07,698.91
2012-12-18,6.7,1.492,289.26,741.25
2012-12-19,6.62,1.379,282.09,652.04
2012-12-20,6.49,1.256,312.11,569.97
2012-12-21,4.26,1.544,338.72,583.03
2012-12-22,3.6,1.758,378.24,630.51
2012-12-23,3.66,1.433,361.02,645.09
2012-12-24,3.66,1.233,416.96,642.04
2012-12-25,3.5,1.131,418.36,608.63
2012-12-26,4.19,1.072,401.8,607.87
2012-12-27,4.87,1.024,387.81,600.93
2012-12-28,6.59,2.526,369.41,563.95
2012-12-29,6.51,1.646,326.81,568.18
2012-12-30,7.64,3.624,280.19,562.58
2012-12-31,9.06,2.296,298.8,553.27
2013-01-01,25.03,1.176,404.68,518.42
2013-01-02,236.63,1.227,362.62,522.61
2013-01-03,105.01,94.984,587.76,577.94
2013-01-04,23.9,117.913,618.57,946.57
2013-01-05,20.09,23.724,526.54,1206.7
2013-01-06,17.57,3.46,468.55,950.92
2013-01-07,20.75,2.567,452.32,718.68
2013-01-08,74.72,9.666,468.88,712.58
2013-01-09,97.93,10.466,510.5,709.06
2013-01-10,121.79,62.68,630.46,724.66
2013-01-11,38.84,148.716,1219.91,1193.29
2013-01-12,37.7,26.424,1397.92,1970.73
2013-01-13,39.01,16.653,792.26,1861.64
2013-01-14,154.95,41.596,989.14,1765.14
2013-01-15,75.37,51.799,1249.77,1910.3
2013-01-16,100.24,82.558,1106.4,1901.59
2013-01-17,58.96,54.195,1097.16,2258.78
2013-01-18,39.97,35.696,1106.44,2099.09
2013-01-19,49.44,23.974,951.2,2074.0
2013-01-20,50.18,24.76,874.87,1887.54
2013-01-21,55.25,24.464,766.4,1681.37
2013-01-22,36.18,23.796,622.56,1398.88
2013-01-23,31.57,20.284,513.31,1257.23
2013-01-24,24.66,9.038,467.66,1005.53
2013-01-25,98.45,5.503,455.32,870.29
2013-01-26,107.86,22.8,436.13,877.86
2013-01-27,43.16,117.714,561.57,966.05
2013-01-28,35.12,26.277,542.64,1372.27
2013-01-29,18.84,14.818,470.48,1205.04
2013-01-30,27.84,14.968,505.3,1118.66
2013-01-31,27.38,10.217,479.8,1048.15
2013-02-01,27.98,6.868,444.65,1240.24
2013-02-02,21.74,4.66,462.16,1315.63
2013-02-03,42.15,7.604,542.21,1242.94
2013-02-04,39.76,10.507,639.23,1126.19
2013-02-05,24.39,21.805,657.78,1437.29
2013-02-06,70.73,10.021,560.78,1799.67
2013-02-07,31.84,48.746,767.9,1440.0
2013-02-08,25.0,16.149,991.3,1596.11
2013-02-09,55.51,28.733,987.37,1935.39
2013-02-10,38.37,47.382,872.49,1706.12
2013-02-11,27.4,34.933,912.73,1506.18
2013-02-12,22.33,21.735,685.92,1377.88
2013-02-13,20.83,18.04,621.31,1442.82
2013-02-14,18.78,16.221,571.43,1154.09
2013-02-15,26.42,14.632,541.95,1071.25
2013-02-16,29.99,13.352,516.23,972.86
2013-02-17,20.75,13.807,532.56,800.57
2013-02-18,13.28,14.789,486.98,834.22
2013-02-19,8.31,11.664,434.97,905.21
2013-02-20,7.78,4.279,446.61,831.21
2013-02-21,12.86,2.239,472.51,749.51
2013-02-22,15.82,2.025,409.74,740.81
2013-02-23,15.85,1.94,433.65,885.49
2013-02-24,15.33,1.856,428.39,676.21
2013-02-25,19.19,1.759,447.68,712.35
2013-02-26,36.31,3.162,418.51,708.18
2013-02-27,35.72,8.864,424.67,722.14
2013-02-28,37.2,8.444,476.88,794.26
2013-03-01,28.07,7.7,463.34,803.75
2013-03-02,19.77,7.05,474.1,1083.43
2013-03-03,38.28,6.087,469.59,1083.58
2013-03-04,27.83,9.585,471.24,979.64
2013-03-05,13.34,20.446,447.05,959.04
2013-03-06,15.13,26.66,399.92,1053.33
2013-03-07,17.06,37.75,368.51,955.04
2013-03-08,22.08,26.053,387.81,828.56
2013-03-09,19.53,23.843,408.35,831.14
2013-03-10,27.02,24.774,398.62,877.9
2013-03-11,17.14,31.236,404.79,897.41
2013-03-12,31.75,32.995,395.7,1023.57
2013-03-13,18.13,40.515,461.75,1081.03
2013-03-14,30.63,30.978,454.76,1021.45
2013-03-15,14.34,6.947,438.21,1161.25
2013-03-16,51.23,5.551,426.41,889.52
2013-03-17,125.13,9.834,401.68,824.89
2013-03-18,113.43,141.818,426.98,949.14
2013-03-19,46.98,46.934,578.13,944.2
2013-03-20,28.59,30.332,559.28,1102.17
2013-03-21,24.81,22.401,586.42,1145.56
2013-03-22,35.43,9.426,675.87,985.23
2013-03-23,98.32,6.344,665.32,1049.81
2013-03-24,32.41,54.265,532.53,1189.34
2013-03-25,35.8,18.858,471.1,1154.57
2013-03-26,40.15,21.563,467.93,1188.48
2013-03-27,24.86,28.068,759.46,1207.05
2013-03-28,26.64,28.072,748.17,1235.71
2013-03-29,29.28,20.736,486.86,1517.45
2013-03-30,26.81,20.327,385.15,1284.82
2013-03-31,23.49,18.188,356.4,935.27
2013-04-01,19.16,24.211,342.55,794.21
2013-04-02,36.08,36.381,335.68,741.08
2013-04-03,29.68,44.575,329.45,730.92
2013-04-04,48.53,49.536,386.8,766.37
2013-04-05,25.08,41.08,353.08,811.28
2013-04-06,23.36,42.773,432.64,901.76
2013-04-07,27.6,34.474,407.14,855.38
2013-04-08,30.81,32.356,394.02,803.07
2013-04-09,33.18,38.4,418.2,886.18
2013-04-10,23.09,33.244,430.83,891.7
2013-04-11,20.79,31.827,388.68,857.41
2013-04-12,22.54,30.215,360.09,891.41
2013-04-13,40.9,28.782,341.66,778.88
2013-04-14,22.79,40.103,342.72,784.02
2013-04-15,26.98,43.438,340.82,806.07
2013-04-16,20.2,34.543,325.81,767.56
2013-04-17,17.9,30.197,402.83,719.43
2013-04-18,15.78,20.156,418.59,653.46
2013-04-19,15.57,3.529,347.09,712.47
2013-04-20,13.86,2.908,299.48,705.56
2013-04-21,13.51,2.718,265.88,633.84
2013-04-22,11.85,2.672,242.82,584.65
2013-04-23,11.61,2.58,230.66,560.0
2013-04-24,11.38,2.528,222.41,530.5
2013-04-25,12.09,2.47,222.09,513.54
2013-04-26,12.8,2.436,217.15,492.92
2013-04-27,11.38,2.36,219.17,489.33
2013-04-28,10.9,2.36,209.27,480.39
2013-04-29,9.95,2.36,206.38,491.71
2013-04-30,11.61,2.343,203.52,474.6
2013-05-01,11.14,2.27,200.34,463.89
2013-05-02,11.14,2.315,191.89,459.33
2013-05-03,10.19,2.27,186.05,461.0
2013-05-04,13.93,2.263,185.65,441.64
2013-05-05,13.1,2.211,187.87,442.11
2013-05-06,16.23,2.261,194.35,430.38
2013-05-07,13.94,2.27,227.29,440.07
2013-05-08,16.68,7.112,251.14,446.97
2013-05-09,13.44,15.11,261.12,455.26
2013-05-10,12.33,3.288,239.12,442.96
2013-05-11,9.7,2.334,222.15,439.06
2013-05-12,8.77,2.281,214.22,436.15
2013-05-13,8.79,2.208,220.18,415.86
2013-05-14,8.68,2.17,209.47,396.43
2013-05-15,11.62,2.181,201.03,404.8
2013-05-16,14.7,2.166,191.08,406.79
2013-05-17,16.37,2.535,193.74,417.08
2013-05-18,14.45,2.509,199.34,448.48
2013-05-19,11.35,2.462,201.3,465.08
2013-05-20,10.5,2.405,193.38,468.23
2013-05-21,10.55,2.27,184.37,448.63
2013-05-22,13.1,2.243,183.97,439.5
2013-05-23,14.72,3.081,196.36,433.45
2013-05-24,14.67,2.715,204.15,445.13
2013-05-25,12.97,3.003,210.57,458.54
2013-05-26,11.35,2.586,206.93,470.18
2013-05-27,12.2,2.359,210.53,469.36
2013-05-28,12.2,2.417,206.88,480.39
2013-05-29,11.38,2.441,212.3,511.85
2013-05-30,9.7,2.677,213.92,524.15
2013-05-31,8.93,2.47,208.74,507.19
2013-06-01,9.7,,208.48,462.1
2013-06-02,10.58,,210.95,435.31
2013-06-03,11.32,3.499,207.96,478.41
2013-06-04,11.38,2.829,204.04,555.65
2013-06-05,10.53,2.548,194.84,597.91
2013-06-06,8.88,2.346,194.76,558.05
2013-06-07,8.06,2.27,186.61,480.39
2013-06-08,7.23,2.27,180.7,424.72
2013-06-09,8.08,2.27,176.18,404.46
2013-06-10,7.23,2.237,174.07,398.19
2013-06-11,8.06,2.135,171.12,409.99
2013-06-12,7.21,2.107,172.15,402.19
2013-06-13,8.06,2.125,176.25,403.97
2013-06-14,7.23,2.168,180.79,397.16
2013-06-15,8.06,2.171,178.92,396.15
2013-06-16,7.36,2.163,176.49,392.19
2013-06-17,7.11,2.08,166.39,392.51
2013-06-18,7.11,2.08,162.65,394.76
2013-06-19,6.98,2.12,160.75,377.3
2013-06-20,8.06,1.98,163.87,366.3
2013-06-21,7.26,2.021,169.04,359.6
2013-06-22,8.08,2.08,163.3,353.79
2013-06-23,7.23,2.299,164.14,362.13
2013-06-24,7.23,2.094,152.04,366.07
2013-06-25,7.23,2.128,154.9,374.96
2013-06-26,7.29,2.116,148.18,363.55
2013-06-27,7.23,2.068,157.12,360.53
2013-06-28,6.41,2.067,158.09,368.48
2013-06-29,6.36,2.087,166.04,380.42
2013-06-30,6.59,2.005,176.28,388.51
2013-07-01,7.34,2.265,189.49,398.52
2013-07-02,7.37,3.808,193.07,433.56
2013-07-03,7.16,2.433,198.02,456.05
2013-07-04,6.15,3.036,198.04,461.1
2013-07-05,6.15,2.154,204.16,444.63
2013-07-06,6.15,2.037,200.54,422.34
2013-07-07,8.96,1.987,189.85,403.4
2013-07-08,12.25,1.946,179.88,382.57
2013-07-09,13.08,2.303,173.41,381.53
2013-07-10,11.35,2.462,164.54,387.38
2013-07-11,8.85,2.14,159.63,386.36
2013-07-12,8.88,2.048,156.26,379.22
2013-07-13,8.88,1.982,161.5,366.64
2013-07-14,8.93,1.975,158.53,365.2
2013-07-15,8.08,2.499,159.44,371.69
2013-07-16,7.23,2.226,152.85,367.42
2013-07-17,7.21,2.067,144.12,363.16
2013-07-18,7.23,1.957,140.7,350.46
2013-07-19,8.06,2.284,149.13,340.65
2013-07-20,7.23,3.635,149.22,336.82
2013-07-21,8.91,2.367,155.09,336.41
2013-07-22,10.14,2.154,144.46,342.39
2013-07-23,12.53,1.957,149.79,336.71
2013-07-24,47.09,7.252,162.99,337.31
2013-07-25,11.79,19.372,352.46,383.95
2013-07-26,9.81,5.279,341.18,533.11
2013-07-27,8.03,3.099,243.53,609.49
2013-07-28,6.97,2.659,234.05,513.94
2013-07-29,6.87,2.39,243.28,445.37
2013-07-30,6.87,2.258,208.82,423.25
2013-07-31,7.08,2.153,188.32,416.3
2013-08-01,6.41,2.085,172.76,384.93
2013-08-02,6.41,2.076,163.43,361.81
2013-08-03,5.59,2.032,167.81,347.44
2013-08-04,5.35,1.949,157.63,345.65
2013-08-05,5.11,1.957,148.01,343.11
2013-08-06,4.97,2.012,136.33,329.1
2013-08-07,4.62,1.903,135.68,312.18
2013-08-08,3.45,1.879,126.7,305.29
2013-08-09,4.02,1.843,128.94,305.14
2013-08-10,4.49,2.212,127.09,302.66
2013-08-11,4.96,2.906,122.84,295.57
2013-08-12,4.22,1.93,122.68,288.51
2013-08-13,3.48,2.066,119.09,283.53
2013-08-14,4.25,1.951,121.69,280.16
2013-08-15,6.29,1.7,118.46,292.63
2013-08-16,7.35,1.611,110.18,294.63
2013-08-17,7.96,1.614,109.15,292.74
2013-08-18,7.49,1.868,110.63,274.86
2013-08-19,6.94,1.901,105.61,266.93
2013-08-20,5.27,1.754,106.32,271.09
2013-08-21,4.08,1.7,109.79,275.18
2013-08-22,3.63,1.655,121.36,270.38
2013-08-23,4.09,1.606,126.28,264.61
2013-08-24,4.59,1.702,126.32,263.04
2013-08-25,5.12,2.581,123.47,271.89
2013-08-26,5.15,1.66,116.12,270.91
2013-08-27,4.62,1.529,104.56,267.57
2013-08-28,4.11,1.564,101.37,262.41
2013-08-29,4.06,1.58,98.92,258.9
2013-08-30,4.09,1.524,99.28,248.84
2013-08-31,4.09,1.502,95.58,242.49
2013-09-01,4.79,1.557,88.61,233.72
2013-09-02,5.55,1.505,89.49,230.63
2013-09-03,7.28,1.436,97.72,239.37
2013-09-04,8.18,2.795,119.14,273.38
2013-09-05,8.3,3.561,126.94,310.64
2013-09-06,6.69,2.541,130.53,337.6
2013-09-07,5.26,1.957,129.86,334.79
2013-09-08,4.52,1.793,136.64,340.01
2013-09-09,4.78,1.661,137.01,321.16
2013-09-10,4.76,1.598,131.95,312.13
2013-09-11,4.01,1.507,123.69,303.69
2013-09-12,2.98,1.529,112.19,296.91
2013-09-13,2.24,1.518,103.53,278.21
2013-09-14,3.04,1.522,103.32,248.78
2013-09-15,3.91,1.522,103.51,238.4
2013-09-16,4.77,1.449,97.4,236.89
2013-09-17,5.06,1.474,86.89,234.78
2013-09-18,5.33,1.605,85.97,231.36
2013-09-19,6.1,1.613,83.04,229.97
2013-09-20,5.83,1.633,91.92,230.01
2013-09-21,5.59,1.546,100.91,232.02
2013-09-22,4.85,1.483,110.64,234.37
2013-09-23,4.88,1.431,114.85,245.68
2013-09-24,4.88,1.677,114.14,266.12
2013-09-25,4.88,2.403,117.59,287.66
2013-09-26,4.85,2.008,115.09,293.43
2013-09-27,4.85,1.576,117.17,280.31
2013-09-28,4.85,1.478,112.89,264.87
2013-09-29,4.88,1.617,115.01,260.11
2013-09-30,6.42,1.983,111.66,264.86
2013-10-01,7.82,1.665,114.38,272.96
2013-10-02,8.64,2.448,121.15,278.58
2013-10-03,7.73,3.363,138.3,312.93
2013-10-04,6.31,2.457,154.77,330.51
2013-10-05,5.46,2.596,226.57,372.42
2013-10-06,4.85,2.144,205.07,374.28
2013-10-07,4.85,1.663,187.16,395.82
2013-10-08,4.88,1.6,177.99,371.58
2013-10-09,4.11,1.601,166.43,348.69
2013-10-10,4.14,1.51,146.98,342.23
2013-10-11,3.61,1.42,125.76,331.4
2013-10-12,3.64,1.378,110.65,305.63
2013-10-13,2.9,1.365,106.54,272.4
2013-10-14,4.91,1.606,105.5,245.02
2013-10-15,6.36,1.334,109.45,239.33
2013-10-16,7.79,1.79,130.47,253.58
2013-10-17,7.05,3.137,162.49,299.05
2013-10-18,6.31,4.272,203.14,383.68
2013-10-19,5.62,4.266,229.58,436.5
2013-10-20,4.94,2.358,253.9,454.72
2013-10-21,5.12,1.985,265.73,435.98
2013-10-22,5.39,2.137,237.01,439.12
2013-10-23,5.57,2.16,236.42,453.13
2013-10-24,5.65,1.804,205.38,425.93
2013-10-25,5.63,1.481,186.82,401.4
2013-10-26,5.63,1.41,163.59,357.66
2013-10-27,4.91,1.397,144.76,331.18
2013-10-28,4.89,1.317,132.45,303.63
2013-10-29,4.91,1.233,124.13,281.1
2013-10-30,4.91,1.256,115.54,266.23
2013-10-31,4.2,1.319,110.08,258.08
2013-11-01,3.7,1.385,103.37,250.06
2013-11-02,4.36,1.41,103.45,246.78
2013-11-03,5.23,1.331,108.75,242.82
2013-11-04,5.6,1.233,112.37,239.39
2013-11-05,5.27,1.231,121.62,245.63
2013-11-06,30.45,1.622,160.96,256.74
2013-11-07,9.63,4.494,222.05,312.08
2013-11-08,7.63,3.907,317.71,443.78
2013-11-09,6.28,2.076,259.27,554.78
2013-11-10,4.86,1.635,185.84,571.76
2013-11-11,4.15,1.395,171.0,458.05
2013-11-12,3.43,1.246,159.68,368.25
2013-11-13,3.43,1.143,145.13,332.35
2013-11-14,5.63,1.064,131.51,305.91
2013-11-15,10.48,1.03,130.05,279.34
2013-11-16,12.24,1.03,132.7,262.53
2013-11-17,11.47,,155.02,269.17
2013-11-18,6.61,4.417,169.3,303.86
2013-11-19,5.6,1.923,181.86,353.9
2013-11-20,7.24,1.317,167.81,378.27
2013-11-21,10.89,1.152,154.01,364.61
2013-11-22,13.03,1.327,160.75,348.86
2013-11-23,12.1,3.126,195.0,393.64
2013-11-24,25.54,2.293,232.53,762.56
2013-11-25,53.17,5.033,256.93,632.98
2013-11-26,19.64,14.527,435.47,672.6
2013-11-27,11.92,8.619,535.59,825.54
2013-11-28,10.92,5.176,523.59,913.1
2013-11-29,16.63,2.581,437.58,881.57
2013-11-30,25.43,5.011,493.38,822.6
2013-12-01,12.02,12.013,502.48,909.84
2013-12-02,9.93,4.574,573.81,1323.88
2013-12-03,7.82,2.775,644.62,1469.48
2013-12-04,22.63,2.103,419.6,1233.83
2013-12-05,31.36,3.72,382.4,1017.67
2013-12-06,19.18,14.457,389.36,1042.02
2013-12-07,7.57,4.306,480.45,1051.52
2013-12-08,23.13,2.254,457.37,829.61
2013-12-09,14.74,1.894,358.93,685.93
2013-12-10,19.59,1.893,304.85,788.25
2013-12-11,35.96,2.935,303.13,844.15
2013-12-12,20.33,3.686,341.35,962.21
2013-12-13,13.44,2.291,403.25,916.73
2013-12-14,10.04,1.799,375.59,826.91
2013-12-15,7.79,1.7,367.43,735.92
2013-12-16,5.54,1.575,373.97,721.01
2013-12-17,4.75,1.41,397.91,687.79
2013-12-18,6.28,1.41,340.01,717.26
2013-12-19,7.82,1.376,260.93,698.63
2013-12-20,7.82,1.26,215.81,656.66
2013-12-21,7.82,1.26,199.39,573.73
2013-12-22,8.86,1.286,196.21,566.42
2013-12-23,10.13,1.318,207.35,807.88
2013-12-24,10.87,1.343,225.58,1070.61
2013-12-25,9.77,1.52,248.67,984.25
2013-12-26,8.53,1.554,253.41,1000.37
2013-12-27,7.79,1.348,285.28,841.6
2013-12-28,7.85,2.026,219.65,690.57
2013-12-29,7.85,1.829,216.48,621.81
2013-12-30,8.59,1.636,213.84,567.91
2013-12-31,7.82,1.4,220.75,514.66
2014-01-01,7.79,2.67,238.01,517.53
2014-01-02,6.28,3.433,246.95,594.87
2014-01-03,6.26,1.942,247.16,686.9
2014-01-04,6.28,1.415,232.46,616.71
2014-01-05,7.03,1.232,227.69,528.1
2014-01-06,7.03,1.136,231.68,491.04
2014-01-07,7.03,1.028,234.14,472.96
2014-01-08,7.05,0.95,251.36,451.44
2014-01-09,7.22,0.916,327.8,450.49
2014-01-10,7.11,0.87,312.05,467.8
2014-01-11,6.34,0.868,208.01,508.22
2014-01-12,6.97,0.832,176.25,500.88
2014-01-13,7.08,0.806,180.65,431.7
2014-01-14,8.12,0.95,187.27,390.32
2014-01-15,10.76,1.143,198.57,374.43
2014-01-16,15.8,1.926,217.46,391.13
2014-01-17,24.03,4.984,239.1,477.19
2014-01-18,8.77,3.491,249.23,711.43
2014-01-19,4.86,1.894,220.0,762.0
2014-01-20,7.14,1.385,190.06,572.67
2014-01-21,7.05,1.209,200.77,481.23
2014-01-22,10.32,1.149,201.63,438.48
2014-01-23,9.99,1.196,205.39,468.79
2014-01-24,9.3,2.092,207.8,458.51
2014-01-25,6.64,10.169,196.43,466.43
2014-01-26,4.75,2.06,187.3,496.32
2014-01-27,4.01,1.345,161.8,446.72
2014-01-28,2.47,1.131,145.9,392.16
2014-01-29,3.24,1.002,133.23,335.09
2014-01-30,3.24,0.866,125.89,313.7
2014-01-31,3.27,0.79,107.97,291.84
2014-02-01,3.27,0.79,96.37,292.4
2014-02-02,2.53,0.773,84.25,276.09
2014-02-03,2.47,1.008,89.71,256.07
2014-02-04,1.7,0.759,84.83,232.84
2014-02-05,2.47,0.72,69.17,233.43
2014-02-06,2.5,0.644,52.7,234.21
2014-02-07,2.5,0.64,43.54,214.04
2014-02-08,1.73,0.629,61.5,193.99
2014-02-09,1.76,0.6,76.77,183.36
2014-02-10,2.55,0.6,78.41,191.66
2014-02-11,3.38,0.589,79.83,200.88
2014-02-12,3.43,0.574,82.86,208.16
2014-02-13,4.97,0.56,87.9,210.19
2014-02-14,6.42,0.568,93.81,215.44
2014-02-15,9.36,2.165,107.46,238.36
2014-02-16,10.04,1.283,154.61,296.41
2014-02-17,10.02,1.595,200.78,365.37
2014-02-18,7.56,1.78,232.88,418.28
2014-02-19,5.4,1.529,205.13,444.18
2014-02-20,4.24,1.089,194.24,459.36
2014-02-21,4.0,0.948,181.4,428.63
2014-02-22,4.71,0.848,164.48,386.96
2014-02-23,5.15,1.021,151.33,331.4
2014-02-24,4.91,0.885,135.01,301.93
2014-02-25,4.17,0.7,120.85,284.96
2014-02-26,3.46,0.64,113.29,275.39
2014-02-27,3.4,0.64,110.41,264.36
2014-02-28,3.4,0.666,117.33,251.71
2014-03-01,3.4,1.448,127.28,251.45
2014-03-02,3.51,1.394,132.69,267.49
2014-03-03,3.51,0.881,131.13,289.71
2014-03-04,5.0,0.838,130.32,301.73
2014-03-05,6.39,0.72,145.04,298.12
2014-03-06,7.93,0.841,172.91,298.2
2014-03-07,8.59,1.171,211.99,345.8
2014-03-08,8.59,3.435,294.45,528.73
2014-03-09,8.45,4.471,330.2,670.24
2014-03-10,7.03,1.823,215.09,623.19
2014-03-11,5.57,1.253,224.61,536.17
2014-03-12,4.15,1.11,252.87,441.72
2014-03-13,2.72,0.925,281.44,410.51
2014-03-14,2.72,0.844,244.24,429.19
2014-03-15,2.72,0.786,188.72,432.58
2014-03-16,2.72,0.743,162.9,399.61
2014-03-17,2.66,0.708,151.95,349.73
2014-03-18,2.69,0.64,141.6,317.85
2014-03-19,3.4,0.64,132.59,299.72
2014-03-20,3.46,0.64,122.23,286.17
2014-03-21,69.38,0.64,113.13,277.39
2014-03-22,33.08,1.851,108.4,278.84
2014-03-23,16.71,120.893,118.26,313.13
2014-03-24,11.88,12.926,144.69,488.46
2014-03-25,9.63,2.188,168.94,467.94
2014-03-26,10.07,1.56,175.7,365.56
2014-03-27,9.18,1.324,166.74,355.65
2014-03-28,8.47,1.194,158.64,352.48
2014-03-29,6.87,1.123,149.78,347.98
2014-03-30,7.05,1.013,150.45,340.36
2014-03-31,7.05,0.953,149.97,354.15
2014-04-01,7.96,0.95,162.78,369.34
2014-04-02,10.76,0.938,176.57,400.58
2014-04-03,11.37,0.87,191.25,463.23
2014-04-04,11.2,2.084,198.64,522.21
2014-04-05,8.13,1.471,199.68,539.9
2014-04-06,7.05,1.049,194.76,506.27
2014-04-07,6.64,1.755,186.92,445.2
2014-04-08,6.16,1.86,166.93,403.69
2014-04-09,5.92,0.821,151.82,373.1
2014-04-10,5.6,0.791,140.07,347.5
2014-04-11,6.37,1.086,134.02,312.72
2014-04-12,7.85,0.764,127.49,289.5
2014-04-13,10.98,0.72,127.49,286.89
2014-04-14,14.76,0.764,142.56,327.58
2014-04-15,14.76,0.845,174.72,387.58
2014-04-16,12.4,1.473,206.86,423.79
2014-04-17,8.48,1.325,231.04,443.38
2014-04-18,7.74,1.019,234.2,445.81
2014-04-19,9.25,0.89,247.36,439.68
2014-04-20,10.1,0.911,230.94,428.39
2014-04-21,10.84,1.361,223.72,437.58
2014-04-22,10.84,1.2,212.07,441.64
2014-04-23,12.35,1.047,197.51,430.43
2014-04-24,27.74,1.578,185.08,421.67
2014-04-25,10.95,3.389,182.2,414.79
2014-04-26,10.45,1.707,174.79,410.12
2014-04-27,10.07,1.108,169.36,400.59
2014-04-28,9.33,1.03,156.46,371.8
2014-04-29,8.48,1.008,149.81,351.48
2014-04-30,7.79,0.87,135.42,330.87
2014-05-01,7.79,0.805,128.41,313.35
2014-05-02,7.05,0.79,117.85,291.48
2014-05-03,6.31,0.786,117.05,279.44
2014-05-04,5.54,0.767,114.5,267.71
2014-05-05,5.54,0.764,112.71,259.18
2014-05-06,5.6,0.767,115.07,256.86
2014-05-07,5.72,0.72,114.44,255.43
2014-05-08,5.98,0.72,116.18,254.98
2014-05-09,6.69,0.72,111.55,252.55
2014-05-10,7.37,0.72,110.44,252.13
2014-05-11,7.05,0.832,107.03,251.89
2014-05-12,6.31,0.909,106.0,250.43
2014-05-13,5.52,0.808,103.75,249.04
2014-05-14,6.02,0.725,106.07,242.83
2014-05-15,5.99,0.72,105.42,235.49
2014-05-16,6.02,0.72,108.98,231.46
2014-05-17,5.54,0.72,110.18,232.84
2014-05-18,5.54,0.722,118.52,236.56
2014-05-19,5.54,0.833,117.36,240.49
2014-05-20,5.54,0.839,116.73,245.19
2014-05-21,5.52,0.794,110.29,249.25
2014-05-22,6.34,0.733,106.12,246.51
2014-05-23,7.11,0.73,108.99,238.45
2014-05-24,7.08,0.72,112.86,232.38
2014-05-25,6.02,0.72,117.51,235.94
2014-05-26,6.1,0.771,117.33,247.06
2014-05-27,6.87,0.798,116.11,257.44
2014-05-28,6.28,0.797,114.55,262.01
2014-05-29,6.23,0.826,111.79,258.62
2014-05-30,5.71,0.79,112.57,253.65
2014-05-31,5.54,0.778,109.37,246.74
2014-06-01,6.31,0.722,111.88,241.01
2014-06-02,6.31,0.9,113.64,237.83
2014-06-03,6.31,0.857,116.43,239.7
2014-06-04,5.28,0.79,120.96,242.95
2014-06-05,5.04,0.741,118.18,243.07
2014-06-06,4.73,0.727,115.78,241.59
2014-06-07,5.53,0.745,109.72,235.83
2014-06-08,6.19,0.765,106.03,229.07
2014-06-09,7.47,0.721,103.74,222.28
2014-06-10,7.69,1.604,103.74,218.15
2014-06-11,7.8,0.971,108.89,222.08
2014-06-12,6.62,0.828,112.73,228.18
2014-06-13,5.6,0.785,114.56,232.08
2014-06-14,4.81,0.733,113.16,236.86
2014-06-15,4.81,0.72,111.62,238.71
2014-06-16,4.81,0.72,110.65,239.03
2014-06-17,4.92,0.72,111.78,234.65
2014-06-18,4.86,0.701,114.99,235.31
2014-06-19,5.6,0.64,116.29,243.26
2014-06-20,5.55,0.64,119.1,253.51
2014-06-21,5.55,0.64,119.3,254.87
2014-06-22,4.86,0.64,117.16,248.02
2014-06-23,4.66,0.708,111.24,241.02
2014-06-24,4.68,0.64,102.08,236.05
2014-06-25,4.65,0.64,97.2,231.3
2014-06-26,7.29,0.631,97.76,221.74
2014-06-27,8.53,0.6,97.82,214.25
2014-06-28,8.3,0.6,96.56,214.53
2014-06-29,4.86,0.6,99.77,217.84
2014-06-30,4.89,0.6,98.37,210.18
2014-07-01,4.44,0.606,95.17,212.02
2014-07-02,3.97,0.619,89.64,211.13
2014-07-03,3.99,0.6,86.77,206.94
2014-07-04,3.7,0.6,86.37,195.58
2014-07-05,3.46,0.6,82.99,185.75
2014-07-06,4.92,0.6,78.91,180.39
2014-07-07,4.92,0.599,79.41,177.88
2014-07-08,4.97,0.6,83.68,175.95
2014-07-09,5.74,0.6,90.48,176.4
2014-07-10,5.68,0.61,101.34,186.07
2014-07-11,5.63,0.684,108.88,203.64
2014-07-12,4.83,0.751,116.02,226.76
2014-07-13,4.89,0.736,122.18,240.1
2014-07-14,4.41,0.72,129.43,245.24
2014-07-15,4.44,0.679,133.13,240.66
2014-07-16,4.41,0.6,127.98,237.38
2014-07-17,4.94,0.6,117.45,234.05
2014-07-18,7.29,0.6,105.2,228.97
2014-07-19,4.94,0.601,97.63,219.71
2014-07-20,4.92,0.591,94.41,213.79
2014-07-21,4.89,0.586,89.49,208.76
2014-07-22,4.94,0.57,80.05,205.59
2014-07-23,4.92,0.56,74.07,194.65
2014-07-24,4.94,0.56,73.6,184.25
2014-07-25,6.85,0.568,76.59,188.41
2014-07-26,6.64,0.578,86.63,192.32
2014-07-27,5.93,0.635,91.07,214.89
2014-07-28,4.27,0.791,105.85,222.67
2014-07-29,4.5,0.86,111.72,238.47
2014-07-30,4.27,0.79,109.58,237.02
2014-07-31,4.92,0.724,106.16,245.99
2014-08-01,4.92,0.666,97.27,227.59
2014-08-02,7.08,0.628,98.8,232.0
2014-08-03,4.94,0.64,96.42,218.34
2014-08-04,4.94,0.608,92.63,218.97
2014-08-05,4.94,0.56,90.23,210.56
2014-08-06,4.92,0.533,85.86,212.49
2014-08-07,4.92,0.52,88.67,207.85
2014-08-08,4.94,0.52,87.46,197.34
2014-08-09,4.92,0.588,84.43,192.07
2014-08-10,4.89,0.64,78.15,193.61
2014-08-11,4.89,0.62,72.28,180.86
2014-08-12,8.02,0.574,75.15,176.67
2014-08-13,9.33,0.56,78.8,173.62
2014-08-14,9.33,0.655,87.04,177.64
2014-08-15,6.2,0.691,92.03,190.52
2014-08-16,4.92,0.717,96.49,208.25
2014-08-17,4.92,0.653,94.32,219.79
2014-08-18,4.2,0.6,93.06,219.97
2014-08-19,4.17,0.61,92.09,212.78
2014-08-20,3.94,0.6,88.91,206.15
2014-08-21,8.77,0.578,86.62,200.07
2014-08-22,6.87,0.569,79.34,205.4
2014-08-23,3.2,0.55,79.64,194.26
2014-08-24,2.72,0.527,79.66,178.09
2014-08-25,2.75,0.52,77.74,173.23
2014-08-26,3.46,0.46,78.62,170.66
2014-08-27,2.75,0.469,80.06,168.34
2014-08-28,8.53,0.48,80.18,170.11
2014-08-29,6.4,0.48,74.54,181.33
2014-08-30,3.2,0.48,75.1,183.95
2014-08-31,3.49,0.508,79.69,173.52
2014-09-01,4.94,0.52,91.1,174.6
2014-09-02,6.53,0.524,96.25,178.37
2014-09-03,8.65,0.555,104.65,186.9
2014-09-04,8.32,0.597,103.28,196.75
2014-09-05,8.98,0.624,94.33,202.14
2014-09-06,7.82,0.566,95.24,202.81
2014-09-07,2.69,0.52,103.31,193.9
2014-09-08,2.75,0.519,112.02,192.56
2014-09-09,2.75,0.48,109.35,195.67
2014-09-10,2.75,0.44,99.7,201.69
2014-09-11,2.72,0.445,89.82,198.34
2014-09-12,5.69,0.419,85.53,187.14
2014-09-13,2.72,0.426,81.51,181.87
2014-09-14,2.48,0.4,75.67,172.64
2014-09-15,5.18,0.402,70.39,168.47
2014-09-16,6.16,,66.68,162.8
2014-09-17,5.45,,62.16,157.12
2014-09-18,5.45,,59.36,152.88
2014-09-19,4.5,0.4,66.92,149.09
2014-09-20,3.99,0.646,73.26,147.97
2014-09-21,4.94,1.017,83.29,147.11
2014-09-22,4.66,1.059,82.8,155.2
2014-09-23,3.31,0.833,78.54,162.67
2014-09-24,2.66,0.617,74.56,155.99
2014-09-25,4.27,0.56,83.89,151.71
2014-09-26,4.27,0.868,90.36,150.0
2014-09-27,6.4,1.62,92.59,161.75
2014-09-28,4.08,0.648,91.46,169.52
2014-09-29,5.53,0.573,102.84,168.69
2014-09-30,5.61,0.523,113.57,174.53
2014-10-01,7.22,0.483,123.88,190.77
2014-10-02,13.51,,119.42,212.65
2014-10-03,13.04,,110.97,235.77
2014-10-04,4.94,,100.32,228.42
2014-10-05,3.54,0.48,88.26,198.29
2014-10-06,3.13,0.448,84.39,184.59
2014-10-07,4.74,0.44,81.74,172.41
2014-10-08,6.64,0.425,77.8,164.6
2014-10-09,5.93,0.397,72.15,161.66
2014-10-10,6.16,0.361,67.26,159.76
2014-10-11,2.44,,66.51,149.15
2014-10-12,2.17,,68.76,135.01
2014-10-13,2.17,,69.49,133.18
2014-10-14,2.2,,68.17,134.74
2014-10-15,2.91,,66.83,134.46
2014-10-16,2.91,,64.37,130.41
2014-10-17,2.68,,65.22,123.07
2014-10-18,4.53,,59.64,116.67
2014-10-19,2.79,,59.15,111.65
2014-10-20,3.65,,62.93,107.29
2014-10-21,3.65,,68.78,109.42
2014-10-22,3.54,,72.57,119.09
2014-10-23,2.89,,73.33,128.48
2014-10-24,2.91,,79.57,135.32
2014-10-25,3.68,,84.29,136.08
2014-10-26,5.03,,97.03,143.43
2014-10-27,5.0,,110.18,176.78
2014-10-28,4.0,,117.0,221.0
2014-10-29,3.0,0.36,111.0,244.0
2014-10-30,3.0,0.387,98.0,230.0
2014-10-31,3.0,,97.0,206.0
2014-11-01,3.0,0.4,92.0,193.0
2014-11-02,2.89,1.182,91.0,187.0
2014-11-03,2.86,0.782,77.28,176.78
2014-11-04,2.97,0.59,73.81,171.31
2014-11-05,3.65,0.514,76.57,163.78
2014-11-06,3.65,0.457,83.15,158.73
2014-11-07,6.11,0.424,102.0,163.08
2014-11-08,4.34,0.4,110.33,177.59
2014-11-09,4.97,0.416,117.18,200.24
2014-11-10,7.35,,108.17,216.27
2014-11-11,11.85,0.44,99.62,223.15
2014-11-12,13.51,0.43,99.19,219.91
2014-11-13,12.8,0.755,92.37,232.0
2014-11-14,24.89,1.912,97.84,266.65
2014-11-15,9.6,1.283,103.38,300.72
2014-11-16,8.36,0.74,120.06,292.12
2014-11-17,5.8,0.584,130.11,272.63
2014-11-18,3.98,0.543,125.2,258.22
2014-11-19,3.79,0.497,119.99,240.04
2014-11-20,3.32,0.446,107.2,223.39
2014-11-21,3.56,0.402,100.0,203.94
2014-11-22,4.29,,89.77,195.29
2014-11-23,5.0,,87.74,192.11
2014-11-24,5.95,,94.29,228.21
2014-11-25,8.62,0.4,103.01,257.84
2014-11-26,13.5,0.74,118.97,292.25
2014-11-27,32.0,0.982,171.04,373.82
2014-11-28,22.04,1.737,243.35,542.98
2014-11-29,6.34,1.533,257.58,674.6
2014-11-30,4.47,0.837,187.36,593.35
2014-12-01,3.31,0.688,159.82,507.21
2014-12-02,4.24,0.632,148.29,388.07
2014-12-03,5.69,0.615,132.07,313.45
2014-12-04,26.1,0.57,129.49,285.2
2014-12-05,9.0,0.793,141.08,273.26
2014-12-06,6.07,2.332,143.17,275.76
2014-12-07,4.75,0.913,123.97,309.69
2014-12-08,4.83,0.64,93.89,307.34
2014-12-09,4.15,0.833,87.98,269.74
2014-12-10,3.43,2.017,89.49,217.14
2014-12-11,5.03,0.663,92.0,189.76
2014-12-12,6.4,0.552,105.82,188.12
2014-12-13,11.02,0.572,116.77,202.04
2014-12-14,12.95,1.449,130.02,238.16
2014-12-15,12.02,0.895,142.63,281.96
2014-12-16,7.17,1.672,141.29,307.21
2014-12-17,4.52,0.739,138.31,305.92
2014-12-18,5.26,0.585,125.36,286.62
2014-12-19,5.71,0.531,129.03,265.44
2014-12-20,5.13,0.619,141.63,246.96
2014-12-21,7.0,0.584,146.21,251.61
2014-12-22,8.0,0.518,164.0,297.0
2014-12-23,9.0,0.48,189.0,340.0
2014-12-24,7.06,1.107,215.0,387.0
2014-12-25,6.34,1.034,214.37,404.0
2014-12-26,4.97,0.698,210.17,406.21
2014-12-27,5.0,0.625,201.58,389.31
2014-12-28,5.03,0.558,191.49,359.87
2014-12-29,5.0,0.504,179.39,338.44
2014-12-30,4.76,0.506,156.05,311.72
2014-12-31,4.05,1.264,144.08,296.98
2015-01-01,4.08,0.926,134.1,287.86
2015-01-02,5.03,0.614,140.56,295.38
2015-01-03,6.51,0.558,152.25,299.85
2015-01-04,7.88,1.057,181.31,308.67
2015-01-05,7.55,3.35,210.11,337.31
2015-01-06,6.86,3.254,230.28,393.14
2015-01-07,5.51,1.556,217.22,443.74
2015-01-08,4.72,1.158,188.34,435.36
2015-01-09,3.76,0.759,165.96,379.68
2015-01-10,2.65,0.607,152.49,313.06
2015-01-11,1.82,0.562,140.56,264.77
2015-01-12,1.3,0.517,118.38,235.79
2015-01-13,1.68,0.468,107.55,214.83
2015-01-14,2.15,0.416,107.02,201.11
2015-01-15,2.89,0.4,104.66,192.62
2015-01-16,2.89,0.4,97.85,187.08
2015-01-17,3.0,0.4,88.0,183.67
2015-01-18,3.0,0.4,76.17,180.69
2015-01-19,2.39,0.4,65.42,170.49
2015-01-20,3.13,0.4,57.23,152.45
2015-01-21,3.74,0.4,60.5,135.82
2015-01-22,5.13,0.4,79.07,129.7
2015-01-23,5.13,0.4,103.51,149.2
2015-01-24,5.08,0.788,122.19,191.22
2015-01-25,4.69,0.673,125.04,235.74
2015-01-26,5.26,1.649,131.71,262.57
2015-01-27,5.37,2.659,136.28,269.33
2015-01-28,5.61,1.149,130.08,284.76
2015-01-29,5.7,0.737,111.72,284.93
2015-01-30,7.74,0.603,109.04,271.48
2015-01-31,8.55,0.549,111.39,265.8
2015-02-01,9.83,0.52,126.38,279.94
2015-02-02,9.15,0.528,148.5,307.2
2015-02-03,9.78,0.806,184.26,325.85
2015-02-04,9.12,1.511,207.04,391.02
2015-02-05,24.96,1.531,214.98,478.51
2015-02-06,36.89,4.96,246.55,513.18
2015-02-07,16.08,7.587,279.08,512.95
2015-02-08,13.98,5.325,351.41,510.43
2015-02-09,11.16,3.151,337.45,561.8
2015-02-10,8.87,3.968,356.39,584.0
2015-02-11,6.81,2.921,372.05,604.92
2015-02-12,7.05,1.749,347.25,581.41
2015-02-13,8.33,1.303,310.26,573.65
2015-02-14,22.85,1.106,280.95,533.0
2015-02-15,26.55,9.819,273.45,491.95
2015-02-16,14.04,15.439,268.71,479.74
2015-02-17,11.93,5.836,271.76,497.74
2015-02-18,9.13,3.729,297.71,524.69
2015-02-19,6.8,2.433,415.73,546.67
2015-02-20,5.22,1.825,484.19,564.59
2015-02-21,5.03,1.389,462.0,643.39
2015-02-22,5.03,1.182,395.7,658.31
2015-02-23,5.06,0.994,315.26,629.1
2015-02-24,5.03,0.846,236.67,534.36
2015-02-25,5.06,0.77,195.95,453.16
2015-02-26,11.77,0.72,174.06,396.75
2015-02-27,10.95,0.659,172.07,355.59
2015-02-28,24.43,1.085,178.59,347.14
2015-03-01,10.68,4.997,183.49,347.3
2015-03-02,11.07,3.366,191.0,362.46
2015-03-03,12.69,1.258,185.72,376.83
2015-03-04,12.24,0.954,182.36,351.97
2015-03-05,9.63,0.808,167.35,342.94
2015-03-06,10.37,0.727,164.82,329.36
2015-03-07,17.76,1.391,174.15,324.26
2015-03-08,72.55,4.812,198.12,362.78
2015-03-09,19.0,55.629,258.5,419.68
2015-03-10,13.34,10.901,278.11,525.67
2015-03-11,10.85,2.954,297.43,583.71
2015-03-12,9.78,2.265,345.08,564.96
2015-03-13,9.31,1.841,316.16,528.38
2015-03-14,7.86,1.716,335.45,549.67
2015-03-15,7.89,1.534,321.64,556.41
2015-03-16,7.86,1.397,299.17,526.41
2015-03-17,7.86,1.305,281.69,498.97
2015-03-18,7.12,1.278,288.63,467.4
2015-03-19,7.15,1.213,265.68,447.72
2015-03-20,7.15,1.129,273.76,430.76
2015-03-21,27.23,1.1,288.14,423.35
2015-03-22,26.4,1.426,320.06,486.72
2015-03-23,12.66,8.805,335.55,565.15
2015-03-24,10.08,4.236,391.47,636.56
2015-03-25,8.25,1.986,370.51,632.62
2015-03-26,6.82,1.591,364.75,601.51
2015-03-27,11.7,1.325,321.1,550.16
2015-03-28,20.81,1.267,273.47,516.92
2015-03-29,24.76,1.274,263.32,495.53
2015-03-30,17.93,2.39,273.0,574.79
2015-03-31,33.32,2.168,390.89,706.58
2015-04-01,13.9,3.495,343.68,781.54
2015-04-02,12.17,2.895,256.1,687.02
2015-04-03,9.18,1.632,236.0,604.92
2015-04-04,9.32,1.39,218.24,482.05
2015-04-05,10.8,1.963,192.96,431.81
2015-04-06,15.38,2.437,184.41,402.87
2015-04-07,15.56,1.698,174.9,387.72
2015-04-08,13.66,1.53,170.39,380.34
2015-04-09,9.82,1.41,160.04,367.71
2015-04-10,8.93,1.382,154.93,354.84
2015-04-11,7.89,1.186,141.8,329.81
2015-04-12,7.87,1.18,135.19,312.55
2015-04-13,7.13,1.166,125.44,295.42
2015-04-14,7.13,1.1,122.23,280.09
2015-04-15,10.28,1.085,119.63,268.71
2015-04-16,14.67,1.03,133.48,261.87
2015-04-17,14.81,1.177,139.3,259.44
2015-04-18,12.42,4.052,144.1,275.55
2015-04-19,8.03,1.489,140.35,289.97
2015-04-20,11.84,1.228,143.51,292.65
2015-04-21,19.0,1.1,158.17,283.56
2015-04-22,22.62,1.193,197.26,285.28
2015-04-23,9.54,1.679,221.83,327.41
2015-04-24,8.69,1.551,240.21,384.93
2015-04-25,7.13,1.299,231.68,420.94
2015-04-26,7.89,1.193,219.14,425.89
2015-04-27,7.15,2.186,198.36,400.83
2015-04-28,8.72,2.6,182.82,383.56
2015-04-29,7.92,1.255,184.57,349.0
2015-04-30,8.69,1.047,177.71,336.26
2015-05-01,7.87,1.03,164.86,326.98
2015-05-02,8.63,1.03,145.36,320.73
2015-05-03,8.69,0.971,142.33,301.54
2015-05-04,9.46,0.95,133.57,283.44
2015-05-05,9.46,0.95,129.29,285.79
2015-05-06,13.27,0.95,124.62,284.03
2015-05-07,15.25,0.95,125.62,282.92
2015-05-08,15.22,1.169,124.08,274.69
2015-05-09,11.38,1.28,122.31,278.21
2015-05-10,10.17,1.279,121.68,277.87
2015-05-11,10.22,1.183,135.0,284.45
2015-05-12,10.22,1.26,146.4,282.8
2015-05-13,9.43,1.26,156.92,297.83
2015-05-14,8.63,1.25,159.17,297.73
2015-05-15,7.87,1.181,158.7,301.85
2015-05-16,7.89,1.169,153.14,300.83
2015-05-17,7.89,1.1,143.74,294.04
2015-05-18,7.87,1.061,138.18,288.04
2015-05-19,7.13,1.03,133.07,274.59
2015-05-20,7.15,1.03,128.04,268.11
2015-05-21,7.13,1.03,123.27,265.39
2015-05-22,6.38,0.965,118.07,258.34
2015-05-23,6.38,0.95,117.44,254.75
2015-05-24,5.64,0.95,113.13,243.58
2015-05-25,6.38,0.95,108.57,239.43
2015-05-26,5.62,0.95,99.98,227.35
2015-05-27,5.49,0.95,96.66,218.07
2015-05-28,5.02,0.921,97.92,213.83
2015-05-29,6.82,0.871,99.03,212.2
2015-05-30,7.68,0.87,104.77,211.37
2015-05-31,7.42,0.871,116.84,211.61
2015-06-01,5.59,0.945,129.54,237.1
2015-06-02,4.88,0.95,135.15,255.54
2015-06-03,4.91,0.95,132.28,270.47
2015-06-04,4.93,0.95,134.65,260.57
2015-06-05,4.91,0.95,133.19,259.45
2015-06-06,4.82,0.95,125.45,258.02
2015-06-07,4.85,0.95,110.92,253.26
2015-06-08,4.85,0.95,106.56,243.83
2015-06-09,4.64,0.95,107.01,230.07
2015-06-10,4.64,0.95,110.38,217.83
2015-06-11,4.64,0.903,105.29,208.6
2015-06-12,4.88,0.87,100.17,204.42
2015-06-13,4.88,0.87,94.85,202.81
2015-06-14,5.7,0.87,96.39,201.44
2015-06-15,5.67,0.809,99.24,194.79
2015-06-16,5.62,0.79,100.4,188.12
2015-06-17,9.21,0.79,97.47,192.72
2015-06-18,13.92,0.79,98.62,201.42
2015-06-19,15.04,0.79,101.06,212.36
2015-06-20,11.37,0.79,110.88,219.9
2015-06-21,6.69,0.79,117.11,231.37
2015-06-22,11.0,0.79,126.91,245.92
2015-06-23,13.48,0.79,129.6,251.54
2015-06-24,15.98,0.79,133.29,254.37
2015-06-25,12.19,1.029,135.53,259.95
2015-06-26,10.6,1.045,137.32,272.11
2015-06-27,8.99,1.03,134.59,279.03
2015-06-28,7.48,1.03,131.51,276.33
2015-06-29,6.62,0.858,129.68,266.35
2015-06-30,6.5,0.79,128.71,257.62
2015-07-01,7.15,0.817,125.1,252.98
2015-07-02,7.04,0.754,118.47,248.39
2015-07-03,6.94,0.72,112.82,241.86
2015-07-04,6.34,0.746,108.37,229.99
2015-07-05,6.26,0.787,106.08,218.59
2015-07-06,6.36,0.79,102.39,209.53
2015-07-07,6.19,0.79,100.68,207.52
2015-07-08,5.62,0.807,99.47,209.66
2015-07-09,4.85,0.762,95.25,211.75
2015-07-10,4.85,0.72,93.21,208.19
2015-07-11,4.88,0.683,91.46,199.12
2015-07-12,4.88,0.64,89.96,192.14
2015-07-13,4.14,0.64,89.0,191.82
2015-07-14,4.11,0.635,87.95,194.14
2015-07-15,4.11,0.6,85.92,191.82
2015-07-16,4.58,0.6,82.87,184.28
2015-07-17,3.81,0.6,79.26,175.96
2015-07-18,4.08,0.6,78.2,169.44
2015-07-19,4.56,0.6,75.52,168.36
2015-07-20,5.64,0.578,74.99,167.54
2015-07-21,4.87,0.56,74.3,165.5
2015-07-22,4.9,0.572,73.26,161.31
2015-07-23,4.82,0.56,79.38,162.52
2015-07-24,4.82,0.56,79.26,163.28
2015-07-25,4.58,0.56,81.84,171.83
2015-07-26,3.82,0.593,79.76,182.26
2015-07-27,4.56,0.638,88.01,202.0
2015-07-28,3.82,0.633,95.62,209.65
2015-07-29,4.35,0.6,102.53,210.26
2015-07-30,3.37,0.582,105.82,205.57
2015-07-31,4.23,0.56,106.83,201.42
2015-08-01,3.46,0.545,99.55,199.07
2015-08-02,3.94,0.52,88.88,193.0
2015-08-03,3.02,0.52,78.93,187.22
2015-08-04,3.29,0.506,73.01,172.28
2015-08-05,2.84,0.48,68.27,160.98
2015-08-06,2.87,0.48,65.4,153.14
2015-08-07,2.63,0.48,63.01,147.36
2015-08-08,2.6,0.445,61.91,140.45
2015-08-09,2.61,0.44,59.28,136.03
2015-08-10,2.61,0.44,57.22,132.3
2015-08-11,2.58,0.44,57.84,131.93
2015-08-12,2.58,0.44,57.26,130.3
2015-08-13,2.82,0.44,59.01,131.18
2015-08-14,2.66,0.44,58.33,131.34
2015-08-15,2.27,0.44,58.67,130.27
2015-08-16,2.09,0.44,60.1,129.11
2015-08-17,2.3,0.44,60.47,130.31
2015-08-18,3.01,0.44,59.71,131.99
2015-08-19,3.03,0.44,57.78,133.97
2015-08-20,3.18,0.44,58.47,131.06
2015-08-21,3.06,0.44,54.87,130.9
2015-08-22,3.12,0.44,55.68,130.49
2015-08-23,3.89,0.44,53.82,128.45
2015-08-24,3.98,0.44,54.42,124.59
2015-08-25,4.01,0.495,63.82,124.04
2015-08-26,3.24,0.594,73.74,132.85
2015-08-27,3.1,0.6,81.0,152.22
2015-08-28,3.1,0.59,76.09,166.56
2015-08-29,3.1,0.538,70.34,168.78
2015-08-30,3.18,0.5,66.89,158.9
2015-08-31,3.47,0.48,66.53,151.79
2015-09-01,3.95,0.465,68.9,146.13
2015-09-02,4.19,0.44,67.49,144.32
2015-09-03,4.17,0.44,64.09,143.22
2015-09-04,4.67,0.442,58.06,143.7
2015-09-05,5.11,0.514,63.47,140.27
2015-09-06,6.3,0.61,75.14,139.86
2015-09-07,8.31,0.639,88.49,152.1
2015-09-08,9.7,0.661,113.28,185.22
2015-09-09,9.73,2.001,149.76,229.22
2015-09-10,8.28,1.838,175.14,282.18
2015-09-11,8.39,1.952,189.6,326.19
2015-09-12,8.99,2.394,207.44,373.27
2015-09-13,8.88,2.527,235.07,417.12
2015-09-14,7.4,1.907,247.27,446.86
2015-09-15,5.29,1.381,228.8,453.69
2015-09-16,3.83,1.084,205.25,428.34
2015-09-17,3.09,0.926,178.83,381.85
2015-09-18,3.12,0.781,154.78,335.32
2015-09-19,3.12,0.681,137.73,290.08
2015-09-20,3.12,0.608,118.47,259.53
2015-09-21,3.12,0.571,106.79,236.3
2015-09-22,3.03,0.543,94.75,216.1
2015-09-23,2.91,0.518,96.86,198.23
2015-09-24,3.03,0.47,90.84,180.38
2015-09-25,3.03,0.44,82.74,172.06
2015-09-26,4.54,0.44,77.04,167.45
2015-09-27,4.25,0.455,88.44,159.37
2015-09-28,4.22,0.914,105.48,158.48
2015-09-29,2.95,0.954,122.99,163.92
2015-09-30,3.03,0.897,128.23,179.59
2015-10-01,6.87,0.738,127.49,191.72
2015-10-02,4.33,0.971,121.72,207.79
2015-10-03,4.99,0.748,125.21,216.72
2015-10-04,5.99,0.654,141.79,229.81
2015-10-05,4.64,0.72,151.69,235.14
2015-10-06,4.16,0.72,151.97,237.3
2015-10-07,3.42,0.709,137.0,233.54
2015-10-08,3.47,0.64,133.57,225.03
2015-10-09,2.76,0.592,125.84,216.41
2015-10-10,2.76,0.541,123.78,206.73
2015-10-11,2.02,0.503,109.55,204.4
2015-10-12,2.76,0.48,95.05,194.11
2015-10-13,2.02,0.458,80.4,183.46
2015-10-14,4.76,0.44,74.69,164.13
2015-10-15,4.52,0.44,80.31,156.31
2015-10-16,2.58,0.44,77.74,146.08
2015-10-17,3.29,0.44,86.05,137.93
2015-10-18,3.26,0.44,80.0,138.62
2015-10-19,2.71,0.44,77.66,142.72
2015-10-20,1.78,0.44,62.91,142.98
2015-10-21,2.55,0.44,65.65,139.63
2015-10-22,3.32,0.44,74.68,136.49
2015-10-23,4.38,0.44,90.96,136.77
2015-10-24,3.43,0.44,90.78,146.51
2015-10-25,4.59,0.44,87.26,156.96
2015-10-26,5.01,0.44,85.55,162.61
2015-10-27,7.97,0.44,104.02,162.47
2015-10-28,8.63,0.468,127.03,161.1
2015-10-29,8.55,0.52,155.37,180.81
2015-10-30,6.33,0.545,159.47,210.77
2015-10-31,7.12,0.56,196.07,245.86
2015-11-01,8.66,0.541,176.14,274.97
2015-11-02,9.23,0.553,193.26,307.09
2015-11-03,7.86,1.237,199.89,324.28
2015-11-04,8.63,1.313,203.54,356.62
2015-11-05,11.56,1.09,184.17,366.46
2015-11-06,12.22,0.939,189.93,350.67
2015-11-07,9.92,2.51,226.34,326.18
2015-11-08,6.38,2.077,293.52,374.53
2015-11-09,4.9,1.229,315.29,486.03
2015-11-10,4.21,0.975,206.98,561.15
2015-11-11,3.5,0.805,182.1,525.97
2015-11-12,2.87,0.692,167.2,400.69
2015-11-13,2.89,0.614,160.56,317.9
2015-11-14,3.21,0.567,153.4,289.21
2015-11-15,3.42,0.541,150.44,280.94
2015-11-16,4.4,0.52,146.39,294.38
2015-11-17,5.03,0.52,154.06,349.44
2015-11-18,5.09,0.563,171.45,376.86
2015-11-19,5.09,0.744,186.21,403.71
2015-11-20,5.08,0.599,200.79,400.54
2015-11-21,5.74,0.578,198.78,421.21
2015-11-22,6.69,0.64,202.75,416.25
2015-11-23,7.12,1.487,211.88,428.52
2015-11-24,7.42,3.299,220.14,428.23
2015-11-25,6.17,1.343,215.66,436.11
2015-11-26,6.2,0.949,199.72,414.61
2015-11-27,9.44,0.756,182.07,377.15
2015-11-28,16.34,0.654,180.67,358.49
2015-11-29,27.3,0.958,199.61,370.41
2015-11-30,17.57,5.283,333.82,469.75
2015-12-01,12.02,4.538,488.33,582.04
2015-12-02,9.29,2.125,338.17,705.27
2015-12-03,8.6,1.404,266.35,777.52
2015-12-04,11.59,1.136,256.93,743.25
2015-12-05,16.03,1.071,272.72,730.06
2015-12-06,26.62,1.345,384.84,927.92
2015-12-07,22.66,20.921,386.89,994.85
2015-12-08,20.28,10.813,441.22,924.78
2015-12-09,13.03,2.721,435.1,855.85
2015-12-10,9.37,1.979,447.27,793.47
2015-12-11,9.29,1.625,477.08,735.61
2015-12-12,37.48,3.315,434.06,787.67
2015-12-13,28.68,10.239,505.83,1110.96
2015-12-14,22.37,7.287,544.42,1362.52
2015-12-15,21.64,3.169,401.08,1159.16
2015-12-16,23.56,10.601,424.68,904.54
2015-12-17,11.45,5.105,441.01,718.13
2015-12-18,9.21,6.624,443.18,678.99
2015-12-19,9.63,6.06,463.61,696.02
2015-12-20,11.09,2.832,477.91,702.88
2015-12-21,10.29,3.112,479.04,751.34
2015-12-22,8.49,9.77,504.06,800.37
2015-12-23,7.86,2.644,394.97,800.03
2015-12-24,7.41,2.14,344.15,701.34
2015-12-25,6.59,2.078,309.68,548.42
2015-12-26,6.8,1.68,302.65,457.47
2015-12-27,6.61,2.415,281.82,445.42
2015-12-28,5.9,1.7,267.95,462.67
2015-12-29,4.24,1.384,271.25,441.87
2015-12-30,7.04,1.166,263.3,442.3
2015-12-31,13.4,1.053,243.25,434.67
2016-01-01,61.14,1.037,258.5,452.96
2016-01-02,94.3,9.694,326.69,543.04
2016-01-03,36.87,120.553,575.72,717.68
2016-01-04,22.09,26.622,741.03,1133.56
2016-01-05,19.96,5.027,450.08,1189.89
2016-01-06,13.16,2.74,320.29,958.3
2016-01-07,10.69,3.674,295.21,687.72
2016-01-08,12.95,3.973,274.43,518.07
2016-01-09,15.12,3.668,254.72,457.66
2016-01-10,15.95,3.708,239.36,461.84
2016-01-11,22.42,4.696,250.16,448.16
2016-01-12,26.13,4.743,273.12,502.52
2016-01-13,103.17,7.123,349.35,628.39
2016-01-14,122.75,74.546,409.41,764.61
2016-01-15,99.73,84.994,886.14,933.32
2016-01-16,62.18,143.84,1312.74,2231.95
2016-01-17,36.4,43.767,1296.45,2802.69
2016-01-18,36.4,20.243,1193.08,2219.82
2016-01-19,34.52,15.877,1058.1,1930.64
2016-01-20,31.13,18.422,1077.98,2015.3
2016-01-21,27.1,15.204,1038.58,2348.91
2016-01-22,33.79,13.766,802.14,2137.48
2016-01-23,25.93,14.944,636.77,1784.69
2016-01-24,18.83,10.889,529.26,1346.35
2016-01-25,17.49,6.238,431.21,1032.54
2016-01-26,17.43,4.852,373.6,917.76
2016-01-27,17.03,4.446,329.8,794.66
2016-01-28,17.31,4.335,342.34,672.65
2016-01-29,15.19,6.054,498.62,1168.82
2016-01-30,13.24,4.89,498.17,1532.32
2016-01-31,12.3,4.364,471.55,1239.2
2016-02-01,12.01,3.983,436.61,970.63
2016-02-02,12.53,3.676,365.74,831.56
2016-02-03,11.86,3.58,315.63,751.24
2016-02-04,9.74,3.536,263.62,663.52
2016-02-05,8.97,3.446,243.53,583.32
2016-02-06,9.53,3.35,237.66,505.37
2016-02-07,11.4,3.349,216.77,475.61
2016-02-08,10.89,3.503,216.22,469.15
2016-02-09,13.03,3.472,223.76,482.66
2016-02-10,16.58,3.233,223.27,469.28
2016-02-11,15.99,3.258,246.3,492.6
2016-02-12,13.31,4.031,288.14,542.32
2016-02-13,11.27,3.787,300.55,646.04
2016-02-14,15.17,3.394,272.84,643.69
2016-02-15,22.16,3.366,249.59,591.46
2016-02-16,96.37,5.93,282.69,598.88
2016-02-17,28.61,10.632,327.49,660.98
2016-02-18,20.35,35.01,412.16,813.18
2016-02-19,34.01,9.53,394.6,997.18
2016-02-20,26.16,23.012,423.21,915.15
2016-02-21,22.66,21.43,592.6,947.34
2016-02-22,22.9,8.392,649.75,1205.04
2016-02-23,14.59,14.703,613.27,1286.15
2016-02-24,15.25,6.266,660.69,1174.18
2016-02-25,15.41,7.965,550.78,1019.91
2016-02-26,17.02,7.47,549.35,937.38
2016-02-27,20.63,9.621,536.95,919.78
2016-02-28,34.14,5.605,442.45,1012.16
2016-02-29,25.57,6.588,420.67,1089.1
2016-03-01,42.33,18.991,477.25,1013.11
2016-03-02,29.3,32.028,526.75,920.16
2016-03-03,19.8,15.288,526.88,915.97
2016-03-04,15.77,7.451,512.58,912.45
2016-03-05,33.14,5.5,557.02,847.54
2016-03-06,33.88,21.426,599.8,856.7
2016-03-07,19.82,62.513,767.93,954.73
2016-03-08,16.15,10.416,676.08,1147.25
2016-03-09,15.15,6.062,518.62,1129.86
2016-03-10,14.99,5.541,475.25,915.31
2016-03-11,16.14,5.432,507.52,825.34
2016-03-12,15.32,10.615,559.35,821.46
2016-03-13,14.58,9.752,573.39,930.69
2016-03-14,14.07,5.912,581.98,1061.5
2016-03-15,15.4,5.391,533.28,1000.88
2016-03-16,15.43,5.161,491.81,932.67
2016-03-17,14.2,6.428,471.04,918.41
2016-03-18,11.79,5.235,459.25,888.54
2016-03-19,11.04,4.836,401.28,830.88
2016-03-20,11.05,4.671,334.06,766.43
2016-03-21,12.43,4.514,299.7,669.56
2016-03-22,15.21,4.399,284.97,589.66
2016-03-23,29.12,4.436,281.2,557.95
2016-03-24,12.17,6.715,507.59,598.6
2016-03-25,13.23,5.238,458.43,843.63
2016-03-26,12.95,4.821,495.04,903.6
2016-03-27,11.36,4.774,491.76,810.17
2016-03-28,10.9,4.531,407.38,819.62
2016-03-29,10.59,4.379,403.13,791.94
2016-03-30,10.73,4.351,451.69,733.81
2016-03-31,10.94,4.281,465.03,719.58
2016-04-01,10.65,4.274,450.51,740.86
2016-04-02,9.8,4.995,378.52,766.31
2016-04-03,9.59,4.354,332.64,743.88
2016-04-04,9.52,4.149,283.38,680.03
2016-04-05,9.66,3.981,251.31,581.38
2016-04-06,9.97,3.923,240.28,498.66
2016-04-07,10.0,3.83,224.02,455.44
2016-04-08,9.91,3.83,214.65,443.64
2016-04-09,9.63,3.701,199.39,435.3
2016-04-10,9.73,3.7,191.91,425.45
2016-04-11,8.85,2.621,186.6,417.39
2016-04-12,9.16,1.51,185.51,409.08
2016-04-13,8.31,1.51,184.16,399.91
2016-04-14,8.31,1.411,172.89,391.24
2016-04-15,7.15,1.41,164.29,385.29
2016-04-16,7.13,1.41,160.59,373.39
2016-04-17,7.36,1.41,159.22,359.98
2016-04-18,7.6,1.361,157.39,351.84
2016-04-19,7.63,1.33,154.38,341.99
2016-04-20,7.39,1.33,153.37,329.54
2016-04-21,7.15,1.33,146.54,316.7
2016-04-22,6.3,1.318,144.05,309.58
2016-04-23,6.3,1.259,136.99,304.18
2016-04-24,6.3,1.26,137.33,296.65
2016-04-25,6.27,1.258,135.46,293.19
2016-04-26,6.3,1.257,137.57,290.22
2016-04-27,6.33,1.26,132.86,287.05
2016-04-28,6.33,1.26,128.26,287.06
2016-04-29,6.3,1.339,127.04,290.59
2016-04-30,6.25,1.895,137.54,298.47
2016-05-01,6.27,1.761,143.25,308.01
2016-05-02,6.27,1.47,145.17,316.12
2016-05-03,6.3,1.378,145.54,318.08
2016-05-04,6.3,1.33,142.94,313.8
2016-05-05,6.33,1.33,138.75,309.93
2016-05-06,6.3,1.33,131.94,305.77
2016-05-07,6.27,1.344,126.63,298.81
2016-05-08,6.25,1.427,123.51,292.0
2016-05-09,6.25,1.404,125.0,288.2
2016-05-10,6.3,1.341,124.32,284.09
2016-05-11,6.33,1.329,122.72,280.62
2016-05-12,6.36,1.307,122.45,273.75
2016-05-13,6.3,1.33,121.31,268.33
2016-05-14,6.25,1.33,121.02,266.19
2016-05-15,6.27,1.33,123.1,268.0
2016-05-16,8.0,1.299,122.06,274.19
2016-05-17,7.21,1.267,122.25,279.0
2016-05-18,7.15,1.358,125.19,282.95
2016-05-19,6.3,1.958,130.05,281.98
2016-05-20,6.86,1.745,135.64,282.8
2016-05-21,6.04,1.464,143.31,286.37
2016-05-22,6.07,1.41,155.23,291.83
2016-05-23,5.42,1.41,170.79,298.13
2016-05-24,5.42,1.4,185.79,307.95
2016-05-25,5.4,1.333,191.66,319.84
2016-05-26,5.45,1.33,192.59,328.5
2016-05-27,5.48,1.329,182.12,329.97
2016-05-28,5.48,1.322,170.86,326.51
2016-05-29,5.51,1.26,155.3,316.81
2016-05-30,5.48,1.329,155.87,309.03
2016-05-31,5.51,1.627,151.76,302.8
2016-06-01,7.18,1.379,149.74,328.0
2016-06-02,9.68,1.483,146.69,340.67
2016-06-03,12.8,2.833,164.02,352.6
2016-06-04,15.44,2.333,212.57,344.3
2016-06-05,17.27,3.921,301.18,398.14
2016-06-06,16.95,3.15,457.72,474.12
2016-06-07,14.26,5.383,513.01,590.26
2016-06-08,10.92,3.451,635.47,682.05
2016-06-09,8.26,2.371,723.23,770.38
2016-06-10,6.76,1.991,733.05,851.21
2016-06-11,5.93,1.749,712.28,915.92
2016-06-12,5.06,1.554,630.04,900.74
2016-06-13,5.08,1.46,447.71,843.47
2016-06-14,5.46,1.41,330.43,745.48
2016-06-15,6.24,1.389,264.52,608.43
2016-06-16,6.78,1.33,239.23,489.68
2016-06-17,6.55,1.33,225.05,419.8
2016-06-18,6.64,1.33,205.04,376.28
2016-06-19,6.07,1.33,183.92,350.0
2016-06-20,5.93,1.33,166.93,334.88
2016-06-21,5.08,1.33,160.36,324.8
2016-06-22,5.72,1.363,162.55,316.64
2016-06-23,5.69,1.368,163.02,304.24
2016-06-24,5.69,1.502,162.98,297.7
2016-06-25,5.04,1.41,157.48,296.1
2016-06-26,5.07,1.383,153.39,297.6
2016-06-27,5.04,1.319,150.13,296.01
2016-06-28,5.07,1.26,146.83,290.26
2016-06-29,5.06,1.26,144.11,283.82
2016-06-30,5.09,1.26,141.13,278.2
2016-07-01,5.06,1.26,141.14,275.78
2016-07-02,5.19,1.328,138.73,274.21
2016-07-03,5.19,1.28,138.39,275.57
2016-07-04,5.21,1.26,135.9,275.32
2016-07-05,5.1,1.258,134.69,274.65
2016-07-06,5.12,1.193,132.69,271.83
2016-07-07,4.3,1.18,133.76,269.09
2016-07-08,4.29,1.178,132.2,267.26
2016-07-09,4.29,1.145,130.9,262.73
2016-07-10,4.31,1.129,124.78,257.33
2016-07-11,4.31,1.108,123.09,251.92
2016-07-12,4.28,1.118,119.36,246.66
2016-07-13,5.1,1.1,117.12,240.45
2016-07-14,5.06,1.1,116.03,236.09
2016-07-15,4.29,1.052,116.48,233.56
2016-07-16,4.29,1.03,116.92,239.74
2016-07-17,4.31,1.03,116.1,243.72
2016-07-18,5.08,1.03,116.44,243.95
2016-07-19,4.25,1.027,116.99,236.61
2016-07-20,4.25,1.03,117.85,227.87
2016-07-21,3.45,1.05,115.99,223.0
2016-07-22,4.26,1.069,117.47,221.5
2016-07-23,3.41,1.048,114.62,224.08
2016-07-24,3.38,1.03,111.98,228.36
2016-07-25,3.37,1.03,109.36,231.69
2016-07-26,4.22,1.03,107.23,231.88
2016-07-27,4.22,0.989,105.6,228.43
2016-07-28,3.39,0.95,102.12,222.58
2016-07-29,3.39,0.952,102.21,213.16
2016-07-30,4.23,0.996,100.55,205.46
2016-07-31,4.23,1.03,100.47,206.8
2016-08-01,3.4,0.992,98.4,213.09
2016-08-02,3.37,0.95,98.47,216.71
2016-08-03,4.19,0.95,98.17,213.39
2016-08-04,4.19,0.95,97.66,213.2
2016-08-05,3.39,0.95,96.35,213.75
2016-08-06,3.36,0.947,93.69,208.72
2016-08-07,3.36,0.87,93.6,198.82
2016-08-08,4.18,0.87,94.42,191.95
2016-08-09,3.41,0.87,95.2,190.96
2016-08-10,3.35,0.89,93.08,194.34
2016-08-11,3.35,0.92,92.88,195.18
2016-08-12,3.32,0.87,92.91,193.16
2016-08-13,3.37,0.87,93.23,191.93
2016-08-14,3.61,0.841,90.19,192.59
2016-08-15,3.58,0.79,87.63,195.33
2016-08-16,3.58,0.847,89.01,196.61
2016-08-17,3.34,0.87,91.18,201.05
2016-08-18,4.19,0.844,90.31,207.43
2016-08-19,5.03,0.79,90.28,210.72
2016-08-20,5.06,0.79,97.86,204.56
2016-08-21,5.0,1.32,110.19,197.06
2016-08-22,4.95,1.561,122.58,197.05
2016-08-23,4.44,1.217,134.42,211.59
2016-08-24,3.78,1.008,142.96,230.29
2016-08-25,3.22,0.914,145.14,242.5
2016-08-26,3.08,0.87,140.09,244.83
2016-08-27,3.2,0.895,132.32,242.81
2016-08-28,3.2,0.831,125.27,240.74
2016-08-29,2.38,0.79,117.65,238.67
2016-08-30,2.37,0.735,109.54,234.64
2016-08-31,2.37,0.72,104.3,234.41
2016-09-01,2.37,0.836,99.14,243.43
2016-09-02,2.5,0.948,99.18,254.69
2016-09-03,2.24,0.971,97.28,256.02
2016-09-04,2.94,0.912,97.95,243.48
2016-09-05,2.57,0.835,93.14,227.12
2016-09-06,2.94,0.808,89.52,210.79
2016-09-07,2.33,0.75,85.42,199.52
2016-09-08,2.33,0.72,81.92,195.76
2016-09-09,1.97,0.72,81.41,194.09
2016-09-10,2.26,0.776,83.65,190.54
2016-09-11,1.99,0.732,85.84,184.06
2016-09-12,1.71,0.72,87.16,182.26
2016-09-13,1.97,0.686,88.35,183.77
2016-09-14,2.31,0.64,87.37,186.49
2016-09-15,2.07,0.601,85.07,185.74
2016-09-16,2.06,0.6,82.76,179.43
2016-09-17,1.67,0.6,83.48,171.96
2016-09-18,2.19,0.604,83.77,169.68
2016-09-19,2.24,0.855,84.36,170.17
2016-09-20,2.39,0.944,85.89,175.2
2016-09-21,2.27,0.827,82.81,178.44
2016-09-22,2.01,0.778,81.38,179.4
2016-09-23,2.03,0.718,78.39,175.37
2016-09-24,2.05,0.64,79.19,169.04
2016-09-25,2.07,0.668,75.88,166.18
2016-09-26,2.06,0.77,75.84,163.8
2016-09-27,1.99,0.775,74.07,167.41
2016-09-28,1.77,0.763,75.49,170.33
2016-09-29,1.76,0.718,72.78,171.94
2016-09-30,2.55,0.64,72.47,168.58
2016-10-01,4.34,0.64,69.27,166.71
2016-10-02,6.03,0.64,72.81,172.51
2016-10-03,6.67,0.677,80.24,187.23
2016-10-04,6.6,1.546,91.12,219.01
2016-10-05,6.48,2.055,97.91,260.55
2016-10-06,5.8,1.519,99.65,297.26
2016-10-07,5.05,1.861,100.93,308.23
2016-10-08,4.25,1.394,102.36,295.04
2016-10-09,4.16,1.047,100.28,275.27
2016-10-10,4.4,0.95,97.29,253.95
2016-10-11,4.77,0.959,99.39,232.52
2016-10-12,5.28,1.75,108.88,218.38
2016-10-13,5.77,1.324,118.0,217.93
2016-10-14,5.79,1.084,127.6,231.66
2016-10-15,5.76,0.912,137.21,244.51
2016-10-16,4.63,2.156,152.58,257.59
2016-10-17,3.89,1.369,168.84,267.58
2016-10-18,3.11,1.063,184.13,274.48
2016-10-19,3.08,0.932,187.61,278.84
2016-10-20,2.66,0.796,179.0,280.73
2016-10-21,2.28,0.72,162.44,280.6
2016-10-22,2.0,0.72,141.39,276.38
2016-10-23,2.05,0.72,123.04,263.87
2016-10-24,2.16,0.705,105.63,245.34
2016-10-25,2.15,0.64,99.88,225.7
2016-10-26,2.17,0.718,97.24,209.69
2016-10-27,2.22,0.683,101.71,202.61
2016-10-28,2.22,0.64,109.85,199.21
2016-10-29,2.19,0.64,118.7,199.92
2016-10-30,2.13,0.605,120.62,202.25
2016-10-31,2.12,0.6,110.41,204.46
2016-11-01,3.18,0.6,98.67,205.04
2016-11-02,4.8,0.585,96.71,204.05
2016-11-03,6.62,0.561,113.63,207.09
2016-11-04,6.24,1.193,139.2,224.96
2016-11-05,4.79,1.78,161.07,289.62
2016-11-06,3.15,1.425,157.92,333.56
2016-11-07,4.78,1.467,154.54,368.44
2016-11-08,6.94,2.606,151.15,356.41
2016-11-09,8.24,4.577,171.3,363.51
2016-11-10,12.11,3.877,192.37,463.2
2016-11-11,20.56,4.166,208.96,496.02
2016-11-12,61.21,2.258,213.81,523.71
2016-11-13,52.53,11.19,220.5,704.95
2016-11-14,23.78,21.507,402.18,942.05
2016-11-15,11.94,20.646,670.38,1464.72
2016-11-16,10.62,4.461,453.07,1637.57
2016-11-17,23.35,3.093,369.13,1229.19
2016-11-18,32.23,3.611,531.48,1007.75
2016-11-19,11.14,23.078,438.14,932.23
2016-11-20,7.64,5.995,337.41,875.4
2016-11-21,6.14,2.335,273.22,727.41
2016-11-22,6.03,1.742,233.54,565.02
2016-11-23,5.9,1.498,202.36,500.01
2016-11-24,5.9,1.393,173.43,466.89
2016-11-25,5.92,1.307,149.22,414.2
2016-11-26,6.75,1.176,134.5,356.56
2016-11-27,8.37,1.1,133.39,319.47
2016-11-28,10.34,1.054,147.27,316.99
2016-11-29,11.35,1.288,169.69,350.4
2016-11-30,10.47,1.521,189.14,407.62
2016-12-01,10.06,1.275,271.76,532.01
2016-12-02,10.56,1.113,218.17,553.5
2016-12-03,10.5,1.044,192.03,514.33
2016-12-04,8.91,3.778,184.83,467.27
2016-12-05,7.32,3.043,189.71,942.99
2016-12-06,7.43,1.817,177.22,636.58
2016-12-07,8.99,1.341,166.16,479.59
2016-12-08,11.32,3.414,176.4,438.52
2016-12-09,12.06,8.647,225.45,479.01
2016-12-10,11.24,4.156,362.96,656.03
2016-12-11,27.2,4.44,303.06,811.14
2016-12-12,30.25,8.229,301.72,915.67
2016-12-13,27.2,7.036,394.87,1046.44
2016-12-14,34.11,3.669,526.24,1159.25
2016-12-15,24.41,53.214,441.65,1449.02
2016-12-16,21.35,19.175,347.05,1489.63
2016-12-17,18.39,3.927,322.67,1188.52
2016-12-18,16.21,2.582,274.3,962.22
2016-12-19,14.04,2.14,249.65,829.14
2016-12-20,13.1,1.847,227.03,720.27
2016-12-21,12.36,6.871,224.29,615.93
2016-12-22,11.66,8.571,231.81,551.42
2016-12-23,10.31,6.448,238.22,509.73
2016-12-24,8.15,5.945,234.71,506.82
2016-12-25,6.8,2.872,234.14,506.57
2016-12-26,6.0,2.161,229.72,491.4
2016-12-27,6.79,2.299,221.72,519.24
2016-12-28,7.9,1.975,206.31,527.57
2016-12-29,9.33,1.578,190.51,508.72
2016-12-30,10.21,1.41,179.59,445.88
2016-12-31,10.82,1.541,182.1,403.63
2017-01-01,10.72,5.33,190.17,397.99
2017-01-02,10.75,2.454,198.11,430.45
2017-01-03,11.09,1.819,210.25,461.19
2017-01-04,14.18,1.96,223.73,491.24
2017-01-05,13.5,1.852,243.49,496.22
2017-01-06,13.13,9.623,267.37,525.67
2017-01-07,10.95,3.274,300.22,561.21
2017-01-08,13.42,4.601,332.38,647.87
2017-01-09,16.7,3.717,270.65,764.34
2017-01-10,18.85,5.456,299.57,757.2
2017-01-11,19.55,6.222,363.73,722.22
2017-01-12,19.24,6.407,403.75,766.82
2017-01-13,18.23,3.464,499.87,895.89
2017-01-14,17.31,2.907,557.6,1114.81
2017-01-15,13.32,2.758,595.23,1143.3
2017-01-16,11.43,3.686,591.37,1127.87
2017-01-17,10.17,2.426,569.88,1169.97
2017-01-18,13.44,2.068,474.76,1090.21
2017-01-19,14.03,5.236,428.1,946.76
2017-01-20,13.68,3.401,484.33,838.2
2017-01-21,12.53,2.485,518.96,801.04
2017-01-22,14.1,2.009,490.17,827.89
2017-01-23,11.48,1.879,668.7,832.08
2017-01-24,10.39,4.103,787.88,919.04
2017-01-25,9.48,2.421,808.28,1006.81
2017-01-26,11.71,8.406,786.05,1032.92
2017-01-27,11.0,10.167,735.49,1061.68
2017-01-28,10.44,3.123,595.52,1060.49
2017-01-29,10.13,2.414,555.74,1001.55
2017-01-30,10.24,2.062,484.29,862.49
2017-01-31,8.29,1.869,421.2,755.83
2017-02-01,7.89,,385.84,675.83
2017-02-02,7.4,,383.11,619.8
2017-02-03,8.16,,359.43,729.33
2017-02-04,8.91,,364.78,799.91
2017-02-05,8.9,,421.99,863.84
2017-02-06,10.55,,454.14,1018.38
2017-02-07,11.15,,425.43,1050.39
2017-02-08,11.12,,427.65,1005.26
2017-02-09,8.67,,341.87,943.44
2017-02-10,6.54,,349.33,820.76
2017-02-11,6.55,,329.17,673.01
2017-02-12,5.79,,288.6,567.29
2017-02-13,5.79,,259.43,508.36
2017-02-14,5.1,,225.08,474.82
2017-02-15,5.14,,196.77,449.98
2017-02-16,5.2,,173.51,425.07
2017-02-17,5.59,,160.36,388.9
2017-02-18,6.0,,152.16,361.48
2017-02-19,5.96,,144.52,344.98
2017-02-20,4.83,,135.53,337.02
2017-02-21,3.67,,123.97,345.15
2017-02-22,3.8,,123.72,325.98
2017-02-23,5.33,,125.26,302.8
2017-02-24,6.92,,144.26,282.73
2017-02-25,7.68,,151.09,307.85
2017-02-26,7.7,,160.81,354.86
2017-02-27,7.72,,168.01,388.82
2017-02-28,7.66,,183.93,422.59
2017-03-01,7.58,1.761,196.57,446.27
2017-03-02,7.5,1.621,236.18,462.82
2017-03-03,8.19,2.847,239.97,478.23
2017-03-04,9.04,2.96,280.26,501.53
2017-03-05,9.75,2.551,349.52,515.17
2017-03-06,9.91,5.48,412.07,535.54
2017-03-07,11.7,4.544,582.5,598.78
2017-03-08,12.08,4.149,672.74,692.91
2017-03-09,11.93,3.12,700.59,835.99
2017-03-10,9.35,2.314,626.35,943.09
2017-03-11,8.29,1.954,565.21,963.25
2017-03-12,7.66,1.705,449.18,900.29
2017-03-13,7.79,1.534,374.13,797.61
2017-03-14,21.35,1.436,355.92,714.4
2017-03-15,11.99,3.368,369.35,636.73
2017-03-16,7.46,2.611,381.99,621.69
2017-03-17,30.66,1.876,304.61,602.43
2017-03-18,38.95,2.828,292.43,573.11
2017-03-19,23.63,14.889,331.89,603.03
2017-03-20,20.51,9.502,528.91,887.91
2017-03-21,17.1,6.528,465.01,1054.05
2017-03-22,13.0,3.119,403.54,954.74
2017-03-23,8.27,2.51,390.98,793.18
2017-03-24,7.65,2.232,365.34,662.92
2017-03-25,7.52,2.099,336.86,601.1
2017-03-26,8.02,2.147,316.91,577.71
2017-03-27,7.83,2.001,292.77,558.21
2017-03-28,7.04,1.89,255.43,545.56
2017-03-29,7.05,1.93,226.12,517.01
2017-03-30,6.23,1.962,203.76,466.47
2017-03-31,7.0,1.826,187.67,417.58
2017-04-01,6.18,1.785,179.34,382.39
2017-04-02,6.15,1.7,177.57,373.99
2017-04-03,6.06,1.668,173.31,365.39
2017-04-04,6.76,1.599,170.6,357.5
2017-04-05,8.37,1.51,166.01,345.92
2017-04-06,9.74,1.51,175.95,340.58
2017-04-07,9.63,2.331,198.91,355.86
2017-04-08,8.64,4.122,223.27,402.17
2017-04-09,9.56,3.2,238.94,467.86
2017-04-10,10.45,2.317,234.86,518.68
2017-04-11,14.96,1.991,227.22,535.65
2017-04-12,16.79,2.574,216.77,527.2
2017-04-13,18.29,2.793,210.07,511.38
2017-04-14,15.36,2.359,199.84,483.47
2017-04-15,12.23,2.119,193.99,447.85
2017-04-16,14.41,1.957,188.41,413.83
2017-04-17,15.23,2.481,185.12,407.91
2017-04-18,14.97,4.473,180.72,426.13
2017-04-19,11.22,2.781,179.04,434.28
2017-04-20,9.66,2.237,175.3,417.52
2017-04-21,9.66,2.034,170.69,384.27
2017-04-22,9.64,1.977,167.99,363.6
2017-04-23,9.62,1.9,168.48,355.35
2017-04-24,9.65,1.89,169.33,354.3
2017-04-25,9.46,1.851,167.77,353.7
2017-04-26,10.46,2.285,172.96,352.77
2017-04-27,10.29,4.716,177.84,360.17
2017-04-28,10.57,3.26,186.45,384.44
2017-04-29,8.8,2.65,185.55,400.44
2017-04-30,8.18,2.278,190.68,401.97
2017-05-01,8.18,2.134,187.99,387.91
2017-05-02,8.23,2.043,183.88,383.69
2017-05-03,8.41,1.952,175.39,382.56
2017-05-04,7.63,1.89,170.55,378.28
2017-05-05,7.62,1.796,166.78,372.22
2017-05-06,8.64,1.907,169.51,369.72
2017-05-07,8.66,1.98,175.74,369.03
2017-05-08,8.66,1.952,181.42,372.12
2017-05-09,7.65,1.837,182.27,371.23
2017-05-10,8.25,1.782,175.32,363.06
2017-05-11,8.26,1.7,165.56,348.36
2017-05-12,8.04,1.76,157.91,331.1
2017-05-13,7.42,1.784,144.51,315.9
2017-05-14,7.43,1.7,143.48,307.19
2017-05-15,7.92,1.7,137.17,303.28
2017-05-16,7.13,1.617,141.89,301.73
2017-05-17,8.59,1.6,139.93,301.75
2017-05-18,10.61,1.6,151.85,304.62
2017-05-19,12.58,2.656,170.63,340.31
2017-05-20,12.46,4.599,196.34,397.1
2017-05-21,11.2,2.874,220.42,460.92
2017-05-22,8.91,3.154,273.77,497.54
2017-05-23,8.06,4.321,334.34,515.23
2017-05-24,6.5,2.872,338.12,538.4
2017-05-25,7.29,2.33,298.05,563.4
2017-05-26,6.49,2.126,311.77,547.86
2017-05-27,6.56,2.014,251.21,511.09
2017-05-28,6.56,1.965,221.68,477.31
2017-05-29,6.34,1.89,197.03,432.09
2017-05-30,5.91,1.848,181.99,391.94
2017-05-31,5.98,1.79,174.26,364.04
2017-06-01,6.83,1.737,167.16,347.62
2017-06-02,7.82,1.7,156.83,337.37
2017-06-03,7.14,1.657,146.23,324.02
2017-06-04,6.14,1.65,137.89,308.72
2017-06-05,5.38,1.7,136.26,291.68
2017-06-06,5.72,1.7,138.05,284.09
2017-06-07,5.84,1.7,140.18,282.83
2017-06-08,5.79,1.699,143.54,279.74
2017-06-09,6.71,1.608,146.74,276.04
2017-06-10,7.59,1.583,184.27,273.88
2017-06-11,8.46,1.51,164.81,283.05
2017-06-12,8.37,1.51,162.01,299.32
2017-06-13,9.13,1.688,191.97,303.65
2017-06-14,9.0,4.066,200.07,331.08
2017-06-15,8.22,2.816,203.11,380.57
2017-06-16,6.63,2.146,173.85,403.38
2017-06-17,6.66,1.929,169.59,380.01
2017-06-18,7.82,1.843,168.39,340.63
2017-06-19,9.54,1.791,165.4,325.13
2017-06-20,9.45,1.703,159.4,328.32
2017-06-21,9.07,1.96,154.35,334.44
2017-06-22,8.1,2.335,150.13,333.09
2017-06-23,8.18,2.0,149.62,324.43
2017-06-24,8.21,1.813,146.26,315.89
2017-06-25,8.23,1.789,136.59,309.19
2017-06-26,8.24,1.688,128.19,302.08
2017-06-27,8.25,1.6,122.78,288.55
2017-06-28,7.45,1.577,123.8,275.42
2017-06-29,5.85,1.51,126.34,266.58
2017-06-30,6.33,1.51,126.59,265.81
2017-07-01,9.62,1.51,123.62,269.58
2017-07-02,9.3,1.57,118.65,278.28
2017-07-03,8.36,1.633,118.35,290.0
2017-07-04,4.31,1.678,116.95,292.11
2017-07-05,5.42,1.575,115.33,296.67
2017-07-06,5.19,1.51,116.09,287.44
2017-07-07,6.77,1.51,118.66,277.28
2017-07-08,7.19,1.51,115.83,267.15
2017-07-09,7.47,1.428,110.67,264.55
2017-07-10,7.03,1.41,108.18,262.41
2017-07-11,6.66,1.41,108.96,251.84
2017-07-12,6.66,1.41,110.32,243.24
2017-07-13,6.63,1.409,113.12,243.39
2017-07-14,6.96,1.408,111.95,246.07
2017-07-15,6.92,1.343,107.21,245.8
2017-07-16,6.08,1.393,106.56,243.14
2017-07-17,5.97,1.33,105.42,238.86
2017-07-18,5.95,1.284,105.12,234.51
2017-07-19,6.72,1.26,105.77,228.29
2017-07-20,6.51,1.319,108.0,227.56
2017-07-21,6.2,1.329,108.82,232.65
2017-07-22,5.67,1.33,102.35,236.88
2017-07-23,5.59,1.327,103.28,231.6
2017-07-24,5.66,1.33,102.78,223.02
2017-07-25,6.03,1.266,105.8,221.33
2017-07-26,6.2,1.26,105.48,225.15
2017-07-27,6.17,1.258,107.04,227.38
2017-07-28,5.73,1.258,104.56,225.07
2017-07-29,5.69,1.203,96.16,218.44
2017-07-30,5.7,1.26,95.96,209.72
2017-07-31,6.1,1.26,94.41,203.96
2017-08-01,5.33,1.219,92.14,205.36
2017-08-02,5.17,1.18,91.47,209.02
2017-08-03,5.06,1.18,88.83,206.02
2017-08-04,5.64,1.177,93.03,198.14
2017-08-05,3.84,1.179,92.42,194.57
2017-08-06,3.04,1.18,99.03,197.71
2017-08-07,4.73,1.243,94.8,203.05
2017-08-08,5.8,1.243,94.3,207.31
2017-08-09,5.8,1.18,95.88,212.44
2017-08-10,3.41,1.193,93.15,214.82
2017-08-11,3.41,1.18,95.45,213.82
2017-08-12,3.1,1.178,88.86,206.52
2017-08-13,3.44,1.18,93.48,201.76
2017-08-14,3.82,1.18,99.44,199.29
2017-08-15,4.48,1.18,116.55,200.23
2017-08-16,4.51,1.249,130.17,204.65
2017-08-17,5.28,1.749,138.59,213.61
2017-08-18,5.26,1.911,137.01,224.8
2017-08-19,6.74,1.966,147.36,236.63
2017-08-20,10.06,1.795,145.13,250.01
2017-08-21,13.21,1.972,154.53,267.95
2017-08-22,11.67,2.071,148.65,286.42
2017-08-23,7.56,1.747,157.87,298.42
2017-08-24,4.46,1.554,160.31,296.48
2017-08-25,4.49,1.48,156.91,286.15
2017-08-26,4.46,1.388,148.56,277.91
2017-08-27,4.43,1.317,132.31,271.86
2017-08-28,4.43,1.259,121.84,261.93
2017-08-29,4.45,1.189,109.18,243.89
2017-08-30,4.48,1.18,105.41,225.85
2017-08-31,4.44,1.178,98.23,212.57
2017-09-01,4.44,1.179,95.13,204.8
2017-09-02,4.41,1.18,91.37,198.18
2017-09-03,4.43,1.177,89.78,191.65
2017-09-04,4.63,1.157,89.21,185.91
2017-09-05,4.64,1.1,88.22,183.1
2017-09-06,3.84,1.044,86.94,181.51
2017-09-07,3.66,1.03,85.49,179.72
2017-09-08,2.86,1.03,81.32,176.11
2017-09-09,2.84,1.03,78.79,172.62
2017-09-10,2.81,1.03,74.62,167.61
2017-09-11,2.62,1.003,74.65,162.91
2017-09-12,2.65,0.95,70.83,158.49
2017-09-13,2.29,0.95,71.13,154.4
2017-09-14,2.44,0.95,67.85,149.49
2017-09-15,2.38,0.95,68.22,145.11
2017-09-16,3.51,0.95,65.8,142.75
2017-09-17,5.09,0.911,65.27,142.14
2017-09-18,5.84,0.87,64.67,142.24
2017-09-19,5.83,0.87,63.85,143.49
2017-09-20,5.83,0.87,62.76,141.76
2017-09-21,5.87,0.87,60.62,139.33
2017-09-22,5.86,0.87,59.31,136.96
2017-09-23,5.08,0.836,58.48,135.51
2017-09-24,5.86,0.79,56.71,133.56
2017-09-25,5.85,0.79,58.15,129.46
2017-09-26,5.82,0.79,58.59,126.75
2017-09-27,5.02,0.79,58.85,126.18
2017-09-28,4.21,0.79,62.75,126.26
2017-09-29,3.42,0.802,69.42,127.64
2017-09-30,4.21,0.992,85.28,133.4
2017-10-01,3.4,1.393,101.8,155.92
2017-10-02,4.95,1.388,120.5,191.41
2017-10-03,4.92,1.769,132.07,228.7
2017-10-04,7.3,2.056,135.05,267.02
2017-10-05,6.5,1.693,128.67,296.64
2017-10-06,5.0,1.393,113.07,305.43
2017-10-07,2.69,1.208,97.81,279.62
2017-10-08,2.76,1.18,85.67,239.03
2017-10-09,3.55,1.179,78.73,200.47
2017-10-10,3.57,1.114,75.0,176.62
2017-10-11,2.77,1.045,73.99,170.77
2017-10-12,4.36,0.975,76.14,171.15
2017-10-13,6.76,0.923,78.75,175.3
2017-10-14,6.72,0.87,78.19,177.99
2017-10-15,4.65,0.795,71.8,178.17
2017-10-16,2.16,0.79,67.78,169.61
2017-10-17,2.24,0.79,65.87,151.2
2017-10-18,1.64,0.79,65.27,135.73
2017-10-19,1.61,0.79,67.47,129.12
2017-10-20,2.72,0.73,68.32,126.12
2017-10-21,3.48,0.696,68.92,129.48
2017-10-22,3.97,0.64,62.82,145.7
2017-10-23,3.23,0.942,60.44,170.36
2017-10-24,3.28,1.928,59.27,191.25
2017-10-25,3.21,1.78,61.02,195.77
2017-10-26,3.23,1.756,70.76,180.98
2017-10-27,3.11,1.98,87.28,164.1
2017-10-28,3.18,2.135,113.65,163.39
2017-10-29,3.16,2.009,138.06,185.01
2017-10-30,4.31,1.808,154.28,217.86
2017-10-31,3.78,2.696,156.72,241.21
2017-11-01,3.35,,150.29,251.17
2017-11-02,1.74,,137.33,246.65
2017-11-03,2.23,,127.04,237.74
2017-11-04,2.25,,118.91,229.2
2017-11-05,2.3,,113.15,220.71
2017-11-06,2.6,,104.85,212.95
2017-11-07,2.57,,108.73,200.28
2017-11-08,2.54,,109.37,184.26
2017-11-09,1.89,,107.29,178.69
2017-11-10,1.84,,96.7,180.12
2017-11-11,1.81,,101.84,194.7
2017-11-12,4.0,,104.78,219.29
2017-11-13,7.07,,101.47,225.34
2017-11-14,7.89,,88.92,228.91
2017-11-15,7.89,,91.91,209.24
2017-11-16,4.92,,94.31,204.3
2017-11-17,5.94,,96.74,198.01
2017-11-18,9.76,,96.93,192.49
2017-11-19,9.22,,126.81,213.35
2017-11-20,8.9,,164.42,301.22
2017-11-21,6.49,,210.44,487.61
2017-11-22,6.79,,246.16,548.17
2017-11-23,6.04,,310.2,543.35
2017-11-24,3.93,,342.25,554.96
2017-11-25,4.19,,311.11,546.38
2017-11-26,4.98,,334.58,514.64
2017-11-27,5.6,,325.28,499.92
2017-11-28,6.33,,293.1,527.18
2017-11-29,5.68,,260.64,547.55
2017-11-30,5.4,,238.17,521.53
2017-12-01,5.04,2.317,202.16,480.91
2017-12-02,5.29,2.025,176.4,470.54
2017-12-03,6.0,1.726,160.11,457.88
2017-12-04,5.81,1.403,157.05,427.56
2017-12-05,5.03,1.239,161.54,399.97
2017-12-06,2.6,1.118,168.59,387.56
2017-12-07,2.68,1.037,166.55,393.45
2017-12-08,3.44,1.03,151.25,394.28
2017-12-09,3.38,0.973,145.26,389.29
2017-12-10,3.36,0.95,139.26,382.87
2017-12-11,2.67,0.95,143.07,375.43
2017-12-12,3.33,0.865,135.57,358.16
2017-12-13,3.86,0.79,126.79,328.31
2017-12-14,3.91,0.734,119.29,290.89
2017-12-15,3.55,0.72,114.1,261.17
2017-12-16,2.75,0.665,111.4,247.3
2017-12-17,2.44,0.64,109.22,248.34
2017-12-18,2.18,0.683,107.66,248.86
2017-12-19,2.82,1.03,105.87,242.17
2017-12-20,3.46,1.004,107.97,232.39
2017-12-21,4.67,0.827,125.19,244.81
2017-12-22,5.34,1.662,136.9,272.42
2017-12-23,5.12,2.278,140.69,304.67
2017-12-24,6.1,2.283,135.95,308.95
2017-12-25,6.89,2.08,154.67,301.19
2017-12-26,10.85,2.361,184.14,331.98
2017-12-27,15.31,2.283,208.72,371.56
2017-12-28,27.16,2.151,223.71,451.42
2017-12-29,20.09,2.08,260.7,463.7
2017-12-30,11.83,2.117,262.43,533.88
2017-12-31,7.47,2.27,274.6,548.01
2018-01-01,8.19,2.181,283.23,469.98
2018-01-02,10.41,2.08,255.21,488.27
2018-01-03,13.29,2.08,256.13,555.02
2018-01-04,21.84,2.251,259.82,605.16
2018-01-05,24.39,2.427,270.45,650.29
2018-01-06,58.62,2.781,271.44,740.9
2018-01-07,39.35,2.909,268.0,769.5
2018-01-08,18.96,18.669,307.9,855.43
2018-01-09,13.55,18.378,498.75,864.99
2018-01-10,10.38,6.852,459.18,871.44
2018-01-11,9.98,4.38,476.73,728.55
2018-01-12,10.2,3.603,581.93,700.75
2018-01-13,9.9,3.177,633.56,729.85
2018-01-14,8.15,7.662,602.86,820.09
2018-01-15,7.51,9.402,530.2,892.06
2018-01-16,6.89,4.468,479.07,877.58
2018-01-17,7.37,3.482,443.37,801.51
2018-01-18,6.97,2.958,412.44,714.2
2018-01-19,6.67,2.646,369.66,640.7
2018-01-20,5.69,2.432,377.01,585.64
2018-01-21,5.7,5.213,414.9,554.11
2018-01-22,5.77,3.301,408.79,569.78
2018-01-23,5.98,2.854,392.41,629.35
2018-01-24,5.2,2.889,375.62,655.06
2018-01-25,105.51,2.541,351.86,638.39
2018-01-26,47.61,11.58,347.79,613.69
2018-01-27,12.88,150.848,566.18,765.38
2018-01-28,11.41,16.714,412.47,865.66
2018-01-29,68.63,4.888,409.18,818.69
2018-01-30,24.43,24.302,466.37,732.43
2018-01-31,16.69,26.087,580.95,902.24
2018-02-01,10.87,7.194,696.73,978.55
2018-02-02,8.88,4.092,595.33,909.53
2018-02-03,10.49,3.399,576.22,898.36
2018-02-04,10.21,3.067,488.3,874.97
2018-02-05,10.19,2.829,392.22,874.31
2018-02-06,8.9,14.096,338.23,855.86
2018-02-07,13.27,17.573,308.82,805.89
2018-02-08,9.61,21.648,319.27,754.15
2018-02-09,11.72,15.991,249.17,688.54
2018-02-10,12.7,14.509,246.79,600.13
2018-02-11,13.4,27.084,246.66,519.2
2018-02-12,9.39,18.518,253.9,497.63
2018-02-13,10.09,16.335,240.11,503.86
2018-02-14,12.57,23.617,404.08,486.72
2018-02-15,13.4,45.787,346.75,514.55
2018-02-16,9.26,32.204,328.56,597.97
2018-02-17,5.98,27.493,315.76,603.38
2018-02-18,4.34,23.982,329.05,548.24
2018-02-19,4.35,23.771,379.04,553.43
2018-02-20,27.82,20.981,407.36,627.19
2018-02-21,31.65,21.222,353.92,700.54
2018-02-22,29.33,45.146,335.89,802.13
2018-02-23,22.83,30.986,341.55,844.71
2018-02-24,16.79,29.85,437.5,799.03
2018-02-25,24.38,24.445,392.16,684.22
2018-02-26,26.46,21.519,311.88,647.21
2018-02-27,15.1,29.763,316.22,646.55
2018-02-28,12.15,26.587,383.62,817.07
2018-03-01,11.67,5.457,392.92,997.54
2018-03-02,33.16,3.619,368.28,1012.61
2018-03-03,32.6,9.596,438.66,912.36
2018-03-04,23.16,16.932,592.55,971.31
2018-03-05,15.89,39.458,785.58,1122.23
2018-03-06,22.9,10.323,610.58,1299.59
2018-03-07,39.76,4.248,554.83,1249.45
2018-03-08,61.7,54.213,725.9,1240.6
2018-03-09,27.56,31.909,765.89,1389.48
2018-03-10,19.05,12.534,546.51,1282.03
2018-03-11,16.57,8.656,670.61,1718.69
2018-03-12,14.95,5.946,559.39,1823.88
2018-03-13,14.5,3.864,434.35,1317.68
2018-03-14,16.36,3.237,380.12,975.0
2018-03-15,17.19,2.979,352.5,795.16
2018-03-16,17.65,3.613,412.57,772.78
2018-03-17,15.9,4.012,504.89,753.41
2018-03-18,14.15,2.986,437.38,763.23
2018-03-19,12.36,2.743,388.54,799.8
2018-03-20,11.49,2.616,360.76,760.0
2018-03-21,61.6,2.353,354.99,722.76
2018-03-22,26.65,16.014,481.39,730.11
2018-03-23,23.97,12.149,453.96,843.15
2018-03-24,21.4,3.517,427.52,864.71
2018-03-25,15.86,2.475,381.51,804.99
2018-03-26,17.14,2.27,333.29,722.09
2018-03-27,16.67,16.007,293.88,621.28
2018-03-28,16.92,16.506,295.22,547.88
2018-03-29,17.33,15.931,290.78,532.3
2018-03-30,18.15,15.619,276.07,543.94
2018-03-31,17.73,15.218,267.98,529.56
2018-04-01,17.48,14.879,268.75,502.86
2018-04-02,21.68,14.942,253.8,487.59
2018-04-03,19.88,5.409,255.95,537.72
2018-04-04,16.43,3.459,339.14,600.9
2018-04-05,22.18,2.691,275.55,638.73
2018-04-06,20.78,2.204,277.76,629.77
2018-04-07,18.24,2.016,269.84,614.87
2018-04-08,16.57,1.94,268.28,689.58
2018-04-09,14.8,1.85,249.26,685.55
2018-04-10,13.51,1.79,222.6,572.49
2018-04-11,11.31,1.79,212.26,492.23
2018-04-12,10.09,1.79,196.81,447.51
2018-04-13,9.68,1.79,189.42,439.8
2018-04-14,10.59,1.79,181.62,421.41
2018-04-15,33.89,1.802,193.87,411.04
2018-04-16,17.35,1.98,204.19,430.35
2018-04-17,13.67,1.98,215.49,489.06
2018-04-18,11.34,1.98,206.93,497.72
2018-04-19,10.54,1.911,202.59,452.99
2018-04-20,11.25,1.79,226.67,433.3
2018-04-21,11.85,11.246,232.12,424.3
2018-04-22,11.72,12.805,207.37,445.03
2018-04-23,9.87,12.34,181.97,437.69
2018-04-24,9.6,11.985,175.12,409.79
2018-04-25,9.8,11.831,166.85,382.8
2018-04-26,10.88,11.592,158.23,366.12
2018-04-27,10.65,11.29,152.77,360.54
2018-04-28,10.39,11.077,145.57,337.98
2018-04-29,10.16,10.865,147.3,319.63
2018-04-30,9.67,10.597,145.76,307.94
2018-05-01,10.27,10.216,144.84,303.95
2018-05-02,10.53,10.002,138.96,299.21
2018-05-03,10.23,10.597,135.79,301.7
2018-05-04,9.98,10.167,133.6,310.14
2018-05-05,10.01,3.619,132.66,313.63
2018-05-06,10.13,2.578,131.98,311.22
2018-05-07,12.25,2.574,129.05,304.08
2018-05-08,13.91,2.564,129.83,308.11
2018-05-09,14.95,2.571,126.73,315.58
2018-05-10,12.42,2.556,125.57,327.78
2018-05-11,10.37,2.57,131.36,322.76
2018-05-12,11.4,2.573,134.7,315.01
2018-05-13,12.23,2.575,136.23,306.78
2018-05-14,13.08,2.549,134.86,311.97
2018-05-15,14.85,2.551,137.91,316.2
2018-05-16,17.43,2.571,141.12,321.74
2018-05-17,18.37,2.168,136.57,342.1
2018-05-18,16.73,1.89,134.54,361.38
2018-05-19,14.59,1.89,131.34,369.39
2018-05-20,13.6,1.993,131.0,365.52
2018-05-21,11.96,1.89,132.88,348.95
2018-05-22,10.88,1.89,133.22,332.96
2018-05-23,10.3,1.89,129.44,313.9
2018-05-24,10.27,1.89,125.21,301.1
2018-05-25,10.28,1.89,123.26,292.5
2018-05-26,10.94,1.89,121.49,283.25
2018-05-27,11.18,1.89,120.52,281.71
2018-05-28,11.45,1.89,118.87,282.07
2018-05-29,11.01,1.89,120.31,281.12
2018-05-30,11.04,1.89,116.19,272.77
2018-05-31,10.99,1.89,114.68,264.58
2018-06-01,11.02,1.89,114.09,257.34
2018-06-02,11.42,1.89,114.86,256.37
2018-06-03,11.45,1.89,115.75,258.06
2018-06-04,11.43,1.89,113.86,261.42
2018-06-05,11.4,1.89,113.6,261.6
2018-06-06,11.2,1.89,115.07,261.98
2018-06-07,11.2,1.89,116.23,265.99
2018-06-08,10.8,1.89,116.33,267.3
2018-06-09,11.01,1.89,115.93,268.29
2018-06-10,11.06,1.89,118.69,262.59
2018-06-11,11.12,1.89,119.58,259.12
2018-06-12,11.28,1.89,118.27,256.95
2018-06-13,11.59,1.89,118.6,259.43
2018-06-14,12.95,1.89,123.36,262.61
2018-06-15,13.8,1.977,124.79,267.18
2018-06-16,14.26,1.919,131.26,272.8
2018-06-17,13.37,1.89,126.85,276.64
2018-06-18,12.13,1.89,123.37,279.96
2018-06-19,11.42,1.89,120.07,278.16
2018-06-20,10.95,1.89,121.89,272.31
2018-06-21,11.25,1.89,118.79,268.92
2018-06-22,10.58,1.89,112.44,264.81
2018-06-23,9.76,1.89,106.8,263.57
2018-06-24,8.91,1.89,109.77,252.67
2018-06-25,8.72,1.89,112.5,245.75
2018-06-26,9.1,1.542,109.52,242.29
2018-06-27,9.09,1.15,105.88,243.79
2018-06-28,9.09,1.18,103.81,242.12
2018-06-29,8.71,1.18,105.24,239.76
2018-06-30,8.74,1.18,103.72,237.38
2018-07-01,9.53,1.18,103.54,235.15
2018-07-02,10.43,1.179,99.82,231.17
2018-07-03,11.2,1.152,99.22,227.01
2018-07-04,10.4,1.131,95.43,227.28
2018-07-05,9.49,1.151,94.18,226.09
2018-07-06,8.72,1.101,92.95,221.51
2018-07-07,8.69,1.1,93.39,214.2
2018-07-08,8.77,1.1,93.22,212.48
2018-07-09,8.73,1.099,94.89,217.12
2018-07-10,8.7,1.136,94.4,224.09
2018-07-11,8.64,1.741,96.6,230.98
2018-07-12,8.64,1.615,92.1,233.72
2018-07-13,8.45,1.303,89.95,233.87
2018-07-14,8.42,1.207,85.76,229.36
2018-07-15,7.97,1.18,86.43,225.0
2018-07-16,7.84,1.178,86.76,220.43
2018-07-17,7.36,1.141,86.75,216.36
2018-07-18,6.89,1.1,85.82,216.84
2018-07-19,7.22,1.1,85.79,214.11
2018-07-20,6.89,1.1,85.24,213.83
2018-07-21,7.03,1.078,82.77,205.84
2018-07-22,6.35,1.03,82.27,200.57
2018-07-23,6.56,1.094,83.84,195.97
2018-07-24,6.03,1.05,84.98,196.9
2018-07-25,6.26,1.03,86.29,199.46
2018-07-26,5.82,1.03,85.86,202.83
2018-07-27,6.15,1.03,83.69,206.29
2018-07-28,5.65,1.03,81.9,207.33
2018-07-29,5.82,1.03,80.73,203.06
2018-07-30,5.85,0.958,83.94,198.36
2018-07-31,5.85,0.953,89.59,196.6
2018-08-01,5.04,1.074,97.48,200.68
2018-08-02,5.01,1.278,112.41,215.35
2018-08-03,4.88,1.375,129.77,246.45
2018-08-04,4.89,2.189,150.6,292.41
2018-08-05,4.81,2.096,168.04,335.39
2018-08-06,4.04,1.752,184.0,356.01
2018-08-07,4.6,3.46,193.72,357.01
2018-08-08,4.18,2.242,191.53,348.24
2018-08-09,4.2,1.639,180.26,353.2
2018-08-10,4.3,1.402,164.77,347.26
2018-08-11,3.97,1.309,150.37,331.03
2018-08-12,3.97,1.237,134.16,295.77
2018-08-13,3.97,1.18,120.27,267.12
2018-08-14,3.97,1.103,113.41,253.49
2018-08-15,4.05,1.1,108.5,247.61
2018-08-16,4.05,1.1,106.04,244.69
2018-08-17,4.04,1.1,99.66,238.24
2018-08-18,3.98,1.1,100.79,238.45
2018-08-19,3.98,1.1,96.89,237.86
2018-08-20,3.98,1.081,94.63,237.69
2018-08-21,3.95,1.03,92.41,225.43
2018-08-22,3.95,0.973,95.79,205.5
2018-08-23,3.95,0.95,95.04,193.71
2018-08-24,3.97,0.95,97.37,206.55
2018-08-25,4.0,0.95,98.68,214.37
2018-08-26,3.97,0.95,98.65,215.98
2018-08-27,4.41,0.95,92.12,206.26
2018-08-28,4.06,0.95,89.57,209.81
2018-08-29,3.79,0.967,90.64,210.2
2018-08-30,3.79,0.955,91.46,209.13
2018-08-31,3.79,0.95,89.53,207.29
2018-09-01,3.76,0.943,86.29,209.4
2018-09-02,4.03,0.915,84.25,202.85
2018-09-03,4.0,0.87,84.05,190.36
2018-09-04,4.07,0.87,87.4,190.23
2018-09-05,3.91,0.99,84.95,193.08
2018-09-06,4.04,0.967,83.21,193.12
2018-09-07,4.09,0.87,82.35,186.77
2018-09-08,4.08,0.818,83.92,184.52
2018-09-09,4.08,0.79,82.1,185.0
2018-09-10,4.07,0.79,80.09,187.32
2018-09-11,4.07,0.79,77.75,174.08
2018-09-12,4.12,0.79,80.66,173.66
2018-09-13,4.31,0.79,82.84,172.2
2018-09-14,3.65,0.796,91.41,192.14
2018-09-15,3.7,1.478,101.84,233.75
2018-09-16,4.41,2.715,111.19,299.78
2018-09-17,5.2,2.096,114.43,357.19
2018-09-18,4.45,1.358,114.94,369.05
2018-09-19,4.44,1.128,110.93,323.98
2018-09-20,3.67,1.01,110.96,287.27
2018-09-21,3.69,0.981,103.87,266.66
2018-09-22,2.91,1.087,100.05,267.55
2018-09-23,2.9,0.997,95.68,244.72
2018-09-24,2.89,0.898,94.05,222.55
2018-09-25,2.88,0.818,92.59,205.19
2018-09-26,3.67,0.77,88.6,205.86
2018-09-27,4.37,0.721,91.95,210.06
2018-09-28,5.13,0.92,89.84,223.37
2018-09-29,4.33,0.986,97.31,249.71
2018-09-30,3.58,0.966,97.97,252.11
2018-10-01,2.83,0.87,109.9,244.61
2018-10-02,2.82,0.94,112.78,231.03
2018-10-03,3.68,0.853,122.88,243.79
2018-10-04,4.33,0.79,127.59,246.36
2018-10-05,5.86,0.972,136.93,250.94
2018-10-06,5.74,0.966,141.51,246.26
2018-10-07,5.9,0.916,149.09,256.4
2018-10-08,5.78,0.95,147.86,262.08
2018-10-09,6.56,1.052,155.65,271.75
2018-10-10,8.09,1.359,177.98,286.41
2018-10-11,9.33,1.337,208.35,307.4
2018-10-12,11.53,1.183,230.07,353.71
2018-10-13,11.96,1.163,241.26,384.65
2018-10-14,11.39,1.532,238.84,398.86
2018-10-15,9.29,1.369,232.57,389.77
2018-10-16,7.64,1.245,216.53,381.03
2018-10-17,7.19,1.138,212.82,370.05
2018-10-18,8.0,1.386,214.31,349.81
2018-10-19,9.02,1.558,215.52,340.01
2018-10-20,10.4,1.916,211.13,363.09
2018-10-21,10.34,6.352,201.55,371.62
2018-10-22,10.58,2.337,188.98,360.41
2018-10-23,9.58,1.792,175.5,326.09
2018-10-24,8.56,1.576,162.51,303.95
2018-10-25,7.81,1.979,151.29,301.39
2018-10-26,7.51,2.896,153.42,300.49
2018-10-27,7.78,2.562,156.92,314.46
2018-10-28,7.42,2.123,166.72,307.78
2018-10-29,7.01,1.865,165.44,301.54
2018-10-30,6.69,1.719,162.98,296.9
2018-10-31,6.68,1.613,157.6,295.03
2018-11-01,6.71,1.568,152.01,302.13
2018-11-02,6.54,1.479,141.11,292.67
2018-11-03,6.84,1.41,128.26,291.07
2018-11-04,8.4,2.874,128.8,283.24
2018-11-05,11.72,2.696,143.54,283.82
2018-11-06,16.23,2.138,158.81,295.75
2018-11-07,47.0,1.905,172.96,347.73
2018-11-08,28.06,16.516,390.41,444.07
2018-11-09,18.92,45.809,494.63,627.35
2018-11-10,14.42,6.64,349.91,772.74
2018-11-11,11.87,3.935,331.55,772.37
2018-11-12,10.22,3.172,408.01,642.89
2018-11-13,9.72,2.711,473.12,560.6
2018-11-14,9.01,2.393,411.88,605.75
2018-11-15,9.51,2.189,320.3,658.73
2018-11-16,9.48,2.08,267.84,655.5
2018-11-17,10.03,2.078,242.18,578.93
2018-11-18,11.31,1.994,227.6,504.01
2018-11-19,12.95,2.261,236.81,453.12
2018-11-20,13.43,3.156,258.37,582.45
2018-11-21,12.65,2.549,307.83,713.72
2018-11-22,12.02,1.794,326.43,718.81
2018-11-23,11.96,1.57,263.36,692.29
2018-11-24,22.83,1.586,246.92,665.66
2018-11-25,19.2,2.209,236.88,587.03
2018-11-26,17.47,10.702,224.2,531.21
2018-11-27,16.04,3.24,317.39,496.81
2018-11-28,15.12,1.894,464.74,492.88
2018-11-29,14.07,1.528,401.93,559.31
2018-11-30,13.45,1.312,325.54,640.15
2018-12-01,12.44,1.545,329.35,653.86
2018-12-02,12.48,2.076,429.3,630.49
2018-12-03,12.6,1.764,507.98,637.67
2018-12-04,13.1,1.456,519.22,691.97
2018-12-05,12.88,1.302,535.43,740.18
2018-12-06,11.85,1.421,476.27,765.01
2018-12-07,11.19,1.493,408.73,775.68
2018-12-08,10.45,1.323,370.77,761.16
2018-12-09,10.2,1.228,329.9,715.36
2018-12-10,9.6,1.133,274.18,645.01
2018-12-11,9.12,1.034,242.55,556.77
2018-12-12,8.97,0.95,220.88,470.15
2018-12-13,8.28,0.893,207.16,415.34
2018-12-14,7.98,0.848,188.29,387.05
2018-12-15,8.01,4.689,175.65,367.59
2018-12-16,7.79,1.965,170.75,344.22
2018-12-17,7.86,1.325,167.62,332.27
2018-12-18,7.73,1.082,166.77,325.55
2018-12-19,7.96,0.951,172.29,325.48
2018-12-20,8.66,0.843,185.94,343.37
2018-12-21,9.54,0.878,192.51,376.22
2018-12-22,9.3,1.201,197.03,406.91
2018-12-23,9.16,0.931,254.36,416.57
2018-12-24,8.48,1.194,260.22,461.5
2018-12-25,8.22,2.322,251.7,566.89
2018-12-26,7.17,1.819,260.21,690.57
2018-12-27,6.67,1.368,263.18,702.2
2018-12-28,6.66,1.241,298.89,676.62
2018-12-29,7.2,1.18,283.76,683.69
2018-12-30,7.22,1.264,258.84,690.37
2018-12-31,7.2,1.265,242.66,652.05
2019-01-01,7.97,1.083,238.3,597.66
2019-01-02,9.94,4.993,234.49,581.19
2019-01-03,32.13,3.211,241.51,593.19
2019-01-04,58.91,3.783,257.83,660.85
2019-01-05,31.97,42.538,301.84,747.56
2019-01-06,8.87,15.892,445.88,764.91
2019-01-07,7.09,6.468,418.8,717.5
2019-01-08,6.26,3.073,370.59,686.15
2019-01-09,6.78,2.331,389.34,654.57
2019-01-10,6.41,1.881,375.77,598.5
2019-01-11,6.39,1.576,315.23,570.21
2019-01-12,5.42,1.376,260.71,538.13
2019-01-13,4.93,1.245,231.27,482.3
2019-01-14,4.49,1.16,217.47,431.2
2019-01-15,4.55,1.081,209.64,406.12
2019-01-16,4.4,1.072,216.85,405.17
2019-01-17,3.56,3.679,221.36,411.87
2019-01-18,4.01,2.003,241.08,416.28
2019-01-19,4.84,1.503,267.19,418.99
2019-01-20,5.01,1.611,289.63,461.55
2019-01-21,5.12,1.895,306.63,496.45
2019-01-22,5.44,1.566,288.88,512.4
2019-01-23,5.22,1.33,281.71,485.21
2019-01-24,5.03,1.194,274.29,459.01
2019-01-25,5.21,1.091,296.57,437.02
2019-01-26,5.95,1.94,307.15,431.3
2019-01-27,5.68,1.339,333.64,446.82
2019-01-28,4.75,1.118,352.56,469.54
2019-01-29,4.01,1.0,361.4,484.02
2019-01-30,4.24,0.901,304.4,488.94
2019-01-31,6.01,0.824,257.23,479.0
2019-02-01,8.91,0.739,234.1,437.0
2019-02-02,14.04,0.72,211.06,389.76
2019-02-03,19.91,0.653,199.51,368.04
2019-02-04,28.15,0.775,198.35,368.52
2019-02-05,28.73,6.151,204.21,382.31
2019-02-06,11.61,3.693,212.03,411.22
2019-02-07,10.02,3.947,218.95,488.87
2019-02-08,8.95,2.38,308.73,510.32
2019-02-09,9.3,1.726,294.26,528.48
2019-02-10,10.84,1.395,287.65,511.14
2019-02-11,14.18,1.193,273.54,489.78
2019-02-12,50.96,1.056,264.14,476.12
2019-02-13,25.79,1.924,272.47,504.04
2019-02-14,15.14,3.034,268.63,571.38
2019-02-15,14.37,2.374,278.53,550.82
2019-02-16,42.22,1.909,287.76,478.12
2019-02-17,45.63,2.195,323.38,517.37
2019-02-18,54.09,12.811,376.9,625.34
2019-02-19,32.63,20.866,488.2,816.45
2019-02-20,17.47,12.519,420.98,931.87
2019-02-21,16.35,5.716,414.53,904.81
2019-02-22,15.64,3.07,407.5,770.11
2019-02-23,15.5,2.759,372.78,712.86
2019-02-24,15.84,2.264,346.29,680.13
2019-02-25,23.92,1.983,310.86,642.93
2019-02-26,48.84,2.001,313.38,644.99
2019-02-27,53.19,14.228,335.43,656.86
2019-02-28,36.94,61.782,448.97,732.33
2019-03-01,30.99,15.042,533.66,818.81
2019-03-02,28.47,28.77,703.5,954.88
2019-03-03,22.21,14.188,659.67,1075.86
2019-03-04,18.72,25.474,679.29,1134.77
2019-03-05,14.96,8.999,654.09,1077.45
2019-03-06,12.73,4.589,617.3,1006.42
2019-03-07,11.73,3.567,565.64,929.51
2019-03-08,12.76,3.08,511.3,848.74
2019-03-09,15.6,2.756,430.23,789.08
2019-03-10,66.71,2.849,383.89,722.75
2019-03-11,55.63,15.472,390.54,663.67
2019-03-12,27.06,56.056,413.37,722.19
2019-03-13,20.38,12.688,453.42,725.55
2019-03-14,16.91,10.302,407.55,691.51
2019-03-15,29.38,7.747,554.37,701.97
2019-03-16,51.36,6.586,519.35,810.38
2019-03-17,37.29,6.54,516.05,932.12
2019-03-18,27.44,51.752,737.69,1047.6
2019-03-19,24.02,17.315,530.67,1144.73
2019-03-20,25.19,38.42,605.26,1098.98
2019-03-21,26.03,13.553,610.07,932.39
2019-03-22,23.6,26.848,543.36,930.67
2019-03-23,20.91,18.125,476.48,876.99
2019-03-24,24.67,9.37,420.28,772.35
2019-03-25,23.87,6.159,377.09,671.87
2019-03-26,21.49,4.415,340.14,653.54
2019-03-27,30.53,2.642,302.05,622.77
2019-03-28,35.6,1.832,279.24,592.32
2019-03-29,21.29,4.717,268.91,568.32
2019-03-30,24.46,5.446,261.26,563.47
2019-03-31,29.71,3.033,248.88,532.44
2019-04-01,26.83,1.91,233.57,492.0
2019-04-02,22.36,1.599,219.71,476.93
2019-04-03,19.04,1.442,216.51,462.93
2019-04-04,28.84,1.388,214.51,443.93
2019-04-05,23.42,1.33,214.97,427.47
2019-04-06,26.14,5.113,337.36,491.93
2019-04-07,34.76,2.392,315.82,541.27
2019-04-08,53.63,30.72,458.73,631.06
2019-04-09,34.27,21.183,392.9,726.75
2019-04-10,21.93,15.861,390.86,815.07
2019-04-11,15.88,6.99,350.96,654.13
2019-04-12,14.83,3.395,339.84,580.18
2019-04-13,15.24,2.59,307.3,534.85
2019-04-14,15.59,2.331,317.16,534.58
2019-04-15,15.23,2.402,320.57,543.0
2019-04-16,22.65,10.513,336.77,551.2
2019-04-17,17.54,3.464,313.47,574.14
2019-04-18,15.74,2.522,297.7,607.53
2019-04-19,24.36,2.164,277.37,561.32
2019-04-20,16.55,1.946,256.34,513.45
2019-04-21,14.5,1.782,236.07,476.92
2019-04-22,13.66,1.66,224.94,442.45
2019-04-23,15.8,1.6,223.99,416.71
2019-04-24,12.99,1.521,226.15,422.69
2019-04-25,12.14,1.51,225.76,441.53
2019-04-26,11.22,1.51,216.2,439.53
2019-04-27,11.32,1.436,213.33,410.19
2019-04-28,11.19,1.41,204.8,384.71
2019-04-29,11.32,1.82,202.66,367.67
2019-04-30,11.34,1.794,189.53,355.19
2019-05-01,11.49,1.526,190.16,344.44
2019-05-02,11.52,1.43,186.83,338.3
2019-05-03,11.58,1.409,184.63,334.09
2019-05-04,11.56,1.398,184.21,331.95
2019-05-05,11.54,1.33,182.96,331.06
2019-05-06,34.88,1.31,183.39,332.8
2019-05-07,78.81,1.284,201.21,328.49
2019-05-08,29.51,37.172,221.71,384.84
2019-05-09,14.45,9.455,220.77,508.71
2019-05-10,15.46,3.067,210.16,454.56
2019-05-11,16.54,2.33,186.75,377.7
2019-05-12,17.56,2.001,192.79,353.08
2019-05-13,18.22,1.817,201.55,343.66
2019-05-14,17.94,1.71,220.66,363.48
2019-05-15,16.88,1.613,230.16,416.36
2019-05-16,34.88,1.51,232.49,678.26
2019-05-17,67.45,2.296,235.18,437.99
2019-05-18,113.38,26.669,236.63,472.44
2019-05-19,33.79,172.679,694.73,619.51
2019-05-20,27.22,19.38,390.56,1028.5
2019-05-21,21.83,5.938,379.51,728.47
2019-05-22,17.91,3.708,396.55,534.15
2019-05-23,18.12,3.038,337.37,551.9
2019-05-24,17.28,2.734,276.66,569.26
2019-05-25,16.09,2.555,234.57,524.72
2019-05-26,15.58,2.367,211.39,461.45
2019-05-27,15.63,2.24,197.15,394.8
2019-05-28,14.8,2.17,185.45,366.0
2019-05-29,13.85,2.087,176.88,339.77
2019-05-30,12.78,1.985,174.07,341.7
2019-05-31,12.62,1.98,176.26,333.62
2019-06-01,13.14,1.898,175.44,330.79
2019-06-02,14.63,1.89,180.36,316.49
2019-06-03,16.19,2.432,181.73,331.21
2019-06-04,15.25,2.682,195.87,354.12
2019-06-05,15.16,2.137,206.91,361.56
2019-06-06,12.55,1.98,222.22,360.19
2019-06-07,13.37,1.95,219.45,353.4
2019-06-08,10.96,1.86,214.46,366.0
2019-06-09,11.2,1.784,196.48,359.36
2019-06-10,12.25,1.7,192.8,346.78
2019-06-11,12.44,1.7,179.12,331.14
2019-06-12,12.51,1.7,171.84,326.28
2019-06-13,12.68,1.635,158.58,314.45
2019-06-14,12.78,1.6,154.18,305.23
2019-06-15,12.73,1.594,151.09,296.28
2019-06-16,12.66,1.51,146.52,289.37
2019-06-17,13.25,1.51,147.1,278.57
2019-06-18,13.2,1.51,147.97,271.05
2019-06-19,14.79,1.51,148.14,270.37
2019-06-20,15.12,1.483,147.88,268.24
2019-06-21,15.24,2.661,148.88,266.62
2019-06-22,13.58,2.311,147.81,268.15
2019-06-23,12.75,1.78,140.43,274.97
2019-06-24,12.65,1.616,133.29,274.74
2019-06-25,12.65,1.52,133.91,269.11
2019-06-26,11.8,1.51,132.18,264.33
2019-06-27,11.68,1.529,128.39,266.96
2019-06-28,11.75,1.7,121.08,253.29
2019-06-29,10.92,1.672,116.26,243.89
2019-06-30,10.91,1.6,123.27,234.86
2019-07-01,10.86,1.6,126.08,238.89
2019-07-02,10.88,1.518,123.99,234.86
2019-07-03,10.44,1.51,130.44,244.23
2019-07-04,10.11,1.51,130.71,237.61
2019-07-05,10.02,1.621,152.09,238.57
2019-07-06,9.58,2.052,183.46,250.23
2019-07-07,9.96,1.818,235.46,282.75
2019-07-08,9.92,1.6,262.88,321.51
2019-07-09,9.92,1.515,424.18,351.07
2019-07-10,9.98,1.51,372.1,402.74
2019-07-11,9.24,1.51,273.1,490.99
2019-07-12,9.24,1.51,207.84,491.12
2019-07-13,8.27,1.495,174.06,409.2
2019-07-14,8.88,1.41,157.16,334.55
2019-07-15,8.81,1.41,150.05,305.06
2019-07-16,9.26,1.41,146.32,283.24
2019-07-17,9.51,1.41,139.66,259.96
2019-07-18,8.82,1.409,132.48,253.06
2019-07-19,8.49,1.391,125.08,248.96
2019-07-20,8.49,1.33,124.88,254.65
2019-07-21,8.42,1.33,127.96,240.95
2019-07-22,9.19,1.33,120.06,232.54
2019-07-23,8.3,1.33,128.5,230.74
2019-07-24,9.08,1.33,119.67,224.42
2019-07-25,8.31,1.329,117.31,224.31
2019-07-26,8.37,1.31,116.97,220.38
2019-07-27,7.6,1.26,114.26,243.11
2019-07-28,7.57,1.26,118.09,239.21
2019-07-29,7.3,1.26,110.29,229.1
2019-07-30,7.32,1.26,115.05,214.17
2019-07-31,7.32,1.26,114.08,219.84
2019-08-01,8.83,1.26,113.5,225.3
2019-08-02,9.97,1.259,110.56,223.23
2019-08-03,9.86,1.274,116.12,215.45
2019-08-04,8.5,1.505,123.25,215.58
2019-08-05,7.1,2.115,130.44,220.19
2019-08-06,6.93,1.808,129.35,240.9
2019-08-07,6.7,1.458,129.67,254.04
2019-08-08,6.65,1.343,125.31,241.65
2019-08-09,6.71,1.313,126.65,222.82
2019-08-10,7.01,1.26,124.95,208.76
2019-08-11,7.24,1.258,123.99,222.35
2019-08-12,9.12,1.224,118.97,224.02
2019-08-13,12.19,1.18,115.56,220.25
2019-08-14,13.17,1.139,113.57,218.4
2019-08-15,11.26,1.1,111.48,218.74
2019-08-16,8.07,1.1,114.35,225.2
2019-08-17,7.11,1.1,115.49,212.81
2019-08-18,7.32,1.1,118.63,209.45
2019-08-19,7.57,1.1,114.43,211.6
2019-08-20,7.56,1.188,110.77,217.15
2019-08-21,7.61,1.33,105.79,208.21
2019-08-22,7.48,1.275,106.06,207.49
2019-08-23,7.48,1.281,108.1,197.11
2019-08-24,7.34,1.484,105.06,206.96
2019-08-25,7.31,1.412,107.23,202.28
2019-08-26,7.42,1.307,111.8,211.75
2019-08-27,21.42,1.258,112.43,210.21
2019-08-28,23.85,1.492,109.07,213.76
2019-08-29,18.08,7.287,110.0,228.55
2019-08-30,12.69,7.311,113.01,229.81
2019-08-31,10.01,3.606,111.58,214.79
2019-09-01,9.13,1.45,111.58,205.16
2019-09-02,8.9,3.5,127.7,206.61
2019-09-03,8.73,3.196,148.26,227.46
2019-09-04,9.27,3.144,168.06,250.97
2019-09-05,9.24,1.928,168.09,285.9
2019-09-06,9.1,1.656,164.55,297.59
2019-09-07,8.35,1.55,151.86,287.38
2019-09-08,7.5,1.381,146.68,273.54
2019-09-09,6.75,1.298,136.12,249.1
2019-09-10,7.76,1.184,133.58,252.73
2019-09-11,7.1,1.1,109.98,226.87
2019-09-12,7.12,1.032,110.16,215.41
2019-09-13,7.11,1.03,104.97,201.27
2019-09-14,7.08,1.03,103.0,198.64
2019-09-15,7.1,1.03,102.57,201.72
2019-09-16,7.09,1.03,103.66,194.63
2019-09-17,7.25,0.976,101.11,186.2
2019-09-18,7.33,0.95,98.41,186.48
2019-09-19,7.49,0.946,95.1,183.78
2019-09-20,7.48,0.87,97.57,177.28
2019-09-21,9.4,0.87,95.58,175.78
2019-09-22,10.73,0.87,95.84,180.06
2019-09-23,11.55,0.87,96.18,183.67
2019-09-24,10.49,0.87,95.75,188.03
2019-09-25,9.91,1.013,103.0,192.61
2019-09-26,9.95,1.533,116.23,219.62
2019-09-27,7.48,2.331,130.08,247.63
2019-09-28,7.36,1.674,135.67,272.06
2019-09-29,7.12,1.326,125.92,277.78
2019-09-30,7.03,1.229,116.65,259.48
2019-10-01,6.93,1.13,108.78,245.16
2019-10-02,6.92,1.066,103.32,223.62
2019-10-03,6.65,0.998,98.93,209.81
2019-10-04,6.69,0.914,96.67,197.05
2019-10-05,7.51,0.87,94.07,193.94
2019-10-06,9.33,0.803,96.43,193.88
2019-10-07,11.05,0.79,104.26,189.38
2019-10-08,11.8,1.344,132.83,195.85
2019-10-09,11.0,2.94,168.98,230.04
2019-10-10,9.26,2.713,268.16,286.67
2019-10-11,7.5,1.795,208.66,346.02
2019-10-12,5.87,1.329,165.34,384.67
2019-10-13,5.18,1.109,139.66,359.48
2019-10-14,5.5,0.99,123.23,296.72
2019-10-15,7.22,0.91,108.25,254.84
2019-10-16,8.78,0.828,94.06,228.93
2019-10-17,9.48,0.79,88.19,216.73
2019-10-18,11.15,0.754,86.93,213.16
2019-10-19,8.58,0.72,85.65,199.28
2019-10-20,6.21,0.72,88.6,189.55
2019-10-21,3.3,0.72,86.14,172.37
2019-10-22,4.48,0.743,93.43,169.61
2019-10-23,5.31,0.789,89.74,165.31
2019-10-24,4.94,0.79,94.63,174.57
2019-10-25,5.53,0.789,90.17,180.27
2019-10-26,5.55,0.72,99.92,194.72
2019-10-27,5.64,0.7,99.28,202.65
2019-10-28,7.58,0.913,107.02,204.33
2019-10-29,11.03,4.465,116.41,209.01
2019-10-30,11.67,1.859,123.18,244.06
2019-10-31,9.95,6.627,125.12,275.89
2019-11-01,7.11,3.914,111.79,286.28
2019-11-02,6.46,1.393,100.89,270.26
2019-11-03,5.48,1.089,94.39,256.81
2019-11-04,5.2,0.973,91.63,239.95
2019-11-05,4.73,0.856,89.12,238.65
2019-11-06,5.02,0.754,89.42,231.71
2019-11-07,5.09,0.72,90.16,212.9
2019-11-08,6.07,0.72,93.46,190.67
2019-11-09,6.54,0.731,98.01,175.55
2019-11-10,8.3,0.86,104.7,191.05
2019-11-11,10.07,1.086,112.26,202.93
2019-11-12,11.58,1.485,123.36,222.67
2019-11-13,12.54,1.315,127.39,257.03
2019-11-14,12.54,1.322,135.98,275.96
2019-11-15,11.19,2.762,147.67,310.85
2019-11-16,8.77,2.467,166.81,343.54
2019-11-17,7.33,1.738,182.57,357.93
2019-11-18,7.17,1.289,189.68,357.1
2019-11-19,7.29,1.18,190.64,336.34
2019-11-20,7.32,1.18,182.48,376.61
2019-11-21,8.71,1.138,178.12,394.41
2019-11-22,11.33,1.058,178.17,402.33
2019-11-23,30.97,1.367,186.42,371.36
2019-11-24,18.78,2.485,197.54,381.24
2019-11-25,14.73,1.59,194.02,431.95
2019-11-26,11.69,1.237,184.9,429.21
2019-11-27,10.56,1.091,170.96,390.33
2019-11-28,10.73,1.054,186.59,362.45
2019-11-29,9.99,2.381,222.8,366.44
2019-11-30,9.85,1.784,243.26,401.46
2019-12-01,9.66,1.265,276.71,448.82
2019-12-02,9.77,1.123,312.19,476.42
2019-12-03,9.85,1.031,299.85,482.69
2019-12-04,10.45,0.953,241.59,486.67
2019-12-05,11.3,0.914,218.73,469.64
2019-12-06,12.7,0.918,212.24,437.53
2019-12-07,13.36,1.317,206.12,421.13
2019-12-08,13.3,1.288,205.97,407.86
2019-12-09,12.34,1.051,206.78,384.42
2019-12-10,11.46,0.918,215.76,384.34
2019-12-11,10.88,1.224,226.76,573.14
2019-12-12,9.65,1.839,237.7,786.51
2019-12-13,8.3,1.429,282.42,823.51
2019-12-14,6.84,1.261,312.71,717.44
2019-12-15,6.42,1.14,312.75,603.25
2019-12-16,6.38,1.006,293.75,547.27
2019-12-17,7.44,0.878,231.75,515.64
2019-12-18,8.03,0.759,229.58,485.12
2019-12-19,9.43,2.515,244.57,480.36
2019-12-20,9.33,3.275,318.8,515.82
2019-12-21,11.76,3.005,350.7,564.2
2019-12-22,15.07,2.055,316.82,606.92
2019-12-23,22.06,10.264,375.28,629.0
2019-12-24,17.12,10.453,412.47,1296.74
2019-12-25,12.84,8.655,394.33,1295.94
2019-12-26,10.37,2.636,275.49,945.81
2019-12-27,9.62,1.866,270.04,703.78
2019-12-28,8.85,1.485,215.96,580.69
2019-12-29,8.08,1.296,201.51,506.14
2019-12-30,8.1,1.157,184.68,460.26
2019-12-31,8.45,1.044,171.95,408.38
2020-01-01,9.48,0.971,166.38,383.63
2020-01-02,11.18,0.95,173.21,421.22
2020-01-03,13.47,0.954,184.2,615.31
2020-01-04,15.36,2.783,207.57,713.88
2020-01-05,16.15,2.626,327.06,736.09
2020-01-06,34.64,7.278,460.9,1009.92
2020-01-07,18.37,8.786,544.99,1194.94
2020-01-08,18.44,4.028,429.71,1144.25
2020-01-09,18.46,7.764,433.72,1081.54
2020-01-10,17.58,2.792,443.51,1087.13
2020-01-11,15.79,2.183,479.88,985.14
2020-01-12,33.72,2.735,483.9,871.39
2020-01-13,18.0,5.341,506.7,869.92
2020-01-14,16.37,2.997,535.88,907.04
2020-01-15,13.71,2.199,596.86,869.74
2020-01-16,45.78,1.722,519.23,838.26
2020-01-17,28.36,15.2,559.21,879.88
2020-01-18,17.31,19.357,541.45,1029.04
2020-01-19,14.83,4.998,443.12,992.42
2020-01-20,13.07,2.595,390.52,790.67
2020-01-21,11.97,2.064,334.0,703.58
2020-01-22,12.23,1.752,300.26,636.59
2020-01-23,13.05,1.6,270.87,612.52
2020-01-24,23.2,2.555,399.63,577.52
2020-01-25,12.08,2.563,441.78,718.23
2020-01-26,11.53,1.934,332.36,796.55
2020-01-27,11.18,1.608,278.29,742.14
2020-01-28,11.53,1.502,244.67,600.45
2020-01-29,12.49,1.364,223.36,581.745
2020-01-30,13.6,1.275,212.13,563.04
2020-01-31,15.0,1.26,211.08,522.78
2020-02-01,16.51,2.12,219.71,479.22
2020-02-02,48.22,2.775,301.88,524.44
2020-02-03,91.54,6.646,363.03,674.77
2020-02-04,66.65,78.538,591.23,965.45
2020-02-05,40.19,81.981,696.84,1278.7
2020-02-06,21.97,56.455,738.52,1577.01
2020-02-07,15.66,7.616,655.3,1533.89
2020-02-08,13.28,3.81,711.58,1298.06
2020-02-09,23.51,2.532,616.78,1108.28
2020-02-10,40.85,2.037,516.02,1091.4
2020-02-11,25.88,6.623,661.66,1085.95
2020-02-12,17.57,17.935,947.56,1343.29
2020-02-13,14.54,17.206,951.69,2005.47
2020-02-14,12.77,6.092,870.58,1959.95
2020-02-15,33.83,4.309,816.92,1788.9
2020-02-16,22.99,9.782,663.0,1580.54
2020-02-17,28.76,15.797,760.75,1477.17
2020-02-18,16.7,10.071,747.31,1423.02
2020-02-19,16.74,4.277,522.79,1338.03
2020-02-20,27.74,7.214,476.1,1109.33
2020-02-21,24.38,10.137,478.38,1005.58
2020-02-22,28.18,7.632,570.91,1041.76
2020-02-23,21.25,6.765,502.45,1069.0
2020-02-24,17.34,4.69,493.0,961.7
2020-02-25,29.83,3.343,522.53,834.8
2020-02-26,29.84,6.54,721.56,932.54
2020-02-27,29.1,6.766,737.82,1482.7
2020-02-28,43.37,14.518,793.02,1388.49
2020-02-29,150.95,15.175,816.95,1488.56
2020-03-01,69.85,103.021,1043.39,1809.38
2020-03-02,45.08,93.184,1205.04,2106.08
2020-03-03,33.29,32.413,1022.92,2302.88
2020-03-04,29.58,19.041,832.92,2380.77
2020-03-05,32.39,13.394,705.31,2235.09
2020-03-06,20.19,10.832,613.98,1636.0
2020-03-07,24.27,8.334,530.32,1309.08
2020-03-08,30.97,5.467,442.93,1137.43
2020-03-09,20.73,15.427,649.16,1016.67
2020-03-10,22.66,6.671,543.96,1105.82
2020-03-11,19.55,4.138,394.16,1119.64
2020-03-12,19.2,3.475,364.52,951.46
2020-03-13,18.53,3.288,346.54,845.17
2020-03-14,18.26,3.13,333.68,779.41
2020-03-15,18.28,3.001,338.42,757.64
2020-03-16,18.37,2.877,332.28,771.31
2020-03-17,18.13,3.247,314.2,758.64
2020-03-18,17.78,3.124,353.41,771.32
2020-03-19,22.94,2.88,331.26,766.31
2020-03-20,30.85,2.802,328.54,860.69
2020-03-21,20.91,10.546,316.6,928.73
2020-03-22,14.66,4.789,356.73,913.74
2020-03-23,15.53,3.798,351.09,788.66
2020-03-24,16.58,3.257,324.77,720.8
2020-03-25,17.5,3.05,287.96,682.36
2020-03-26,17.59,2.878,277.75,655.86
2020-03-27,17.79,2.709,256.66,646.46
2020-03-28,18.41,2.658,242.17,616.67
2020-03-29,26.82,2.58,244.54,595.42
2020-03-30,16.53,5.246,388.28,591.17
2020-03-31,14.69,3.452,480.77,924.1
2020-04-01,13.65,2.98,421.75,1011.87
2020-04-02,12.31,2.778,396.92,1040.64
2020-04-03,12.13,2.643,301.16,923.16
2020-04-04,12.49,2.495,276.45,776.88
2020-04-05,13.42,2.36,246.95,649.13
2020-04-06,13.46,2.36,227.27,599.67
2020-04-07,13.88,2.36,215.03,584.61
2020-04-08,13.64,2.358,212.7,584.0
2020-04-09,12.8,2.36,216.82,547.41
2020-04-10,12.14,2.293,217.02,544.61
2020-04-11,11.93,2.27,208.56,560.32
2020-04-12,11.88,2.27,195.52,561.9
2020-04-13,11.36,2.27,190.27,549.46
2020-04-14,10.67,2.27,191.86,515.2
2020-04-15,11.34,2.203,193.79,508.81
2020-04-16,11.49,2.17,193.53,495.64
2020-04-17,11.4,2.17,185.32,494.99
2020-04-18,10.56,2.156,184.21,477.49
2020-04-19,10.31,2.08,179.53,457.74
2020-04-20,9.36,2.079,172.73,443.57
2020-04-21,9.35,2.055,165.47,436.56
2020-04-22,9.41,1.98,163.38,430.31
2020-04-23,9.42,1.98,163.02,422.13
2020-04-24,9.42,1.978,167.79,411.42
2020-04-25,8.58,1.978,164.74,406.6
2020-04-26,8.58,1.891,160.18,404.92
2020-04-27,7.77,1.889,156.51,405.98
2020-04-28,7.78,1.814,152.53,399.32
2020-04-29,7.78,1.79,151.13,390.8
2020-04-30,8.74,1.79,144.59,377.11
2020-05-01,10.21,1.79,143.16,367.01
2020-05-02,11.14,1.79,141.23,353.24
2020-05-03,11.05,3.714,146.22,349.2
2020-05-04,10.39,2.526,146.59,363.25
2020-05-05,10.97,2.195,146.6,370.82
2020-05-06,11.44,2.013,144.78,379.64
2020-05-07,11.42,1.98,149.56,374.76
2020-05-08,9.93,1.981,151.59,370.6
2020-05-09,8.6,1.98,154.67,366.32
2020-05-10,7.84,1.908,146.0,358.46
2020-05-11,7.84,1.89,147.98,356.55
2020-05-12,7.9,1.807,141.72,336.49
2020-05-13,8.82,1.79,144.54,347.38
2020-05-14,8.76,1.79,149.91,353.99
2020-05-15,8.61,2.352,148.03,373.34
2020-05-16,8.43,2.458,154.71,380.05
2020-05-17,8.41,2.14,146.87,385.64
2020-05-18,8.42,2.023,154.57,388.09
2020-05-19,8.42,1.9,151.86,376.79
2020-05-20,8.43,1.861,149.4,368.58
2020-05-21,8.46,1.888,143.75,362.0
2020-05-22,8.44,1.808,137.08,351.97
2020-05-23,8.44,1.79,139.0,337.91
2020-05-24,8.45,1.826,139.34,342.95
2020-05-25,8.24,2.063,135.84,356.11
2020-05-26,7.98,1.977,129.52,367.76
2020-05-27,7.72,1.78,127.11,362.4
2020-05-28,6.91,1.7,124.71,349.19
2020-05-29,6.94,1.636,123.26,335.95
2020-05-30,6.94,1.6,119.7,321.12
2020-05-31,6.94,1.6,123.48,308.42
2020-06-01,6.95,1.576,121.42,309.97
2020-06-02,6.98,1.51,121.2,312.97
2020-06-03,6.95,1.51,120.64,295.43
2020-06-04,6.95,1.51,123.26,292.21
2020-06-05,6.98,1.51,120.03,295.87
2020-06-06,6.96,1.51,121.7,303.84
2020-06-07,6.96,1.571,128.27,315.77
2020-06-08,6.93,1.7,131.64,323.21
2020-06-09,6.99,1.656,134.47,326.7
2020-06-10,6.96,1.572,131.9,316.25
2020-06-11,6.96,1.51,142.23,312.26
2020-06-12,6.99,1.51,143.0,306.56
2020-06-13,6.99,1.435,139.97,303.5
2020-06-14,6.87,1.41,133.99,304.17
2020-06-15,6.97,1.41,128.1,310.72
2020-06-16,7.12,1.41,122.02,322.65
2020-06-17,7.33,1.41,120.23,326.06
2020-06-18,7.33,1.41,118.87,316.53
2020-06-19,7.33,1.41,119.79,309.21
2020-06-20,7.33,1.41,113.92,302.73
2020-06-21,7.31,1.41,116.68,300.11
2020-06-22,7.29,1.384,111.73,296.45
2020-06-23,7.19,1.33,107.99,299.28
2020-06-24,7.28,1.31,103.97,298.08
2020-06-25,9.87,1.26,101.82,272.28
2020-06-26,6.02,1.26,106.75,249.42
2020-06-27,5.24,,112.49,252.91
2020-06-28,7.69,,112.8,261.28
2020-06-29,7.39,1.507,118.84,265.16
2020-06-30,6.67,1.51,124.79,275.19
2020-07-01,5.97,1.475,127.97,282.61
2020-07-02,5.5,1.41,128.34,296.65
2020-07-03,6.09,1.356,121.78,302.65
2020-07-04,6.67,1.33,114.93,283.31
2020-07-05,6.43,1.33,109.4,275.26
2020-07-06,5.6,1.33,108.4,277.03
2020-07-07,4.54,1.33,106.79,281.11
2020-07-08,4.54,1.299,103.73,279.84
2020-07-09,4.77,1.26,100.3,272.77
2020-07-10,5.0,1.26,102.47,270.2
2020-07-11,5.24,1.26,102.82,262.93
2020-07-12,5.23,1.26,105.26,256.33
2020-07-13,5.23,1.26,104.42,261.12
2020-07-14,4.99,1.235,102.44,263.2
2020-07-15,4.75,1.18,102.55,260.24
2020-07-16,4.98,1.18,103.98,261.08
2020-07-17,5.21,1.211,103.2,257.41
2020-07-18,4.62,1.26,101.99,263.08
2020-07-19,4.62,1.233,99.84,258.7
2020-07-20,3.79,1.18,100.83,261.48
2020-07-21,4.58,1.18,98.26,259.37
2020-07-22,2.99,1.303,96.04,249.68
2020-07-23,3.81,5.476,96.81,248.85
2020-07-24,3.66,5.367,92.4,241.26
2020-07-25,5.31,3.326,93.57,241.43
2020-07-26,5.23,1.629,90.35,231.91
2020-07-27,5.33,1.304,92.04,229.93
2020-07-28,6.03,1.201,90.94,227.14
2020-07-29,6.82,1.132,91.1,228.72
2020-07-30,5.14,1.1,92.78,233.86
2020-07-31,5.03,1.123,95.37,232.89
2020-08-01,5.09,1.18,103.07,238.59
2020-08-02,5.21,1.18,105.57,243.91
2020-08-03,5.31,1.106,106.59,249.98
2020-08-04,5.3,1.061,103.98,248.6
2020-08-05,5.86,5.201,101.82,243.71
2020-08-06,5.59,3.317,103.41,239.9
2020-08-07,5.75,1.514,96.31,233.8
2020-08-08,5.28,1.223,93.98,236.48
2020-08-09,6.36,1.115,91.64,238.39
2020-08-10,5.4,1.05,86.18,237.84
2020-08-11,4.84,1.03,85.96,237.18
2020-08-12,4.86,1.013,89.8,230.83
2020-08-13,4.86,0.95,92.82,230.5
2020-08-14,5.33,0.95,94.99,218.25
2020-08-15,4.51,0.95,88.44,226.74
2020-08-16,4.53,0.95,94.75,222.04
2020-08-17,4.53,0.95,89.52,221.8
2020-08-18,5.32,0.95,97.31,224.37
2020-08-19,5.43,0.95,99.39,220.23
2020-08-20,8.62,0.95,118.61,231.83
2020-08-21,11.02,0.981,131.77,217.85
2020-08-22,11.67,1.273,150.03,263.98
2020-08-23,8.46,1.492,166.47,312.54
2020-08-24,6.07,1.29,162.52,345.46
2020-08-25,5.3,1.136,172.52,334.92
2020-08-26,6.1,1.076,176.97,324.0
2020-08-27,6.89,1.03,166.61,315.7
2020-08-28,6.89,1.006,147.63,310.38
2020-08-29,6.12,0.95,124.89,304.94
2020-08-30,5.32,0.9,115.32,279.72
2020-08-31,4.52,0.87,101.45,248.19
2020-09-01,4.52,0.85,98.54,234.57
2020-09-02,3.72,0.79,94.66,217.11
2020-09-03,3.87,0.79,93.12,218.66
2020-09-04,3.86,0.79,87.99,206.48
2020-09-05,3.86,0.79,87.02,209.38
2020-09-06,4.65,0.79,85.56,209.08
2020-09-07,3.44,0.79,81.95,203.79
2020-09-08,4.22,0.77,76.13,207.24
2020-09-09,3.28,0.72,76.94,210.32
2020-09-10,3.66,0.72,77.86,210.69
2020-09-11,2.83,2.237,80.85,208.64
2020-09-12,3.62,0.79,76.27,205.48
2020-09-13,3.7,0.79,72.33,209.28
2020-09-14,3.62,0.771,69.32,188.72
2020-09-15,2.78,0.72,67.64,168.8
2020-09-16,2.71,0.786,71.04,161.45
2020-09-17,3.61,0.79,69.0,160.57
2020-09-18,4.42,0.767,70.31,164.14
2020-09-19,6.03,0.72,71.51,159.85
2020-09-20,7.67,0.721,81.77,165.18
2020-09-21,32.51,1.06,103.34,193.57
2020-09-22,19.83,2.425,127.87,244.64
2020-09-23,12.58,3.709,139.54,326.17
2020-09-24,7.67,3.347,138.79,343.68
2020-09-25,5.83,3.704,141.43,296.94
2020-09-26,5.07,3.272,145.85,288.5
2020-09-27,5.09,3.073,144.63,276.73
2020-09-28,5.11,2.9,133.85,269.67
2020-09-29,5.1,2.854,122.9,248.54
2020-09-30,5.06,2.857,107.64,221.77
2020-10-01,5.11,2.596,96.81,216.6
2020-10-02,4.6,2.541,90.16,209.98
2020-10-03,4.57,2.47,86.07,204.99
2020-10-04,4.59,2.407,81.56,193.43
2020-10-05,5.15,2.36,80.15,180.82
2020-10-06,5.28,2.415,83.77,177.36
2020-10-07,5.35,2.442,88.14,184.75
2020-10-08,4.69,2.423,91.69,188.82
2020-10-09,4.62,1.338,93.26,194.16
2020-10-10,5.24,1.429,94.36,196.27
2020-10-11,8.2,1.55,91.63,217.05
2020-10-12,11.08,1.373,90.0,211.45
2020-10-13,11.83,1.076,87.37,201.46
2020-10-14,10.52,0.967,90.12,186.45
2020-10-15,7.92,0.902,89.48,210.07
2020-10-16,6.25,0.846,88.47,221.74
2020-10-17,5.24,0.79,85.98,224.75
2020-10-18,5.02,0.79,88.59,204.17
2020-10-19,5.2,0.79,89.41,198.4
2020-10-20,5.22,0.79,89.02,199.2
2020-10-21,5.19,2.201,89.89,209.02
2020-10-22,4.97,1.666,88.64,209.04
2020-10-23,5.0,1.092,89.02,206.93
2020-10-24,5.79,0.85,87.55,202.5
2020-10-25,5.94,0.75,89.15,220.74
2020-10-26,5.96,0.974,94.73,246.67
2020-10-27,5.16,1.273,99.74,266.8
2020-10-28,5.98,1.033,105.62,263.34
2020-10-29,6.69,0.816,107.44,251.87
2020-10-30,7.48,0.738,114.02,253.26
2020-10-31,26.07,1.075,127.38,275.83
2020-11-01,14.55,1.085,152.27,328.94
2020-11-02,11.91,1.009,156.39,367.62
2020-11-03,9.55,0.907,162.23,376.63
2020-11-04,8.15,1.184,150.86,351.02
2020-11-05,6.64,1.2,148.09,377.96
2020-11-06,5.87,1.069,135.06,356.19
2020-11-07,5.15,0.985,128.47,328.03
2020-11-08,4.44,0.901,121.37,295.59
2020-11-09,4.41,0.87,129.02,303.68
2020-11-10,3.61,1.459,144.33,315.0
2020-11-11,5.88,2.101,182.29,377.63
2020-11-12,6.41,5.234,227.12,477.94
2020-11-13,7.92,14.741,301.68,677.69
2020-11-14,7.12,4.029,358.27,776.07
2020-11-15,6.62,1.873,230.98,712.98
2020-11-16,8.02,1.596,252.19,627.36
2020-11-17,11.33,1.251,271.14,530.22
2020-11-18,17.36,1.184,266.5,559.47
2020-11-19,26.75,1.863,292.59,689.58
2020-11-20,12.59,2.453,354.5,851.88
2020-11-21,11.41,1.76,369.45,753.82
2020-11-22,9.68,1.341,333.11,706.99
2020-11-23,8.28,1.229,350.94,642.02
2020-11-24,7.52,1.138,264.11,640.79
2020-11-25,7.64,1.037,226.77,556.95
2020-11-26,7.08,0.926,193.79,474.32
2020-11-27,7.0,0.833,168.15,397.53
2020-11-28,6.14,0.741,150.76,332.04
2020-11-29,6.64,0.693,145.14,302.32
2020-11-30,7.38,0.64,142.28,293.41
2020-12-01,8.58,1.208,157.9,342.07
2020-12-02,8.52,1.763,157.91,380.87
2020-12-03,7.66,1.337,171.61,406.2
2020-12-04,7.92,1.146,172.53,401.23
2020-12-05,9.54,0.944,177.72,417.11
2020-12-06,49.86,0.843,218.27,441.74
2020-12-07,82.78,2.278,333.89,571.01
2020-12-08,22.95,70.235,789.11,927.69
2020-12-09,16.37,13.039,782.33,1467.25
2020-12-10,23.88,7.531,771.93,1191.92
2020-12-11,31.51,4.308,551.39,1131.97
2020-12-12,18.42,9.068,475.15,1049.66
2020-12-13,15.35,6.248,469.56,904.49
2020-12-14,14.06,3.604,520.09,826.41
2020-12-15,14.55,3.566,523.71,785.79
2020-12-16,25.3,2.814,558.67,828.96
2020-12-17,14.42,3.556,551.04,961.16
2020-12-18,13.76,3.043,564.93,1123.16
2020-12-19,12.2,2.649,614.55,1329.96
2020-12-20,9.75,2.381,565.97,1393.77
2020-12-21,37.24,2.151,619.11,1159.02
2020-12-22,33.25,2.069,635.07,966.29
2020-12-23,25.28,18.616,806.08,1635.69
2020-12-24,31.76,5.719,716.22,2119.23
2020-12-25,22.96,4.228,623.56,1826.77
2020-12-26,26.85,10.73,693.59,1724.28
2020-12-27,16.8,6.898,640.53,1531.02
2020-12-28,17.98,4.634,772.31,1497.45
2020-12-29,24.45,3.744,700.95,1369.85
2020-12-30,33.1,4.133,591.66,1181.87
2020-12-31,32.58,3.378,588.63,1081.0
2021-01-01,50.76,3.162,526.41,1039.29
2021-01-02,33.19,3.53,499.57,1026.14
2021-01-03,16.16,10.698,525.69,1126.55
2021-01-04,7.81,5.32,565.35,1180.12
2021-01-05,5.52,24.754,514.32,1261.69
2021-01-06,23.02,20.301,427.34,1259.04
2021-01-07,18.79,25.814,525.12,1131.58
2021-01-08,16.23,22.555,541.58,1045.12
2021-01-09,13.17,21.482,608.22,1007.52
2021-01-10,10.07,34.329,641.94,1157.09
2021-01-11,8.2,41.888,827.72,1939.92
2021-01-12,8.75,39.381,963.78,1887.95
2021-01-13,9.81,32.103,997.53,1702.44
2021-01-14,10.27,32.444,829.98,1616.58
2021-01-15,9.61,25.296,924.76,1528.23
2021-01-16,9.82,20.483,889.84,1394.1
2021-01-17,10.32,30.209,968.0,1339.13
2021-01-18,11.6,20.266,912.26,1283.14
2021-01-19,12.19,5.386,759.84,1244.83
2021-01-20,13.36,3.649,589.91,1149.0
2021-01-21,12.83,2.919,496.26,975.61
2021-01-22,11.37,2.599,429.49,794.27
2021-01-23,9.85,2.388,363.49,690.13
2021-01-24,9.11,2.24,315.21,626.05
2021-01-25,8.69,2.129,294.6,595.93
2021-01-26,8.24,2.069,271.32,553.86
2021-01-27,7.69,1.98,283.36,528.83
2021-01-28,8.04,1.907,266.19,517.59
2021-01-29,8.21,1.805,291.35,509.13
2021-01-30,9.15,1.708,244.47,495.24
2021-01-31,9.8,1.624,230.48,478.88
2021-02-01,10.36,1.578,234.64,453.62
2021-02-02,10.33,1.51,235.69,439.77
2021-02-03,10.18,1.51,234.0,441.47
2021-02-04,24.51,1.468,250.76,455.22
2021-02-05,21.53,2.619,285.2,487.49
2021-02-06,10.78,22.971,350.47,595.67
2021-02-07,10.85,8.931,413.43,793.25
2021-02-08,10.86,3.672,490.62,895.58
2021-02-09,11.88,2.862,542.56,857.15
2021-02-10,13.94,2.498,551.87,875.65
2021-02-11,27.09,2.253,476.91,904.79
2021-02-12,28.9,2.17,467.47,909.71
2021-02-13,28.6,3.71,502.77,906.2
2021-02-14,25.78,4.738,566.0,1067.09
2021-02-15,25.31,3.497,542.42,1166.35
2021-02-16,33.34,5.535,644.98,1143.0
2021-02-17,23.94,4.36,707.3,1107.55
2021-02-18,20.96,6.606,732.8,1200.42
2021-02-19,20.4,3.881,616.89,1280.84
2021-02-20,19.39,2.899,538.12,1179.6
2021-02-21,17.51,2.846,505.09,1053.11
2021-02-22,15.66,2.125,479.42,980.15
2021-02-23,14.38,1.304,432.79,1019.57
2021-02-24,14.45,1.187,393.84,968.49
2021-02-25,13.94,1.1,356.46,761.64
2021-02-26,13.54,1.113,373.04,664.12
2021-02-27,13.69,2.68,389.34,652.64
2021-02-28,13.46,2.422,423.51,737.19
2021-03-01,13.85,1.764,488.54,758.48
2021-03-02,14.19,1.397,431.47,792.36
2021-03-03,14.34,1.208,350.88,755.97
2021-03-04,13.5,1.078,324.23,679.09
2021-03-05,14.53,0.997,306.82,589.3
2021-03-06,14.74,0.95,305.49,560.28
2021-03-07,14.39,2.488,310.75,583.09
2021-03-08,14.15,2.915,437.48,609.12
2021-03-09,13.28,2.52,450.53,679.01
2021-03-10,13.41,1.952,408.01,778.88
2021-03-11,12.64,1.54,428.97,813.98
2021-03-12,12.54,6.949,400.16,855.49
2021-03-13,11.89,2.637,379.49,904.55
2021-03-14,11.33,1.819,401.86,869.11
2021-03-15,11.08,1.521,494.45,764.55
2021-03-16,11.03,1.514,397.64,720.29
2021-03-17,11.45,5.084,352.12,739.23
2021-03-18,11.73,2.142,404.34,709.57
2021-03-19,11.08,1.607,340.57,697.04
2021-03-20,11.08,1.362,314.54,664.88
2021-03-21,10.22,1.217,307.89,610.26
2021-03-22,9.9,1.103,320.95,565.57
2021-03-23,9.34,1.03,303.54,557.71
2021-03-24,9.35,0.953,262.78,583.98
2021-03-25,9.89,0.883,250.0,561.77
2021-03-26,9.9,0.87,234.15,518.27
2021-03-27,10.14,0.853,211.22,484.16
2021-03-28,10.13,0.79,194.71,462.62
2021-03-29,9.67,0.79,194.11,447.03
2021-03-30,10.44,0.79,203.21,449.36
2021-03-31,10.31,1.016,215.51,479.83
2021-04-01,9.2,1.548,253.7,484.98
2021-04-02,8.28,1.256,227.77,474.53
2021-04-03,7.0,0.98,219.19,460.94
2021-04-04,7.44,0.871,214.56,447.07
2021-04-05,7.35,0.851,212.57,427.2
2021-04-06,9.37,0.79,215.74,428.02
2021-04-07,7.19,0.79,211.11,435.24
2021-04-08,5.96,0.864,204.03,443.59
2021-04-09,5.71,0.841,201.82,441.31
2021-04-10,5.49,0.766,199.49,426.61
2021-04-11,6.52,0.72,197.16,411.32
2021-04-12,76.06,0.693,194.7,402.21
2021-04-13,16.77,8.817,191.43,406.83
2021-04-14,9.27,13.468,185.52,448.98
2021-04-15,7.48,2.485,178.11,466.05
2021-04-16,6.75,1.381,171.77,424.55
2021-04-17,6.37,1.092,165.97,385.65
2021-04-18,6.43,0.923,163.03,367.38
2021-04-19,6.44,0.869,161.55,354.85
2021-04-20,6.35,0.84,162.33,355.46
2021-04-21,7.17,0.796,164.9,359.22
2021-04-22,6.4,0.721,169.2,357.69
2021-04-23,6.02,0.719,171.03,352.32
2021-04-24,5.89,0.664,173.92,349.88
2021-04-25,5.66,0.64,173.05,355.02
2021-04-26,5.84,0.63,169.92,366.06
2021-04-27,6.56,0.6,164.74,376.7
2021-04-28,10.94,0.626,161.84,389.63
2021-04-29,8.08,0.704,157.75,390.3
2021-04-30,7.07,0.72,153.49,380.23
2021-05-01,6.75,0.72,148.19,364.57
2021-05-02,6.48,0.688,144.9,350.26
2021-05-03,6.28,0.64,143.35,343.39
2021-05-04,6.25,0.64,141.82,340.91
2021-05-05,6.17,0.628,138.53,332.74
2021-05-06,6.35,0.6,136.11,327.51
2021-05-07,9.71,0.594,134.08,319.49
2021-05-08,6.93,0.601,132.13,313.07
2021-05-09,6.38,0.64,129.87,306.47
2021-05-10,6.16,0.64,127.36,301.34
2021-05-11,6.1,0.639,125.8,297.98
2021-05-12,14.53,0.602,127.83,293.97
2021-05-13,10.2,0.807,133.7,294.84
2021-05-14,7.56,1.338,137.23,306.81
2021-05-15,7.22,0.988,150.52,322.08
2021-05-16,7.05,0.797,161.39,328.93
2021-05-17,6.93,0.737,161.73,334.93
2021-05-18,7.11,0.708,166.17,341.17
2021-05-19,6.9,0.64,173.21,345.15
2021-05-20,6.7,0.628,173.78,346.82
2021-05-21,6.8,0.6,165.37,344.51
2021-05-22,6.77,0.6,156.14,336.75
2021-05-23,6.68,0.6,149.71,326.24
2021-05-24,6.74,0.6,145.32,314.59
2021-05-25,6.65,0.595,141.11,305.21
2021-05-26,6.47,0.56,138.04,299.76
2021-05-27,6.27,0.56,136.11,296.32
2021-05-28,6.2,0.56,135.34,294.45
2021-05-29,6.38,0.56,135.78,297.18
2021-05-30,8.28,0.567,136.62,312.02
2021-05-31,8.59,2.877,135.54,355.13
2021-06-01,6.83,2.682,134.32,396.8
2021-06-02,6.54,1.549,134.56,398.66
2021-06-03,6.28,1.053,134.82,360.53
2021-06-04,6.18,0.853,139.84,317.51
2021-06-05,6.07,0.742,151.49,301.5
2021-06-06,6.33,0.681,157.39,302.87
2021-06-07,9.85,0.64,151.04,311.33
2021-06-08,6.89,2.128,140.15,313.69
2021-06-09,6.42,1.782,135.0,307.9
2021-06-10,6.19,1.087,129.87,302.36
2021-06-11,12.61,0.891,128.42,296.71
2021-06-12,8.95,0.794,127.31,291.25
2021-06-13,8.23,0.743,128.77,289.45
2021-06-14,6.72,0.72,132.41,287.88
2021-06-15,6.29,0.72,134.79,284.68
2021-06-16,6.94,0.686,133.04,284.55
2021-06-17,6.7,0.64,131.03,285.94
2021-06-18,6.07,0.64,127.12,284.16
2021-06-19,5.87,0.64,123.96,278.32
2021-06-20,5.97,0.64,121.23,271.57
2021-06-21,5.76,0.626,118.99,269.01
2021-06-22,8.63,0.6,117.98,267.75
2021-06-23,6.93,0.603,122.13,264.92
2021-06-24,5.67,0.64,123.87,262.28
2021-06-25,5.27,0.64,123.67,264.95
2021-06-26,5.13,0.628,124.53,264.81
2021-06-27,4.99,0.6,124.25,262.21
2021-06-28,4.94,0.599,126.62,259.93
2021-06-29,5.17,0.587,126.48,255.77
2021-06-30,4.91,0.56,122.93,254.76
2021-07-01,4.73,0.584,117.93,251.7
2021-07-02,4.51,0.6,113.57,249.4
2021-07-03,4.51,0.589,110.16,243.2
2021-07-04,4.45,0.56,108.77,236.26
2021-07-05,4.4,0.56,106.52,231.19
2021-07-06,4.39,0.755,104.88,229.3
2021-07-07,4.43,0.852,104.0,229.78
2021-07-08,4.28,0.79,102.88,230.03
2021-07-09,4.33,0.79,102.4,229.99
2021-07-10,4.28,0.79,102.76,230.13
2021-07-11,4.21,0.77,103.69,231.56
2021-07-12,4.1,0.72,104.35,231.34
2021-07-13,4.03,0.72,107.15,227.85
2021-07-14,3.99,0.72,106.74,224.56
2021-07-15,3.89,0.72,106.5,224.59
2021-07-16,3.93,0.72,105.47,217.28
2021-07-17,3.95,0.693,103.44,207.36
2021-07-18,3.92,0.64,102.62,198.82
2021-07-19,3.87,0.64,102.27,199.41
2021-07-20,3.68,0.64,102.25,204.03
2021-07-21,3.68,0.64,101.28,210.03
2021-07-22,3.61,0.64,101.84,214.16
2021-07-23,3.53,0.64,101.93,213.08
2021-07-24,3.5,0.64,101.83,207.78
2021-07-25,3.41,0.631,100.94,202.96
2021-07-26,3.46,0.6,100.29,202.43
2021-07-27,4.21,0.6,99.77,204.59
2021-07-28,5.99,0.603,100.06,208.36
2021-07-29,4.19,0.798,102.66,211.91
2021-07-30,3.93,0.95,106.52,214.64
2021-07-31,3.92,0.874,109.45,213.8
2021-08-01,3.83,0.748,109.7,210.38
2021-08-02,3.77,0.72,112.15,208.81
2021-08-03,4.01,0.696,117.95,205.77
2021-08-04,3.77,0.64,121.33,206.58
2021-08-05,3.63,0.64,116.71,212.34
2021-08-06,3.54,0.64,109.87,219.3
2021-08-07,3.43,0.64,105.15,219.59
2021-08-08,3.47,0.63,104.26,213.07
2021-08-09,3.31,0.6,104.22,207.04
2021-08-10,3.28,0.6,103.77,202.82
2021-08-11,3.67,0.6,104.03,201.3
2021-08-12,3.87,0.6,103.29,202.55
2021-08-13,4.89,0.6,102.89,203.08
2021-08-14,4.28,0.974,102.93,202.45
2021-08-15,4.34,1.153,102.05,205.6
2021-08-16,6.51,0.999,101.62,213.25
2021-08-17,4.7,1.07,102.59,245.78
2021-08-18,4.6,1.166,103.25,274.81
2021-08-19,4.49,0.974,102.36,273.6
2021-08-20,4.54,0.793,102.83,247.06
2021-08-21,4.32,0.686,105.5,216.73
2021-08-22,4.25,0.625,106.0,207.67
2021-08-23,4.3,0.6,107.92,205.4
2021-08-24,4.19,0.562,107.36,203.45
2021-08-25,4.01,0.56,105.76,202.84
2021-08-26,3.96,0.547,102.9,200.96
2021-08-27,4.2,0.52,101.48,203.58
2021-08-28,4.64,0.52,101.08,202.32
2021-08-29,5.3,0.52,100.77,201.89
2021-08-30,7.0,0.551,101.12,199.39
2021-08-31,7.73,0.776,101.56,203.24
2021-09-01,5.58,1.084,101.24,212.23
2021-09-02,4.59,1.014,99.15,222.85
2021-09-03,4.36,0.824,99.2,223.48
2021-09-04,4.28,0.688,100.01,217.0
2021-09-05,4.18,0.624,101.42,207.53
2021-09-06,4.11,0.6,106.41,198.09
2021-09-07,4.06,0.584,111.14,192.24
2021-09-08,3.95,0.56,108.72,192.43
2021-09-09,5.63,0.56,103.22,198.56
2021-09-10,4.44,0.78,100.62,203.53
2021-09-11,4.88,0.87,100.27,210.57
2021-09-12,4.27,0.853,100.35,213.72
2021-09-13,4.01,0.79,99.99,218.81
2021-09-14,4.09,0.726,98.78,214.72
2021-09-15,4.56,2.182,98.43,208.06
2021-09-16,4.98,1.118,99.32,200.75
2021-09-17,4.4,0.743,98.73,195.55
2021-09-18,3.97,0.607,97.84,194.64
2021-09-19,3.78,0.56,98.2,195.5
2021-09-20,3.61,0.548,98.44,194.5
2021-09-21,12.03,0.52,97.45,189.64
2021-09-22,6.36,0.502,97.55,185.35
2021-09-23,4.41,0.48,98.2,186.27
2021-09-24,3.96,0.47,100.09,189.5
2021-09-25,4.17,0.44,101.77,191.29
2021-09-26,3.66,0.44,102.98,199.76
2021-09-27,3.53,0.44,103.98,211.83
2021-09-28,3.55,0.44,105.47,219.06
2021-09-29,3.63,0.44,105.6,216.62
2021-09-30,3.67,0.44,106.72,209.06
2021-10-01,3.62,0.406,107.71,203.97
2021-10-02,3.87,0.4,108.91,215.92
2021-10-03,5.6,0.403,111.64,273.46
2021-10-04,4.2,0.759,114.28,356.83
2021-10-05,4.12,1.282,121.75,426.74
2021-10-06,3.87,1.028,138.17,427.16
2021-10-07,7.16,0.739,143.82,380.05
2021-10-08,4.81,0.617,150.01,336.86
2021-10-09,5.51,0.562,156.92,320.29
2021-10-10,13.16,0.57,168.98,345.54
2021-10-11,12.19,1.048,180.21,412.27
2021-10-12,6.18,3.06,189.3,518.71
2021-10-13,4.92,2.166,201.23,567.7
2021-10-14,4.44,1.341,197.24,518.91
2021-10-15,8.26,0.96,192.15,444.1
2021-10-16,16.76,0.793,192.81,396.09
2021-10-17,9.61,1.292,203.73,393.21
2021-10-18,12.91,1.73,225.03,406.44
2021-10-19,26.33,1.448,243.53,459.43
2021-10-20,11.3,4.287,260.57,566.4
2021-10-21,7.7,4.87,282.02,664.75
2021-10-22,6.31,2.849,283.97,666.4
2021-10-23,6.23,2.093,260.37,596.34
2021-10-24,10.27,1.706,270.11,509.19
2021-10-25,7.08,1.986,284.6,476.75
2021-10-26,6.6,1.95,289.1,465.63
2021-10-27,23.01,1.651,323.12,474.78
2021-10-28,10.56,1.633,325.53,554.54
2021-10-29,8.07,2.617,335.04,613.27
2021-10-30,7.1,2.092,286.77,617.74
2021-10-31,29.59,1.747,309.03,561.64
2021-11-01,18.35,7.983,353.03,752.87
2021-11-02,28.36,10.128,392.87,1078.64
2021-11-03,11.21,4.424,418.81,1175.45
2021-11-04,8.66,3.15,351.89,935.13
2021-11-05,7.31,2.432,313.67,654.12
2021-11-06,6.72,2.009,312.89,558.86
2021-11-07,6.29,1.695,307.17,533.69
2021-11-08,6.07,1.483,290.35,515.26
2021-11-09,6.19,1.325,268.3,501.27
2021-11-10,6.53,1.26,244.29,498.82
2021-11-11,9.0,1.255,227.1,493.78
2021-11-12,11.89,1.285,217.83,478.78
2021-11-13,7.42,1.408,205.01,460.06
2021-11-14,6.33,1.378,194.22,433.43
2021-11-15,5.7,1.265,190.46,398.73
2021-11-16,5.39,1.154,189.18,366.23
2021-11-17,5.24,1.1,185.02,350.01
2021-11-18,9.24,1.031,174.5,337.13
2021-11-19,26.56,1.264,170.14,407.59
2021-11-20,19.67,2.21,174.51,490.45
2021-11-21,8.56,1.929,212.85,514.28
2021-11-22,7.27,1.515,209.76,467.55
2021-11-23,6.46,1.329,211.99,405.32
2021-11-24,6.13,1.222,219.54,383.99
2021-11-25,5.97,1.109,227.41,370.64
2021-11-26,6.14,1.045,219.11,365.15
2021-11-27,6.16,1.046,189.25,381.05
2021-11-28,6.22,1.232,174.66,382.01
2021-11-29,6.23,1.143,165.0,358.32
2021-11-30,7.65,1.047,165.56,339.96
2021-12-01,7.78,1.074,165.69,340.47
2021-12-02,7.75,2.15,171.41,361.83
2021-12-03,8.05,1.883,183.75,389.94
2021-12-04,7.4,1.471,190.51,408.34
2021-12-05,11.52,1.269,198.64,431.3
2021-12-06,32.83,2.274,202.34,469.75
2021-12-07,30.46,2.144,211.45,513.46
2021-12-08,24.4,1.686,226.49,550.46
2021-12-09,12.81,2.998,257.96,549.45
2021-12-10,10.85,3.018,263.77,522.27
2021-12-11,38.95,1.999,226.8,498.2
2021-12-12,17.26,1.552,196.54,482.78
2021-12-13,17.26,2.217,203.91,512.07
2021-12-14,16.65,6.295,229.88,572.11
2021-12-15,51.35,25.698,236.52,648.07
2021-12-16,63.75,10.715,306.25,714.86
2021-12-17,132.0,18.635,312.85,923.58
2021-12-18,41.08,263.679,358.73,1147.63
2021-12-19,28.69,37.995,506.67,1216.69
2021-12-20,22.54,15.348,467.33,1071.26
2021-12-21,23.32,6.81,409.98,887.79
2021-12-22,39.61,3.251,374.48,880.07
2021-12-23,27.62,12.011,367.21,881.57
2021-12-24,23.54,11.43,394.07,861.32
2021-12-25,20.27,4.877,376.89,750.26
2021-12-26,19.96,3.369,326.09,684.61
2021-12-27,20.01,18.883,304.27,698.92
2021-12-28,17.92,15.176,302.44,787.96
2021-12-29,17.41,3.989,344.12,850.35
2021-12-30,38.22,3.389,374.77,884.13
2021-12-31,29.4,4.733,384.93,959.61
2022-01-01,35.73,4.852,539.93,1103.31
2022-01-02,46.58,6.432,552.04,1199.7
2022-01-03,46.65,9.093,516.65,1215.17
2022-01-04,42.84,46.204,537.81,1202.72
2022-01-05,79.3,11.508,473.58,1146.41
2022-01-06,158.06,12.199,498.31,1003.66
2022-01-07,93.09,216.75,826.39,1611.53
2022-01-08,71.59,89.221,745.19,2277.46
2022-01-09,65.72,59.146,740.05,2033.93
2022-01-10,67.48,40.644,672.49,2039.44
2022-01-11,54.1,54.227,787.93,2220.53
2022-01-12,40.54,34.065,757.23,2244.45
2022-01-13,39.45,24.694,817.95,2096.45
2022-01-14,31.44,15.371,665.05,1774.51
2022-01-15,37.36,10.628,581.91,1430.59
2022-01-16,54.8,10.153,642.39,1303.27
2022-01-17,29.39,15.443,754.76,1406.67
2022-01-18,28.47,13.326,624.81,1411.53
2022-01-19,26.6,5.95,525.41,1254.88
2022-01-20,21.99,4.088,471.45,1084.45
2022-01-21,19.9,3.082,396.58,977.45
2022-01-22,18.72,1.7,356.9,856.62
2022-01-23,17.56,1.329,328.21,777.86
2022-01-24,17.69,1.204,282.34,719.32
2022-01-25,17.74,1.103,253.47,678.3
2022-01-26,17.32,1.026,239.41,639.41
2022-01-27,15.16,0.95,233.77,600.1
2022-01-28,25.1,0.986,238.35,633.01
2022-01-29,26.99,4.467,258.96,690.03
2022-01-30,33.61,2.405,382.58,742.22
2022-01-31,43.33,2.895,484.91,818.45
2022-02-01,55.68,3.471,540.74,923.1
2022-02-02,50.87,36.459,896.79,1191.53
2022-02-03,37.94,39.216,943.04,1877.52
2022-02-04,30.01,10.079,886.0,1739.2
2022-02-05,51.11,7.606,1040.71,1588.13
2022-02-06,62.76,37.263,1172.98,1598.96
2022-02-07,66.83,45.209,1147.49,1907.05
2022-02-08,49.49,102.517,1263.81,2173.32
2022-02-09,29.68,25.149,1866.54,2711.4
2022-02-10,26.68,14.164,917.07,2446.54
2022-02-11,24.88,10.597,880.1,2354.41
2022-02-12,24.09,7.749,894.93,1968.86
2022-02-13,21.88,6.101,773.38,1938.47
2022-02-14,26.91,4.922,699.27,1740.51
2022-02-15,32.84,3.745,759.0,1876.99
2022-02-16,33.59,8.726,591.24,1827.37
2022-02-17,30.67,8.941,526.59,1614.57
2022-02-18,23.67,15.038,493.48,1495.25
2022-02-19,26.04,7.037,463.33,1232.69
2022-02-20,27.5,4.574,440.79,1394.19
2022-02-21,24.2,14.091,432.16,1339.21
2022-02-22,16.82,7.652,398.76,1197.27
2022-02-23,14.39,4.509,374.83,1152.81
2022-02-24,14.29,4.489,351.89,1070.69
2022-02-25,15.62,3.87,319.22,938.16
2022-02-26,15.81,3.615,290.66,829.44
2022-02-27,14.99,3.43,267.68,787.51
2022-02-28,14.14,4.187,249.03,740.16
2022-03-01,13.38,5.656,237.12,682.19
2022-03-02,12.65,5.478,228.7,667.11
2022-03-03,11.9,5.356,224.59,645.33
2022-03-04,11.91,5.22,228.19,644.61
2022-03-05,12.72,5.091,231.51,625.34
2022-03-06,12.73,4.968,235.51,622.04
2022-03-07,12.77,4.95,230.36,626.01
2022-03-08,12.02,4.823,225.89,616.17
2022-03-09,14.39,3.827,207.12,592.95
2022-03-10,15.64,2.238,195.13,577.41
2022-03-11,16.17,3.897,187.77,562.16
2022-03-12,14.6,7.771,200.19,555.47
2022-03-13,15.84,2.598,210.04,550.74
2022-03-14,16.9,1.448,233.45,566.16
2022-03-15,15.98,1.069,287.77,588.29
2022-03-16,13.49,1.432,405.64,639.13
2022-03-17,11.94,0.861,404.81,674.84
2022-03-18,12.14,0.693,329.97,719.38
2022-03-19,61.13,0.63,331.7,702.07
2022-03-20,112.08,0.754,344.45,650.64
2022-03-21,27.82,93.961,373.56,836.67
2022-03-22,23.22,15.914,408.53,1267.99
2022-03-23,16.35,4.526,321.89,771.34
2022-03-24,16.36,2.698,312.7,647.86
2022-03-25,15.96,2.475,328.6,658.68
2022-03-26,14.7,2.47,325.41,651.77
2022-03-27,13.83,3.281,284.51,657.98
2022-03-28,12.85,4.243,270.1,705.5
2022-03-29,12.2,2.685,246.98,697.25
2022-03-30,24.47,2.43,243.22,680.87
2022-03-31,54.86,2.465,263.46,646.1
2022-04-01,210.34,2.433,360.34,712.18
2022-04-02,144.14,121.533,350.32,863.38
2022-04-03,42.5,160.259,395.96,1164.02
2022-04-04,37.34,60.026,386.97,1158.16
2022-04-05,34.45,16.444,350.9,843.37
2022-04-06,31.66,10.795,393.54,694.72
2022-04-07,27.07,9.405,456.78,685.66
2022-04-08,26.69,6.398,470.14,714.03
2022-04-09,26.48,4.918,385.78,826.51
2022-04-10,23.15,4.129,420.91,973.8
2022-04-11,17.47,3.406,340.71,972.92
2022-04-12,18.64,3.065,315.8,739.24
2022-04-13,36.92,2.838,338.91,658.15
2022-04-14,58.7,7.617,368.73,655.32
2022-04-15,24.08,26.112,439.42,796.88
2022-04-16,22.06,16.161,419.37,880.07
2022-04-17,17.86,4.976,306.41,776.84
2022-04-18,17.15,3.348,270.66,626.07
2022-04-19,17.32,3.623,257.13,578.34
2022-04-20,18.49,2.779,238.95,541.59
2022-04-21,18.6,2.69,222.02,532.05
2022-04-22,17.46,2.611,209.49,510.51
2022-04-23,15.62,2.577,201.91,487.5
2022-04-24,15.71,2.448,192.71,472.15
2022-04-25,15.72,2.36,188.69,450.5
2022-04-26,15.69,2.36,188.59,435.46
2022-04-27,14.8,2.36,181.75,450.06
2022-04-28,27.88,2.355,172.72,468.76
2022-04-29,431.76,2.272,176.26,480.26
2022-04-30,73.75,227.562,200.66,475.72
2022-05-01,54.28,157.165,209.99,750.72
2022-05-02,45.16,28.645,207.52,858.65
2022-05-03,50.14,18.729,199.41,667.03
2022-05-04,36.77,13.748,328.73,506.59
2022-05-05,24.39,11.104,400.16,515.85
2022-05-06,31.51,8.779,316.44,606.88
2022-05-07,34.45,6.718,267.02,622.02
2022-05-08,21.58,5.828,236.53,580.79
2022-05-09,35.33,5.084,216.31,527.42
2022-05-10,22.56,4.586,209.33,479.83
2022-05-11,14.74,4.341,199.86,459.32
2022-05-12,18.5,4.226,192.84,445.84
2022-05-13,20.56,3.82,185.96,434.47
2022-05-14,20.11,3.267,178.75,402.58
2022-05-15,19.64,3.141,176.08,397.67
2022-05-16,22.25,3.24,175.05,397.66
2022-05-17,17.46,3.247,180.15,405.3
2022-05-18,16.15,3.311,177.15,403.44
2022-05-19,14.78,3.059,165.97,391.24
2022-05-20,13.51,2.91,154.96,374.68
2022-05-21,13.8,2.91,150.25,361.76
2022-05-22,14.33,2.852,148.26,368.26
2022-05-23,14.9,2.8,146.66,376.43
2022-05-24,14.93,2.8,145.75,361.35
2022-05-25,15.05,2.8,147.37,354.82
2022-05-26,14.32,2.8,147.93,352.03
2022-05-27,13.89,2.868,140.84,373.72
2022-05-28,13.0,3.02,138.18,373.76
2022-05-29,13.81,3.02,139.56,371.83
2022-05-30,14.34,2.928,143.35,366.95
2022-05-31,14.32,2.973,142.74,356.69
2022-06-01,14.32,3.02,137.8,358.33
2022-06-02,14.97,3.02,137.64,367.19
2022-06-03,15.53,3.02,149.95,359.35
2022-06-04,15.01,3.073,171.09,334.05
2022-06-05,13.73,3.101,187.99,326.81
2022-06-06,13.21,3.009,185.23,345.98
2022-06-07,12.73,2.91,172.04,366.48
2022-06-08,12.41,2.91,163.88,362.86
2022-06-09,11.6,2.946,161.05,354.27
2022-06-10,10.94,3.019,167.7,354.67
2022-06-11,10.95,3.018,163.74,349.84
2022-06-12,10.84,3.019,159.71,343.08
2022-06-13,11.58,2.893,151.13,333.57
2022-06-14,11.61,2.8,144.77,327.61
2022-06-15,11.61,2.799,144.17,329.3
2022-06-16,11.64,2.787,141.29,318.78
2022-06-17,11.64,2.69,138.24,312.98
2022-06-18,12.49,2.69,132.0,312.67
2022-06-19,12.46,2.69,131.37,316.37
2022-06-20,11.58,2.69,134.87,310.53
2022-06-21,10.7,2.69,135.53,306.08
2022-06-22,10.73,2.672,128.2,326.56
2022-06-23,11.91,2.58,124.59,326.22
2022-06-24,14.38,2.536,123.64,313.09
2022-06-25,15.42,2.47,126.3,285.14
2022-06-26,15.05,2.528,126.43,302.99
2022-06-27,12.64,2.724,126.57,307.2
2022-06-28,10.8,2.727,126.19,319.11
2022-06-29,10.08,2.581,126.38,303.2
2022-06-30,10.99,2.58,128.69,308.39
2022-07-01,10.98,2.58,129.17,301.76
2022-07-02,10.98,2.55,127.24,305.15
2022-07-03,10.13,2.47,122.65,297.74
2022-07-04,9.09,2.455,117.32,289.62
2022-07-05,9.06,2.36,112.54,278.42
2022-07-06,8.5,2.36,112.19,280.58
2022-07-07,9.76,2.36,112.01,281.78
2022-07-08,9.27,2.36,117.27,275.94
2022-07-09,9.14,2.36,116.54,280.41
2022-07-10,8.78,2.36,114.63,283.24
2022-07-11,8.72,2.36,112.63,293.67
2022-07-12,8.68,2.36,110.3,287.32
2022-07-13,9.22,2.36,108.59,282.59
2022-07-14,8.78,2.414,106.58,271.65
2022-07-15,8.5,2.463,106.75,273.95
2022-07-16,8.45,2.36,107.33,273.86
2022-07-17,8.44,2.36,106.89,278.46
2022-07-18,8.43,2.384,106.75,270.72
2022-07-19,8.74,2.36,107.73,256.97
2022-07-20,9.16,2.36,107.34,255.83
2022-07-21,8.44,2.469,106.49,274.7
2022-07-22,8.36,2.423,105.86,274.64
2022-07-23,8.25,2.36,104.58,267.86
2022-07-24,8.0,2.334,102.15,256.89
2022-07-25,7.77,2.27,103.96,254.83
2022-07-26,7.78,2.273,104.87,242.09
2022-07-27,8.2,2.272,105.19,235.19
2022-07-28,8.28,2.272,104.85,235.12
2022-07-29,10.32,2.274,105.65,241.0
2022-07-30,8.1,2.444,105.28,240.47
2022-07-31,7.72,2.424,105.44,246.66
2022-08-01,7.43,2.362,105.11,248.04
2022-08-02,7.17,2.327,105.3,246.57
2022-08-03,7.13,2.27,104.85,256.16
2022-08-04,6.84,2.173,105.37,265.78
2022-08-05,7.02,2.171,105.74,271.78
2022-08-06,7.02,2.17,106.45,266.37
2022-08-07,7.01,2.2,105.61,272.37
2022-08-08,7.21,2.239,106.56,275.97
2022-08-09,7.55,2.27,106.25,274.27
2022-08-10,7.04,2.679,108.58,270.61
2022-08-11,9.93,2.599,111.1,265.03
2022-08-12,7.91,2.468,115.14,259.91
2022-08-13,6.41,2.42,116.41,245.7
2022-08-14,6.07,2.273,118.21,238.94
2022-08-15,5.9,2.206,121.35,243.1
2022-08-16,5.81,2.169,123.22,256.0
2022-08-17,5.69,2.08,121.08,274.06
2022-08-18,10.63,2.015,116.91,270.68
2022-08-19,17.04,1.89,113.13,260.15
2022-08-20,9.23,1.89,109.54,252.14
2022-08-21,6.8,1.89,105.57,254.77
2022-08-22,6.28,1.89,104.31,254.53
2022-08-23,6.06,1.895,102.93,245.9
2022-08-24,6.02,1.915,102.92,244.05
2022-08-25,5.77,1.894,102.46,243.43
2022-08-26,5.61,1.89,102.58,234.67
2022-08-27,5.46,1.887,103.06,221.71
2022-08-28,42.03,1.79,103.12,216.24
2022-08-29,23.5,1.79,101.78,220.72
2022-08-30,10.0,3.981,100.55,249.49
2022-08-31,7.33,3.607,100.63,269.29
2022-09-01,6.3,1.9,101.09,259.94
2022-09-02,5.95,2.767,101.68,243.64
2022-09-03,12.18,3.7,101.54,238.74
2022-09-04,8.23,3.588,103.18,233.21
2022-09-05,6.99,3.635,102.96,231.92
2022-09-06,6.52,3.7,103.16,231.5
2022-09-07,6.13,,102.51,225.3
2022-09-08,5.89,3.7,102.88,215.4
2022-09-09,5.68,3.694,103.71,206.28
2022-09-10,6.6,3.562,103.72,201.31
2022-09-11,6.37,3.58,104.14,200.46
2022-09-12,8.34,3.58,105.99,203.09
2022-09-13,8.04,2.595,107.96,210.79
2022-09-14,10.12,1.948,114.87,222.2
2022-09-15,23.48,2.09,125.13,236.93
2022-09-16,31.67,2.853,134.1,267.62
2022-09-17,15.51,3.026,141.08,316.81
2022-09-18,11.23,2.178,150.01,364.69
2022-09-19,10.03,1.874,156.97,371.44
2022-09-20,9.62,1.772,160.01,349.25
2022-09-21,9.51,1.7,166.2,332.71
2022-09-22,9.77,1.84,171.65,347.88
2022-09-23,9.71,1.891,173.18,376.83
2022-09-24,9.71,,166.66,391.75
2022-09-25,9.7,,160.38,379.12
2022-09-26,11.34,,157.34,348.31
2022-09-27,18.38,2.241,158.92,344.88
2022-09-28,17.43,8.743,178.39,401.01
2022-09-29,16.39,20.622,207.56,494.01
2022-09-30,14.11,10.801,250.6,521.03
2022-10-01,12.12,4.084,276.6,488.77
2022-10-02,10.46,3.07,303.03,456.0
2022-10-03,9.42,2.663,333.53,474.29
2022-10-04,8.79,2.489,352.46,521.42
2022-10-05,8.15,2.47,321.38,561.75
2022-10-06,8.33,2.406,267.45,578.89
2022-10-07,8.56,2.407,222.35,539.74
2022-10-08,7.93,2.381,198.26,472.32
2022-10-09,7.69,2.729,191.39,412.61
2022-10-10,7.91,4.601,185.86,371.28
2022-10-11,8.02,3.11,184.82,341.51
2022-10-12,8.09,2.497,185.25,324.25
2022-10-13,7.79,3.046,187.88,317.65
2022-10-14,4.91,4.172,184.03,313.61
2022-10-15,13.63,3.995,175.49,310.01
2022-10-16,11.86,3.983,159.76,304.42
2022-10-17,10.43,3.78,153.39,299.46
2022-10-18,10.34,3.858,150.01,290.0
2022-10-19,10.07,3.95,140.44,279.1
2022-10-20,9.12,4.034,141.03,274.93
2022-10-21,8.97,4.061,140.92,276.42
2022-10-22,10.07,4.003,139.78,296.99
2022-10-23,8.96,3.894,138.68,317.88
2022-10-24,11.25,3.777,147.36,331.87
2022-10-25,9.92,11.544,162.53,323.26
2022-10-26,8.73,5.797,170.76,315.4
2022-10-27,8.25,3.164,162.6,304.26
2022-10-28,9.41,5.449,156.35,287.92
2022-10-29,8.23,5.74,156.95,289.86
2022-10-30,8.3,2.749,161.47,305.38
2022-10-31,31.25,2.216,169.34,322.87
2022-11-01,46.1,2.218,169.25,325.58
2022-11-02,35.76,2.036,178.37,370.22
2022-11-03,18.81,14.3,206.92,413.07
2022-11-04,18.64,7.486,224.96,446.87
2022-11-05,14.0,3.031,218.78,423.21
2022-11-06,15.14,2.196,210.66,393.29
2022-11-07,14.96,2.252,205.59,367.83
2022-11-08,11.77,2.276,198.57,354.42
2022-11-09,11.17,2.296,194.92,369.74
2022-11-10,11.21,2.427,189.41,380.48
2022-11-11,20.58,2.22,190.49,395.91
2022-11-12,12.85,7.139,190.36,414.19
2022-11-13,11.55,3.204,206.85,433.97
2022-11-14,13.08,2.27,218.38,494.31
2022-11-15,17.55,1.98,227.08,561.78
2022-11-16,11.52,1.866,246.25,625.21
2022-11-17,11.16,1.846,265.85,596.48
2022-11-18,10.62,1.67,259.53,536.33
2022-11-19,10.37,1.568,240.92,484.44
2022-11-20,10.11,1.489,226.23,449.31
2022-11-21,9.79,1.41,221.87,398.03
2022-11-22,9.57,1.391,223.73,361.36
2022-11-23,29.56,1.341,224.72,365.92
2022-11-24,17.53,3.641,228.88,443.14
2022-11-25,22.02,2.868,241.32,505.99
2022-11-26,20.62,4.069,290.62,511.82
2022-11-27,14.94,7.741,347.85,505.58
2022-11-28,24.59,13.26,362.9,574.02
2022-11-29,33.77,24.936,358.38,707.78
2022-11-30,18.98,42.13,389.33,809.97
2022-12-01,17.13,9.221,407.8,853.63
2022-12-02,20.01,4.607,396.1,817.21
2022-12-03,14.61,,415.56,724.07
2022-12-04,15.02,,426.54,667.77
2022-12-05,17.17,7.309,482.22,701.44
2022-12-06,23.38,7.618,505.55,761.6
2022-12-07,27.28,27.414,489.72,891.17
2022-12-08,15.99,18.39,576.96,967.62
2022-12-09,14.09,3.907,673.28,980.96
2022-12-10,10.38,2.905,626.48,949.74
2022-12-11,10.88,2.405,537.78,960.92
2022-12-12,25.49,2.281,493.48,1060.02
2022-12-13,24.91,2.645,474.48,1072.04
2022-12-14,14.9,7.683,441.36,1124.84
2022-12-15,17.06,3.92,405.79,986.77
2022-12-16,21.08,2.175,372.04,803.37
2022-12-17,21.18,4.857,357.81,664.13
2022-12-18,19.5,2.276,383.08,647.81
2022-12-19,28.83,2.019,384.76,671.17
2022-12-20,48.59,4.337,343.89,703.06
2022-12-21,81.87,4.467,312.64,789.15
2022-12-22,34.95,49.366,352.86,913.31
2022-12-23,24.73,25.705,421.01,929.42
2022-12-24,20.3,10.207,490.5,892.66
2022-12-25,20.83,7.309,437.49,829.9
2022-12-26,19.06,6.715,399.38,801.72
2022-12-27,17.15,6.542,403.98,788.76
2022-12-28,17.17,6.318,425.39,787.82
2022-12-29,22.76,6.17,438.21,819.36
2022-12-30,20.02,6.821,482.64,995.57
2022-12-31,16.03,11.977,527.22,1265.9
2023-01-01,15.09,9.834,548.59,1492.32
2023-01-02,15.04,8.079,577.93,1467.66
2023-01-03,13.68,7.621,536.07,1340.17
2023-01-04,17.89,6.551,508.2,1212.39
2023-01-05,33.92,6.283,516.53,1182.96
2023-01-06,28.81,4.427,577.39,1279.36
2023-01-07,20.5,11.808,617.84,1495.9
2023-01-08,31.97,10.352,633.56,1621.31
2023-01-09,42.63,5.999,597.92,1741.82
2023-01-10,45.56,19.759,602.9,1916.56
2023-01-11,37.22,15.316,644.24,2044.72
2023-01-12,64.04,28.167,600.09,1941.83
2023-01-13,47.09,40.878,536.81,1635.13
2023-01-14,27.07,93.251,480.8,1350.01
2023-01-15,25.25,16.568,496.56,1097.72
2023-01-16,22.34,13.089,526.26,951.73
2023-01-17,29.97,6.272,537.1,947.92
2023-01-18,33.5,3.523,505.15,989.36
2023-01-19,26.68,8.953,479.44,1020.84
2023-01-20,22.3,10.845,478.88,1056.88
2023-01-21,20.1,8.532,495.29,1178.3
2023-01-22,20.84,7.479,450.59,1291.62
2023-01-23,24.43,3.888,432.68,1369.7
2023-01-24,24.05,8.448,451.47,1448.89
2023-01-25,19.43,8.454,604.14,1493.51
2023-01-26,18.95,4.643,611.68,1449.28
2023-01-27,20.18,3.082,481.23,1292.5
2023-01-28,26.57,4.622,426.49,1167.46
2023-01-29,40.23,26.366,454.74,1115.17
2023-01-30,38.21,25.163,508.35,1187.77
2023-01-31,27.95,27.326,513.29,1245.75
2023-02-01,26.87,24.33,521.91,1253.36
2023-02-02,20.79,14.603,564.14,1231.77
2023-02-03,18.79,14.561,598.16,1134.91
2023-02-04,17.92,5.907,641.78,1064.83
2023-02-05,29.07,4.198,716.17,1011.62
2023-02-06,40.63,3.812,779.41,1080.31
2023-02-07,37.68,4.697,801.92,1298.74
2023-02-08,44.73,51.517,773.66,1517.02
2023-02-09,33.35,23.411,718.46,1635.86
2023-02-10,40.56,17.248,652.4,1680.25
2023-02-11,75.47,15.179,738.25,1613.79
2023-02-12,103.0,58.754,828.85,1687.23
2023-02-13,74.63,40.805,987.73,1814.76
2023-02-14,61.54,76.28,1003.65,2075.12
2023-02-15,52.44,30.673,1126.95,2249.72
2023-02-16,35.73,40.772,1130.83,2264.36
2023-02-17,34.31,17.032,1048.1,2175.79
2023-02-18,33.28,13.155,905.77,1966.72
2023-02-19,33.0,11.489,746.86,1741.65
2023-02-20,80.76,7.548,803.06,1530.37
2023-02-21,46.14,28.5,887.22,1480.35
2023-02-22,39.72,53.001,912.5,1607.06
2023-02-23,39.03,15.842,945.95,1669.12
2023-02-24,46.66,19.374,1001.88,1607.85
2023-02-25,52.24,43.833,966.28,1557.1
2023-02-26,47.8,42.329,979.65,1572.71
2023-02-27,39.6,44.753,934.88,1532.81
2023-02-28,42.54,24.497,1010.93,1390.71
2023-03-01,34.24,25.209,806.0,1309.75
2023-03-02,33.46,16.343,722.88,1214.07
2023-03-03,31.3,17.031,763.96,1134.8
2023-03-04,29.79,14.491,817.59,1053.96
2023-03-05,31.26,8.216,777.71,1095.15
2023-03-06,29.76,12.13,763.34,1135.95
2023-03-07,28.33,14.357,763.68,1182.14
2023-03-08,30.73,11.998,714.94,1207.72
2023-03-09,38.28,6.647,651.69,1174.36
2023-03-10,57.92,5.847,587.88,1157.69
2023-03-11,48.47,58.511,578.21,1188.48
2023-03-12,45.65,32.716,752.78,1275.97
2023-03-13,39.57,28.526,715.26,1315.87
2023-03-14,27.78,16.629,819.96,1287.08
2023-03-15,25.54,10.122,872.03,1216.17
2023-03-16,24.52,7.248,930.02,1220.92
2023-03-17,22.93,6.035,926.36,1277.46
2023-03-18,22.27,5.752,852.87,1295.66
2023-03-19,21.26,5.397,751.9,1260.49
2023-03-20,22.15,5.202,617.13,1173.23
2023-03-21,20.85,4.969,491.58,1082.26
2023-03-22,20.82,4.781,444.43,974.17
2023-03-23,20.29,4.633,432.26,867.98
2023-03-24,19.74,4.518,393.66,768.46
2023-03-25,16.32,4.408,379.67,734.0
2023-03-26,22.36,4.333,374.94,725.15
2023-03-27,20.93,4.283,360.79,729.25
2023-03-28,18.33,4.32,339.14,705.87
2023-03-29,17.75,4.233,338.52,666.21
2023-03-30,22.74,4.402,329.91,662.75
2023-03-31,23.56,7.202,334.55,739.45
2023-04-01,103.05,6.363,357.57,831.02
2023-04-02,25.39,15.976,378.78,848.52
2023-04-03,21.7,19.594,356.31,824.85
2023-04-04,20.11,5.565,344.46,746.68
2023-04-05,21.73,4.476,337.64,646.28
2023-04-06,19.09,4.15,340.69,563.55
2023-04-07,25.94,3.959,391.95,553.86
2023-04-08,38.81,4.836,375.11,576.25
2023-04-09,31.08,5.992,557.3,654.78
2023-04-10,21.42,15.776,549.77,734.57
2023-04-11,20.01,7.686,485.41,842.06
2023-04-12,14.02,4.516,435.33,831.1
2023-04-13,16.71,4.08,436.97,784.9
2023-04-14,38.51,4.281,445.99,827.69
2023-04-15,35.99,4.876,423.8,946.81
2023-04-16,21.23,4.191,392.61,978.37
2023-04-17,20.35,5.695,362.38,900.77
2023-04-18,21.6,3.782,355.94,776.17
2023-04-19,19.04,5.273,377.17,773.75
2023-04-20,17.95,4.898,415.95,833.24
2023-04-21,16.74,3.737,457.01,850.94
2023-04-22,16.62,3.508,472.69,788.5
2023-04-23,15.4,3.434,430.77,714.27
2023-04-24,14.73,3.32,404.45,705.72
2023-04-25,14.79,3.24,392.06,692.48
2023-04-26,14.73,4.115,354.88,669.96
2023-04-27,14.28,6.198,312.98,655.33
2023-04-28,13.87,3.977,290.76,639.37
2023-04-29,13.32,3.555,281.37,616.73
2023-04-30,13.61,3.57,278.28,590.02
2023-05-01,12.76,3.475,272.72,574.32
2023-05-02,12.32,3.317,267.27,553.14
2023-05-03,11.99,3.214,265.55,548.38
2023-05-04,12.08,3.13,269.65,525.04
2023-05-05,12.7,3.112,268.91,522.61
2023-05-06,12.36,3.027,257.74,514.47
2023-05-07,12.17,3.022,258.97,520.98
2023-05-08,10.29,3.02,258.35,514.31
2023-05-09,13.7,3.019,214.71,476.88
2023-05-10,16.67,2.988,245.81,492.24
2023-05-11,13.39,3.628,235.6,488.16
2023-05-12,12.24,3.571,226.43,488.86
2023-05-13,11.72,3.214,216.71,479.97
2023-05-14,11.47,3.098,209.4,456.05
2023-05-15,11.34,3.02,205.78,433.57
2023-05-16,11.2,2.919,209.98,428.66
2023-05-17,11.51,2.845,214.54,432.98
2023-05-18,11.24,2.8,213.49,442.24
2023-05-19,10.91,2.81,208.7,449.02
2023-05-20,10.79,2.8,202.66,448.9
2023-05-21,10.65,2.8,198.53,446.28
2023-05-22,10.53,2.8,195.87,434.05
2023-05-23,10.52,2.8,194.54,422.26
2023-05-24,10.47,2.761,196.63,416.75
2023-05-25,10.2,2.759,195.51,408.37
2023-05-26,10.17,2.69,195.61,410.31
2023-05-27,9.99,2.69,195.21,415.87
2023-05-28,18.22,2.69,192.78,427.27
2023-05-29,14.7,3.166,190.06,430.44
2023-05-30,13.27,3.668,188.04,433.01
2023-05-31,12.95,3.309,196.64,437.26
2023-06-01,14.2,4.044,206.43,446.38
2023-06-02,11.94,3.164,229.08,456.84
2023-06-03,10.97,2.888,233.23,470.8
2023-06-04,10.71,2.784,236.55,479.35
2023-06-05,10.55,2.721,233.32,472.91
2023-06-06,10.25,2.69,234.57,464.75
2023-06-07,10.14,2.69,228.73,453.94
2023-06-08,10.11,2.682,214.98,447.44
2023-06-09,9.88,2.629,204.74,430.55
2023-06-10,9.86,2.586,198.79,411.15
2023-06-11,9.7,2.585,191.28,402.86
2023-06-12,9.65,2.583,187.1,391.82
2023-06-13,9.87,2.58,181.37,384.08
2023-06-14,11.72,2.591,177.03,373.56
2023-06-15,10.95,2.978,182.12,368.17
2023-06-16,9.68,3.569,192.93,363.27
2023-06-17,9.51,3.028,201.03,371.24
2023-06-18,9.39,2.814,200.44,392.2
2023-06-19,9.13,2.704,195.41,412.72
2023-06-20,9.02,2.595,192.84,409.81
2023-06-21,8.89,2.578,195.4,395.58
2023-06-22,8.9,2.481,196.5,388.5
2023-06-23,8.77,2.47,187.05,389.63
2023-06-24,8.7,2.47,178.9,388.03
2023-06-25,8.57,2.47,173.46,376.36
2023-06-26,8.45,2.47,170.61,370.25
2023-06-27,8.42,2.455,167.58,369.61
2023-06-28,8.45,2.362,167.55,366.98
2023-06-29,8.01,2.36,164.19,358.18
2023-06-30,8.96,2.36,163.31,349.48
2023-07-01,7.95,2.447,161.83,347.25
2023-07-02,8.52,2.423,161.51,345.32
2023-07-03,8.46,2.36,159.76,353.25
2023-07-04,8.44,2.36,157.1,351.66
2023-07-05,8.13,2.293,156.92,351.47
2023-07-06,7.77,2.282,156.8,342.17
2023-07-07,7.88,2.27,159.97,344.02
2023-07-08,7.76,2.27,160.99,342.05
2023-07-09,7.7,2.27,162.19,341.43
2023-07-10,7.93,2.32,158.48,340.38
2023-07-11,7.97,2.351,150.98,333.03
2023-07-12,7.53,2.293,147.69,329.04
2023-07-13,8.04,2.27,145.36,332.35
2023-07-14,7.87,2.304,144.12,327.4
2023-07-15,7.64,2.261,145.44,322.9
2023-07-16,7.42,2.199,147.68,327.16
2023-07-17,7.42,2.224,149.81,337.68
2023-07-18,7.59,2.27,147.3,353.47
2023-07-19,9.7,2.268,140.67,355.75
2023-07-20,7.61,2.359,137.6,348.21
2023-07-21,7.28,2.278,139.12,334.1
2023-07-22,6.91,2.255,138.36,324.31
2023-07-23,6.76,2.169,138.94,321.17
2023-07-24,6.9,2.169,139.9,317.71
2023-07-25,6.89,2.153,138.11,312.53
2023-07-26,6.92,2.082,139.07,309.82
2023-07-27,7.04,2.076,138.9,306.71
2023-07-28,12.5,2.035,142.27,305.93
2023-07-29,10.42,2.544,138.15,304.61
2023-07-30,7.59,2.27,137.95,309.11
2023-07-31,7.45,2.196,135.12,317.0
2023-08-01,7.21,2.133,134.79,310.24
2023-08-02,6.97,2.08,89.48,261.1
2023-08-03,6.95,2.035,130.09,299.11
2023-08-04,6.97,1.98,141.81,297.93
2023-08-05,6.8,1.98,141.21,297.18
2023-08-06,6.73,1.98,141.09,296.15
2023-08-07,8.25,1.973,136.59,280.85
2023-08-08,8.18,1.89,142.95,276.05
2023-08-09,7.73,2.049,120.67,282.34
2023-08-10,7.0,2.169,106.65,289.51
2023-08-11,7.1,2.055,108.27,277.56
2023-08-12,6.96,1.953,123.16,259.18
2023-08-13,7.99,1.89,131.87,256.79
2023-08-14,7.56,1.89,129.31,267.25
2023-08-15,7.35,1.935,128.09,276.95
2023-08-16,7.1,1.898,128.13,276.39
2023-08-17,6.96,1.89,128.43,270.11
2023-08-18,6.82,1.86,128.72,268.08
2023-08-19,6.8,1.79,129.07,269.69
2023-08-20,6.85,1.919,129.04,272.03
2023-08-21,6.69,2.061,132.28,272.14
2023-08-22,6.48,1.954,137.05,279.92
2023-08-23,6.35,1.825,125.24,288.15
2023-08-24,6.36,1.789,125.78,291.15
2023-08-25,9.68,1.74,122.88,271.4
2023-08-26,12.65,1.793,122.32,256.29
2023-08-27,12.09,2.033,130.57,272.66
2023-08-28,8.52,2.923,152.47,334.31
2023-08-29,7.44,2.629,162.08,390.2
2023-08-30,7.06,2.198,148.94,411.35
2023-08-31,6.62,2.029,142.58,380.31
2023-09-01,6.37,1.91,145.38,340.18
2023-09-02,6.77,1.873,146.21,308.33
2023-09-03,6.72,1.794,140.83,294.28
2023-09-04,6.24,1.79,135.54,291.67
2023-09-05,8.62,1.735,168.7,284.93
2023-09-06,8.01,1.753,170.36,285.27
2023-09-07,6.63,1.787,158.65,306.48
2023-09-08,6.12,1.701,158.71,323.26
2023-09-09,5.85,1.691,163.98,318.93
2023-09-10,5.72,1.6,156.22,307.19
2023-09-11,5.39,1.576,142.5,298.44
2023-09-12,5.22,1.51,128.25,281.22
2023-09-13,5.1,1.522,121.78,262.13
2023-09-14,7.22,1.435,119.21,251.2
2023-09-15,6.74,1.725,113.9,255.17
2023-09-16,6.15,1.838,114.47,260.2
2023-09-17,6.2,1.673,116.46,253.53
2023-09-18,5.8,1.58,114.08,245.65
2023-09-19,5.72,1.498,111.77,240.72
2023-09-20,5.92,1.41,111.52,237.6
2023-09-21,6.11,1.37,118.34,235.05
2023-09-22,6.14,1.33,120.78,234.96
2023-09-23,6.4,1.33,118.92,237.96
2023-09-24,6.63,1.33,117.57,230.35
2023-09-25,6.82,1.314,114.07,217.48
2023-09-26,6.91,1.33,116.75,214.0
2023-09-27,10.55,1.322,116.47,219.07
2023-09-28,8.27,1.404,110.14,230.95
2023-09-29,6.68,1.495,120.51,233.49
2023-09-30,30.04,1.534,135.31,235.53
2023-10-01,18.11,4.52,138.79,257.77
2023-10-02,10.68,5.777,158.77,314.12
2023-10-03,8.76,2.799,229.43,351.38
2023-10-04,8.22,2.154,257.69,361.98
2023-10-05,9.33,1.984,274.14,456.97
2023-10-06,8.12,4.632,305.2,558.96
2023-10-07,24.14,2.805,355.43,620.34
2023-10-08,12.1,6.281,339.62,597.06
2023-10-09,13.06,4.42,290.55,563.57
2023-10-10,10.53,3.227,313.12,519.47
2023-10-11,10.14,2.545,413.82,468.85
2023-10-12,15.76,2.2,464.83,474.05
2023-10-13,15.86,4.378,443.29,551.99
2023-10-14,11.86,2.886,405.25,594.74
2023-10-15,10.12,2.252,381.12,591.87
2023-10-16,16.93,2.104,348.97,546.62
2023-10-17,12.45,3.746,311.49,519.5
2023-10-18,11.35,4.303,313.7,512.06
2023-10-19,11.23,2.795,324.17,496.55
2023-10-20,10.23,2.246,324.21,475.1
2023-10-21,10.26,2.106,311.35,453.82
2023-10-22,9.44,2.041,303.27,444.09
2023-10-23,9.3,1.919,296.83,446.6
2023-10-24,9.79,1.778,262.14,447.63
2023-10-25,9.51,1.745,221.19,456.94
2023-10-26,8.97,2.012,201.45,470.46
2023-10-27,8.39,2.027,209.92,517.55
2023-10-28,8.43,1.839,202.24,524.36
2023-10-29,12.2,1.826,236.83,497.16
2023-10-30,10.53,4.833,266.92,529.17
2023-10-31,22.27,3.021,315.66,636.36
2023-11-01,18.8,6.599,321.6,738.25
2023-11-02,10.76,3.46,382.99,749.18
2023-11-03,13.19,2.498,388.56,674.88
2023-11-04,10.83,5.786,346.16,610.68
2023-11-05,8.56,2.914,353.03,579.36
2023-11-06,8.36,2.238,391.58,551.29
2023-11-07,8.33,1.945,367.33,528.21
2023-11-08,8.61,1.78,311.28,533.93
2023-11-09,8.46,1.698,268.43,507.93
2023-11-10,8.29,1.601,244.19,444.45
2023-11-11,7.88,1.527,223.4,390.58
2023-11-12,7.83,1.498,197.34,361.06
2023-11-13,8.91,1.41,185.78,353.7
2023-11-14,11.09,1.422,178.53,327.53
2023-11-15,9.07,3.111,165.28,306.63
2023-11-16,8.27,2.251,156.6,298.09
2023-11-17,7.98,1.717,148.0,296.89
2023-11-18,8.8,1.528,147.06,289.33
2023-11-19,10.73,2.43,149.89,283.28
2023-11-20,10.78,4.501,153.07,286.0
2023-11-21,10.21,2.736,178.94,302.46
2023-11-22,14.76,2.128,204.59,347.5
2023-11-23,32.28,3.818,219.18,391.17
2023-11-24,19.07,2.91,232.34,414.78
2023-11-25,10.96,2.461,257.22,433.78
2023-11-26,8.9,2.096,301.68,442.44
2023-11-27,10.99,1.914,279.72,415.09
2023-11-28,14.12,5.255,270.33,407.55
2023-11-29,11.41,11.521,280.3,439.66
2023-11-30,11.55,4.571,316.19,497.37
2023-12-01,8.62,2.902,324.13,568.29
2023-12-02,7.72,2.381,351.1,558.59
2023-12-03,7.69,2.106,342.27,520.02
2023-12-04,9.98,1.885,313.31,467.52
2023-12-05,10.52,1.79,281.69,448.51
2023-12-06,8.02,1.785,276.37,463.25
2023-12-07,10.57,1.674,261.97,463.59
2023-12-08,55.98,1.703,237.93,473.02
2023-12-09,17.33,2.003,232.77,502.76
2023-12-10,12.46,8.096,269.75,523.38
2023-12-11,12.96,2.684,260.54,518.97
2023-12-12,12.52,2.083,231.53,485.77
2023-12-13,11.35,1.896,238.03,449.5
2023-12-14,10.75,1.78,231.43,422.45
2023-12-15,10.46,1.653,202.73,384.3
2023-12-16,9.65,1.513,197.16,350.61
2023-12-17,9.61,1.41,190.94,328.21
2023-12-18,9.44,1.349,174.59,316.25
2023-12-19,10.5,1.33,200.8,297.7
2023-12-20,6.27,1.319,215.39,287.98
2023-12-21,6.21,1.26,196.07,303.64
2023-12-22,7.46,1.26,184.26,334.71
2023-12-23,9.97,1.809,199.67,355.7
2023-12-24,8.92,3.791,194.62,367.45
2023-12-25,10.56,2.366,300.43,389.39
2023-12-26,13.06,1.794,316.56,405.99
2023-12-27,6.45,3.309,294.22,469.78
2023-12-28,7.94,2.663,306.19,491.03
2023-12-29,7.96,1.886,385.91,526.93
2023-12-30,9.41,1.645,351.8,510.07
2023-12-31,8.57,1.536,296.72,510.91
2024-01-01,8.74,1.52,263.78,487.53
2024-01-02,38.55,1.51,253.52,448.34
2024-01-03,93.22,2.277,283.18,481.47
2024-01-04,38.39,107.661,297.99,772.74
2024-01-05,21.75,19.708,400.21,926.76
2024-01-06,18.45,10.146,441.84,888.97
2024-01-07,15.99,4.416,447.88,648.29
2024-01-08,13.79,4.133,399.0,576.58
2024-01-09,15.28,5.044,390.27,565.97
2024-01-10,21.81,2.656,366.11,505.68
2024-01-11,25.06,2.233,359.6,459.95
2024-01-12,32.56,6.522,398.69,472.62
2024-01-13,44.4,5.742,412.21,618.22
2024-01-14,19.61,28.578,445.47,813.45
2024-01-15,16.92,11.328,500.58,920.9
2024-01-16,16.47,3.779,463.68,876.35
2024-01-17,16.81,3.862,505.85,786.54
2024-01-18,16.68,3.214,523.14,722.34
2024-01-19,14.57,4.175,477.62,669.1
2024-01-20,40.7,3.148,545.47,650.0
2024-01-21,71.32,10.24,477.5,749.22
2024-01-22,54.73,26.264,484.5,841.77
2024-01-23,46.2,30.665,533.61,947.08
2024-01-24,24.7,64.968,597.68,1026.68
2024-01-25,34.36,29.831,636.61,1083.3
2024-01-26,23.8,25.031,677.86,1066.87
2024-01-27,31.15,23.983,745.04,990.57
2024-01-28,28.93,27.372,751.07,1050.75
2024-01-29,22.06,29.131,782.99,1233.74
2024-01-30,20.06,22.325,805.27,1301.5
2024-01-31,17.68,26.227,711.68,1246.02
2024-02-01,17.83,22.609,615.22,1133.71
2024-02-02,16.31,20.233,552.2,1037.07
2024-02-03,24.82,20.446,497.96,905.86
2024-02-04,17.45,24.544,486.68,816.81
2024-02-05,14.49,29.244,483.73,844.15
2024-02-06,13.49,19.288,473.48,848.9
2024-02-07,12.76,16.923,464.11,825.05
2024-02-08,14.14,16.004,490.42,760.78
2024-02-09,13.18,16.148,501.31,798.76
2024-02-10,13.22,15.016,470.39,827.57
2024-02-11,16.5,14.054,401.18,772.94
2024-02-12,14.55,14.355,345.55,665.57
2024-02-13,12.73,16.471,316.36,615.24
2024-02-14,71.57,14.644,320.03,645.31
2024-02-15,58.34,40.415,352.51,822.53
2024-02-16,19.22,89.659,409.38,1042.07
2024-02-17,17.03,26.192,488.75,1102.79
2024-02-18,21.2,20.814,540.18,1075.05
2024-02-19,19.28,20.09,586.6,1006.66
2024-02-20,19.37,21.627,576.05,1099.24
2024-02-21,28.64,42.152,610.53,1128.21
2024-02-22,24.43,50.058,981.24,1268.36
2024-02-23,21.03,22.449,675.55,1334.96
2024-02-24,18.89,6.792,693.83,1371.98
2024-02-25,18.47,5.717,754.52,1257.66
2024-02-26,20.03,4.777,833.91,1202.82
2024-02-27,19.04,4.377,912.14,1190.42
2024-02-28,18.12,3.955,994.16,1227.93
2024-02-29,23.1,4.07,924.5,1322.81
2024-03-01,43.96,4.061,794.53,1433.41
2024-03-02,21.09,7.664,635.94,1455.65
2024-03-03,18.13,6.387,573.83,1291.22
2024-03-04,17.56,3.626,539.3,1047.18
2024-03-05,32.64,6.417,494.53,839.41
2024-03-06,26.75,27.456,439.78,852.18
2024-03-07,20.47,9.974,404.58,917.56
2024-03-08,17.61,16.841,396.56,931.94
2024-03-09,20.25,6.677,402.99,942.32
2024-03-10,25.23,5.143,381.13,986.99
2024-03-11,19.25,5.08,392.1,1023.79
2024-03-12,16.85,3.908,426.46,905.37
2024-03-13,15.74,3.591,484.72,785.01
2024-03-14,14.88,3.424,542.7,733.35
2024-03-15,14.37,3.233,497.74,751.53
2024-03-16,13.94,3.133,398.12,785.16
2024-03-17,16.95,3.065,340.79,766.79
2024-03-18,14.34,3.004,330.37,710.12
2024-03-19,13.37,3.467,366.82,737.63
2024-03-20,12.83,3.149,433.96,826.48
2024-03-21,75.41,4.432,452.12,911.08
2024-03-22,36.4,22.714,423.61,1034.81
2024-03-23,21.59,39.095,459.2,1074.71
2024-03-24,20.49,14.127,534.18,1033.55
2024-03-25,17.47,10.576,534.15,896.47
2024-03-26,17.2,6.779,527.48,907.49
2024-03-27,17.64,4.481,525.56,939.54
2024-03-28,18.43,3.99,550.05,947.98
2024-03-29,16.51,4.1,553.22,889.56
2024-03-30,17.16,4.439,576.18,891.02
2024-03-31,13.08,6.079,559.37,945.39
2024-04-01,12.58,3.611,561.33,971.46
2024-04-02,11.38,3.194,584.27,937.68
2024-04-03,11.1,16.355,603.44,915.9
2024-04-04,10.74,17.108,571.54,899.85
2024-04-05,10.31,16.673,474.74,898.02
2024-04-06,9.35,16.115,389.96,805.76
2024-04-07,9.47,15.694,339.04,717.05
2024-04-08,9.37,15.55,310.75,634.72
2024-04-09,9.16,15.121,295.98,589.19
2024-04-10,8.57,16.019,283.49,574.0
2024-04-11,8.26,14.873,290.83,575.56
2024-04-12,7.83,14.573,292.9,579.66
2024-04-13,7.38,14.258,327.68,574.26
2024-04-14,7.1,13.911,310.69,590.52
2024-04-15,6.77,13.608,302.54,622.49
2024-04-16,6.5,13.252,289.79,623.19
2024-04-17,11.07,12.927,281.15,571.47
2024-04-18,7.51,17.471,271.72,507.33
2024-04-19,6.89,21.943,281.47,492.11
2024-04-20,6.73,14.529,280.23,506.13
2024-04-21,6.59,13.414,274.64,521.12
2024-04-22,6.63,12.847,258.55,512.68
2024-04-23,7.03,12.388,252.9,497.89
2024-04-24,7.18,12.052,260.41,483.2
2024-04-25,7.96,11.838,249.34,449.38
2024-04-26,7.99,10.986,231.09,429.56
2024-04-27,9.32,3.763,226.1,423.43
2024-04-28,9.04,2.819,214.7,425.36
2024-04-29,8.95,2.587,199.58,426.32
2024-04-30,8.67,2.47,197.76,416.44
2024-05-01,8.58,2.426,200.64,398.77
2024-05-02,8.43,2.36,198.79,387.05
2024-05-03,8.31,2.342,197.1,380.76
2024-05-04,8.04,2.27,194.57,394.03
2024-05-05,7.5,2.27,190.88,418.27
2024-05-06,7.43,2.227,190.29,421.32
2024-05-07,7.36,2.211,186.13,391.75
2024-05-08,7.18,2.193,179.34,347.2
2024-05-09,7.11,2.17,176.81,320.98
2024-05-10,7.1,2.17,170.47,313.23
2024-05-11,7.08,2.17,168.34,312.62
2024-05-12,7.05,2.17,163.27,309.36
2024-05-13,7.19,2.132,180.95,307.22
2024-05-14,7.3,2.08,183.91,304.02
2024-05-15,7.4,2.08,167.25,316.6
2024-05-16,7.13,2.15,164.21,330.38
2024-05-17,7.02,2.148,165.11,333.24
2024-05-18,6.98,2.08,163.49,330.03
2024-05-19,7.06,2.08,158.91,325.88
2024-05-20,7.3,2.08,158.09,319.74
2024-05-21,7.26,2.08,158.68,313.93
2024-05-22,7.09,2.08,158.7,307.8
2024-05-23,7.14,2.026,159.36,305.09
2024-05-24,7.04,1.982,158.16,304.13
2024-05-25,8.28,1.98,154.67,304.22
2024-05-26,8.65,2.113,159.78,309.96
2024-05-27,7.73,2.498,169.08,350.3
2024-05-28,6.46,2.396,214.32,384.89
2024-05-29,6.33,2.282,252.9,403.42
2024-05-30,6.07,2.224,246.61,401.53
2024-05-31,6.04,2.11,236.69,408.13
2024-06-01,5.88,2.08,231.98,403.35
2024-06-02,5.94,2.08,247.66,389.61
2024-06-03,6.02,2.08,210.71,383.33
2024-06-04,6.68,2.085,179.44,383.99
2024-06-05,6.43,2.151,170.05,360.61
2024-06-06,6.17,2.087,186.61,328.06
2024-06-07,6.04,2.08,164.37,312.89
2024-06-08,6.03,2.059,163.85,318.34
2024-06-09,5.9,1.98,159.83,316.93
2024-06-10,5.84,1.98,159.72,317.44
2024-06-11,5.76,1.977,160.29,312.01
2024-06-12,5.72,1.89,160.06,296.39
2024-06-13,5.53,1.891,156.5,280.75
2024-06-14,5.53,1.89,154.33,271.36
2024-06-15,5.58,1.89,152.75,268.21
2024-06-16,5.65,1.89,149.72,267.79
2024-06-17,5.56,1.846,149.09,269.51
2024-06-18,5.63,1.865,149.47,275.08
2024-06-19,5.7,1.844,149.3,274.87
2024-06-20,5.36,1.79,148.3,268.22
2024-06-21,4.94,1.79,147.73,264.99
2024-06-22,5.03,1.79,148.24,270.3
2024-06-23,5.05,1.79,146.7,291.48
2024-06-24,5.16,1.79,144.19,294.12
2024-06-25,5.33,1.79,144.06,276.18
2024-06-26,5.51,1.79,143.26,252.72
2024-06-27,5.62,1.79,142.29,252.09
2024-06-28,5.45,1.79,141.55,261.0
2024-06-29,6.31,1.79,140.26,259.64
2024-06-30,6.85,1.804,138.56,245.37
2024-07-01,6.66,2.156,138.2,247.26
2024-07-02,6.1,2.482,146.0,255.95
2024-07-03,5.98,2.106,151.15,277.06
2024-07-04,6.08,1.97,147.7,284.74
2024-07-05,5.97,1.89,148.21,291.04
2024-07-06,5.46,1.81,147.39,274.38
2024-07-07,5.3,1.79,150.5,268.23
2024-07-08,5.53,1.79,152.83,257.24
2024-07-09,6.2,1.79,153.49,254.59
2024-07-10,7.16,1.792,150.69,249.45
2024-07-11,6.57,1.873,158.98,251.11
2024-07-12,6.33,1.872,165.99,257.67
2024-07-13,6.14,1.79,167.31,257.72
2024-07-14,6.29,1.79,168.21,262.73
2024-07-15,5.77,1.79,166.53,269.35
2024-07-16,5.66,1.708,149.43,285.06
2024-07-17,5.47,1.7,152.41,281.22
2024-07-18,5.78,1.624,158.28,268.94
2024-07-19,5.65,1.6,148.79,262.39
2024-07-20,5.9,1.6,145.46,261.03
2024-07-21,5.61,1.6,142.3,250.85
2024-07-22,5.59,1.6,139.67,241.0
2024-07-23,5.65,1.6,137.45,244.06
2024-07-24,5.67,1.6,134.12,249.31
2024-07-25,5.44,1.583,132.96,252.58
2024-07-26,5.52,1.511,127.15,249.5
2024-07-27,5.72,1.51,125.21,243.99
2024-07-28,5.69,1.51,125.88,242.94
2024-07-29,5.2,1.51,119.16,245.09
2024-07-30,5.36,1.51,126.51,244.22
2024-07-31,5.46,1.583,127.7,234.28
2024-08-01,4.98,1.58,127.92,231.0
2024-08-02,4.67,1.51,133.17,236.46
2024-08-03,4.68,1.423,127.34,241.37
2024-08-04,5.45,1.41,130.64,246.13
2024-08-05,6.02,1.41,128.39,246.1
2024-08-06,5.72,1.394,132.64,244.31
2024-08-07,5.48,1.33,129.15,242.28
2024-08-08,5.32,1.33,124.47,242.88
2024-08-09,10.09,1.311,121.5,242.75
2024-08-10,8.99,2.005,123.75,236.63
2024-08-11,6.02,2.444,136.91,247.54
2024-08-12,5.71,1.738,175.25,264.36
2024-08-13,5.52,1.532,173.9,279.64
2024-08-14,4.88,1.51,158.8,286.93
2024-08-15,4.86,1.428,150.68,283.06
2024-08-16,4.73,1.41,158.46,271.61
2024-08-17,4.62,1.409,152.27,262.96
2024-08-18,4.59,1.339,138.31,260.85
2024-08-19,4.48,1.324,127.8,258.39
2024-08-20,4.4,1.26,123.48,248.92
2024-08-21,4.36,1.278,119.83,238.15
2024-08-22,4.27,1.26,117.39,227.23
2024-08-23,4.24,1.26,115.29,218.99
2024-08-24,4.84,1.213,127.09,215.13
2024-08-25,8.42,1.366,124.91,220.8
2024-08-26,5.16,1.927,115.21,236.84
2024-08-27,4.26,1.824,125.45,253.63
2024-08-28,4.25,1.466,127.03,256.23
2024-08-29,4.11,1.335,116.6,255.64
2024-08-30,4.04,1.33,109.66,245.49
2024-08-31,3.48,1.311,113.34,231.22
2024-09-01,3.35,1.26,119.53,220.0
2024-09-02,3.21,1.26,116.83,218.91
2024-09-03,3.12,1.677,108.48,219.57
2024-09-04,3.01,2.58,101.46,214.43
2024-09-05,2.94,2.516,101.28,205.1
2024-09-06,2.9,2.508,99.71,194.64
2024-09-07,2.86,2.519,94.73,187.95
2024-09-08,2.8,2.494,91.99,188.86
2024-09-09,2.7,2.47,94.72,188.68
2024-09-10,2.69,2.174,92.46,186.97
2024-09-11,2.53,1.28,87.53,184.72
2024-09-12,2.38,1.557,85.48,179.02
2024-09-13,2.17,1.525,85.23,170.48
2024-09-14,1.99,1.51,85.26,166.64
2024-09-15,2.06,1.433,84.9,170.24
2024-09-16,2.81,1.3,82.08,184.26
2024-09-17,2.5,1.1,82.68,186.86
2024-09-18,2.2,1.103,83.39,183.16
2024-09-19,2.18,1.128,82.1,175.74
2024-09-20,2.07,1.113,80.79,172.76
2024-09-21,2.01,1.1,80.5,173.89
2024-09-22,1.97,1.103,84.44,186.35
2024-09-23,1.95,1.1,90.08,200.43
2024-09-24,1.99,1.049,87.35,208.66
2024-09-25,1.94,0.983,83.74,202.8
2024-09-26,1.91,0.95,82.2,191.18
2024-09-27,2.05,0.921,84.02,178.28
2024-09-28,2.18,3.309,91.61,169.46
2024-09-29,2.16,2.338,92.97,165.34
2024-09-30,2.12,1.174,85.75,164.88
2024-10-01,2.08,1.021,79.4,165.27
2024-10-02,2.21,0.906,75.58,162.4
2024-10-03,2.98,0.87,75.33,156.29
2024-10-04,5.65,0.905,76.69,149.1
2024-10-05,3.14,0.95,80.74,145.21
2024-10-06,2.83,0.983,92.74,149.08
2024-10-07,2.78,1.066,95.71,158.85
2024-10-08,2.66,0.986,96.64,169.84
2024-10-09,3.28,0.896,96.9,177.05
2024-10-10,3.46,0.969,103.35,191.9
2024-10-11,3.32,1.065,102.89,214.66
2024-10-12,4.09,1.1,102.98,232.96
2024-10-13,4.16,1.08,106.33,228.94
2024-10-14,4.22,1.022,111.79,216.92
2024-10-15,3.68,0.98,110.24,214.12
2024-10-16,3.69,0.922,103.34,214.28
2024-10-17,3.56,0.945,99.95,210.32
2024-10-18,4.34,1.335,97.65,202.79
2024-10-19,26.48,2.129,99.09,214.66
2024-10-20,10.77,6.321,106.5,308.99
2024-10-21,6.1,3.859,159.18,442.68
2024-10-22,7.31,3.09,158.32,510.51
2024-10-23,27.81,2.822,135.92,480.67
2024-10-24,9.13,1.934,134.8,406.55
2024-10-25,6.79,2.918,357.55,374.81
2024-10-26,6.66,2.089,403.68,412.69
2024-10-27,6.41,1.869,361.0,516.64
2024-10-28,5.5,1.674,331.13,575.52
2024-10-29,5.43,1.53,343.38,539.68
2024-10-30,5.27,1.41,403.44,501.37
2024-10-31,5.0,1.322,369.23,500.13
2024-11-01,4.8,1.229,278.49,517.06
2024-11-02,4.72,1.173,218.81,492.6
2024-11-03,4.88,1.1,197.46,417.33
2024-11-04,6.52,1.146,201.03,354.77
2024-11-05,6.68,1.335,209.73,333.39
2024-11-06,6.71,1.497,206.5,343.53
2024-11-07,6.09,1.597,202.5,367.7
2024-11-08,14.73,1.938,223.71,468.01
2024-11-09,13.64,4.013,223.72,616.12
2024-11-10,7.57,2.514,291.58,765.59
2024-11-11,6.25,1.823,317.93,742.0
2024-11-12,14.06,1.524,302.49,667.9
2024-11-13,13.21,2.223,270.67,597.21
2024-11-14,8.23,3.158,301.38,584.26
2024-11-15,52.28,2.011,363.24,584.15
2024-11-16,20.74,20.222,357.33,727.37
2024-11-17,11.45,14.417,378.76,892.83
2024-11-18,8.7,3.99,356.05,901.92
2024-11-19,7.8,2.729,356.5,745.72
2024-11-20,7.68,2.182,362.06,637.02
2024-11-21,10.75,1.946,419.69,713.02
2024-11-22,12.89,1.822,377.59,742.34
2024-11-23,11.95,1.924,365.79,727.37
2024-11-24,9.12,2.034,308.87,649.45
2024-11-25,7.48,1.91,246.08,573.45
2024-11-26,6.89,1.747,206.78,468.39
2024-11-27,6.43,1.581,204.78,363.39
2024-11-28,6.73,1.462,184.37,324.55
2024-11-29,6.32,1.383,172.33,324.05
2024-11-30,6.03,1.51,184.75,315.4
2024-12-01,5.67,1.484,195.51,292.46
2024-12-02,12.08,1.41,188.19,302.97
2024-12-03,9.77,1.504,158.55,367.21
2024-12-04,10.47,1.719,195.82,418.99
2024-12-05,7.09,1.766,286.84,444.4
2024-12-06,5.83,1.735,336.1,433.78
2024-12-07,5.31,1.509,292.89,455.44
2024-12-08,5.32,1.339,320.77,453.85
2024-12-09,6.72,1.26,365.41,447.95
2024-12-10,18.79,1.339,325.56,533.24
2024-12-11,7.99,1.792,314.38,698.09
2024-12-12,6.21,1.67,306.45,746.25
2024-12-13,5.68,1.44,276.48,682.61
2024-12-14,5.62,1.36,237.85,580.62
2024-12-15,5.31,1.382,225.97,567.94
2024-12-16,5.09,1.33,261.76,562.18
2024-12-17,5.06,1.307,293.11,525.62
2024-12-18,5.31,1.197,272.48,530.27
2024-12-19,4.76,1.154,228.78,540.69
2024-12-20,5.45,1.1,224.56,548.33
2024-12-21,7.22,1.371,236.11,572.62
2024-12-22,9.56,2.534,234.71,700.3
2024-12-23,8.67,1.647,287.7,808.82
2024-12-24,6.85,1.566,285.09,824.89
2024-12-25,7.49,1.583,286.6,769.12
2024-12-26,11.36,1.446,269.18,700.1
2024-12-27,14.36,2.083,281.24,729.8
2024-12-28,8.97,4.832,422.05,728.82
2024-12-29,8.33,2.61,735.02,773.83
2024-12-30,10.07,1.855,771.55,882.88
2024-12-31,7.27,1.616,790.67,1206.92
2025-01-01,6.69,1.527,818.51,1390.63
2025-01-02,13.82,1.563,845.0,1491.47
2025-01-03,10.93,4.859,742.86,1498.81
2025-01-04,13.69,2.834,619.27,1459.77
2025-01-05,8.36,2.187,528.86,1308.18
2025-01-06,9.03,1.782,501.84,1140.39
2025-01-07,19.99,1.68,459.35,1041.37
2025-01-08,13.61,1.984,402.83,946.75
2025-01-09,16.38,2.218,365.34,876.14
2025-01-10,9.7,2.234,365.36,803.91
2025-01-11,8.46,1.832,392.82,743.51
2025-01-12,8.11,1.548,359.59,699.64
2025-01-13,7.8,1.443,339.44,696.8
2025-01-14,7.57,1.406,371.93,672.7
2025-01-15,7.93,1.448,393.56,646.7
2025-01-16,7.5,1.418,349.31,647.26
2025-01-17,6.93,1.393,284.23,649.14
2025-01-18,7.05,1.306,252.48,606.7
2025-01-19,7.34,1.222,253.5,533.45
2025-01-20,6.8,1.123,248.69,491.24
2025-01-21,8.05,1.1,247.36,490.81
2025-01-22,6.63,1.082,235.33,507.3
2025-01-23,7.79,1.398,237.63,512.16
2025-01-24,9.43,1.472,243.21,499.64
2025-01-25,7.89,1.616,272.99,495.14
2025-01-26,8.25,1.938,294.31,518.02
2025-01-27,10.69,10.642,278.56,655.59
2025-01-28,12.46,3.836,427.03,862.69
2025-01-29,14.01,3.764,419.23,1040.09
2025-01-30,10.06,6.264,505.71,1133.01
2025-01-31,8.31,5.643,627.62,1150.42
2025-02-01,8.17,3.461,589.93,1214.64
2025-02-02,6.97,2.611,577.71,1240.47
2025-02-03,11.5,2.643,665.79,1147.54
2025-02-04,8.59,2.365,696.05,1036.44
2025-02-05,6.55,1.948,708.8,1036.97
2025-02-06,5.8,1.733,699.56,1053.29
2025-02-07,5.38,1.559,636.73,1007.74
2025-02-08,5.17,1.415,523.43,937.27
2025-02-09,4.92,1.382,463.85,841.2
2025-02-10,4.23,1.33,446.17,745.0
2025-02-11,4.23,1.324,431.24,688.52
2025-02-12,3.85,1.26,377.24,657.67
2025-02-13,3.83,1.233,313.2,620.02
2025-02-14,3.74,1.212,263.95,566.03
2025-02-15,3.43,1.316,247.26,512.87
2025-02-16,3.12,1.479,298.08,476.8
2025-02-17,2.9,1.256,284.35,466.84
2025-02-18,2.78,1.143,254.58,473.8
2025-02-19,2.67,1.098,227.65,458.5
2025-02-20,2.57,1.034,226.94,416.54
2025-02-21,2.79,1.03,242.51,383.23
2025-02-22,2.44,1.035,250.59,377.69
2025-02-23,2.38,1.128,264.58,388.22
2025-02-24,2.33,1.025,254.25,400.73
2025-02-25,2.34,0.977,241.45,403.85
2025-02-26,2.32,0.95,227.46,390.99
2025-02-27,2.55,0.95,205.77,376.41
2025-02-28,2.42,1.002,198.68,362.49
2025-03-01,2.29,0.975,192.38,351.47
2025-03-02,2.39,0.843,171.08,346.64
2025-03-03,2.39,0.799,154.04,336.58
2025-03-04,2.34,0.79,155.89,317.39
2025-03-05,2.36,0.79,151.15,295.18
2025-03-06,2.38,0.79,151.52,288.04
2025-03-07,2.42,0.782,151.2,289.27
2025-03-08,2.41,0.789,146.96,288.69
2025-03-09,2.53,0.77,144.8,296.33
2025-03-10,2.55,0.819,146.18,296.68
2025-03-11,2.89,0.843,152.31,298.5
2025-03-12,3.1,0.858,181.51,297.41
2025-03-13,4.55,1.24,186.47,307.46
2025-03-14,3.33,1.731,185.53,337.7
2025-03-15,4.5,1.192,208.2,372.78
2025-03-16,8.62,1.237,238.0,404.26
2025-03-17,4.48,1.567,255.41,452.49
2025-03-18,7.53,1.574,316.99,507.11
2025-03-19,13.17,1.344,261.51,569.78
2025-03-20,5.02,1.31,256.66,631.31
2025-03-21,4.12,1.239,254.98,641.09
2025-03-22,5.95,1.126,258.96,608.94
2025-03-23,9.21,1.042,250.24,547.16
2025-03-24,7.32,1.764,250.92,568.85
2025-03-25,6.02,1.713,276.14,620.58
2025-03-26,5.49,1.334,320.06,650.43
2025-03-27,4.78,1.18,286.27,614.08
2025-03-28,4.52,1.065,268.55,562.03
2025-03-29,4.52,0.994,268.92,505.09
2025-03-30,4.31,0.95,320.45,481.27
2025-03-31,5.45,0.95,320.99,489.17
2025-04-01,4.97,1.061,313.26,542.34
2025-04-02,4.4,2.073,284.84,582.08
2025-04-03,21.22,1.343,291.11,599.22
2025-04-04,216.62,1.378,284.56,620.17
2025-04-05,40.2,105.243,320.19,796.18
2025-04-06,18.51,89.529,376.93,1045.17
2025-04-07,14.23,9.243,396.83,1105.16
2025-04-08,19.77,4.23,377.72,874.02
2025-04-09,17.15,1.338,359.07,721.16
2025-04-10,20.15,1.362,341.26,778.43
2025-04-11,18.97,2.353,344.98,851.14
2025-04-12,10.52,1.212,352.13,808.19
2025-04-13,6.76,0.736,301.71,704.01
2025-04-14,10.3,0.596,276.03,608.95
2025-04-15,5.98,0.542,259.72,556.77
2025-04-16,7.21,1.168,259.25,527.92
2025-04-17,8.79,1.555,261.88,501.32
2025-04-18,10.17,1.481,255.83,490.52
2025-04-19,10.63,1.421,240.55,531.58
2025-04-20,15.51,2.606,243.32,578.25
2025-04-21,12.06,2.65,264.36,586.2
2025-04-22,9.39,2.188,244.06,547.32
2025-04-23,8.03,1.852,234.75,511.29
2025-04-24,20.21,1.642,232.5,491.65
2025-04-25,9.17,2.976,253.93,485.79
2025-04-26,7.24,2.849,316.87,508.46
2025-04-27,14.68,2.04,331.19,535.72
2025-04-28,48.31,1.774,305.31,569.9
2025-04-29,11.97,2.003,279.54,577.98
2025-04-30,9.77,2.008,271.47,585.89
2025-05-01,8.76,1.878,261.55,563.93
2025-05-02,8.46,1.519,248.82,521.76
2025-05-03,7.81,1.697,235.33,490.56
2025-05-04,7.6,2.402,221.59,469.92
2025-05-05,7.15,2.4,211.64,438.84
2025-05-06,7.32,2.37,205.07,417.04
2025-05-07,7.29,2.36,194.96,401.01
2025-05-08,7.34,2.36,189.04,398.23
2025-05-09,6.75,2.34,183.97,386.51
2025-05-10,10.12,2.271,178.98,370.1
2025-05-11,9.58,2.312,172.68,359.66
2025-05-12,7.94,2.36,176.23,355.29
2025-05-13,7.44,2.36,192.75,355.53
2025-05-14,8.15,2.338,192.29,356.0
2025-05-15,7.94,2.27,188.17,359.36
2025-05-16,7.99,2.304,175.77,356.58
2025-05-17,8.35,2.27,183.65,351.55
2025-05-18,8.02,2.269,185.32,342.43
2025-05-19,8.08,2.218,176.17,350.47
2025-05-20,8.14,2.171,166.11,351.01
2025-05-21,8.13,2.17,163.88,342.67
2025-05-22,8.39,2.17,161.37,322.55
2025-05-23,16.4,2.853,159.69,310.32
2025-05-24,12.21,5.527,161.76,306.48
2025-05-25,10.65,3.536,171.64,321.62
2025-05-26,10.02,2.771,173.87,341.45
2025-05-27,9.23,2.441,170.8,356.69
2025-05-28,9.14,2.36,165.35,347.88
2025-05-29,9.32,2.36,166.8,334.33
2025-05-30,8.86,2.359,165.12,325.35
2025-05-31,8.64,2.294,165.28,327.75
2025-06-01,8.5,2.27,161.03,326.4
2025-06-02,8.35,2.27,156.66,315.81
2025-06-03,8.25,2.24,152.98,307.21
2025-06-04,8.14,2.201,150.57,305.42
2025-06-05,8.08,2.17,148.98,307.49
2025-06-06,7.81,2.17,147.03,304.47
2025-06-07,7.65,2.17,147.75,299.3
2025-06-08,7.63,2.17,156.6,305.48
2025-06-09,6.93,2.25,161.71,333.65
2025-06-10,6.82,2.266,170.05,367.25
2025-06-11,7.14,2.172,167.61,377.36
2025-06-12,7.34,2.17,161.56,360.33
2025-06-13,7.29,2.185,165.09,332.5
2025-06-14,7.32,2.17,173.68,316.17
2025-06-15,7.35,2.145,159.75,313.74
2025-06-16,7.26,2.142,143.21,317.22
2025-06-17,7.21,2.08,133.0,306.75
2025-06-18,7.13,2.08,124.08,292.88
2025-06-19,7.01,2.08,138.68,280.04
2025-06-20,6.89,2.08,134.58,272.63
2025-06-21,6.79,2.08,124.62,277.26
2025-06-22,6.79,2.08,124.86,274.83
2025-06-23,6.7,2.08,124.08,263.3
2025-06-24,6.62,2.08,124.78,255.89
2025-06-25,6.46,2.08,121.43,253.97
2025-06-26,6.41,2.08,123.4,255.47
2025-06-27,6.24,2.078,120.8,253.59
2025-06-28,6.1,2.052,121.32,253.6
2025-06-29,5.97,2.032,118.29,256.62
2025-06-30,5.62,2.012,112.19,256.7
2025-07-01,5.66,1.98,114.43,249.66
2025-07-02,5.68,1.98,110.57,235.62
2025-07-03,5.65,2.001,110.51,228.17
2025-07-04,5.57,2.079,110.08,231.42
2025-07-05,5.55,2.08,112.65,237.46
2025-07-06,5.71,2.08,115.49,243.1
2025-07-07,5.57,2.069,115.55,244.9
2025-07-08,5.61,1.999,113.28,247.38
2025-07-09,5.64,1.98,115.82,246.23
2025-07-10,5.39,1.98,118.31,239.73
2025-07-11,5.18,1.98,118.09,233.91
2025-07-12,5.24,1.98,115.34,233.13
2025-07-13,5.25,1.98,113.79,231.25
2025-07-14,5.19,1.98,113.33,233.3
2025-07-15,5.18,1.971,113.38,232.02
2025-07-16,5.18,1.942,111.4,229.84
2025-07-17,5.11,1.915,110.35,225.17
2025-07-18,5.02,1.906,108.35,223.12
2025-07-19,4.98,1.907,108.71,223.08
2025-07-20,5.0,1.885,109.21,224.18
2025-07-21,4.93,1.948,107.99,224.41
2025-07-22,4.9,1.906,108.24,227.97
2025-07-23,4.85,1.906,107.47,225.64
2025-07-24,5.27,1.911,105.6,224.86
2025-07-25,11.77,1.974,106.73,230.44
2025-07-26,9.75,4.22,107.85,243.66
2025-07-27,5.33,2.651,114.2,269.58
2025-07-28,5.22,2.156,120.98,275.65
2025-07-29,5.28,2.043,116.46,269.35
2025-07-30,5.18,1.974,114.27,252.11
2025-07-31,5.07,1.89,118.04,239.61
2025-08-01,4.96,1.89,118.42,231.19
2025-08-02,4.85,1.89,117.79,223.44
2025-08-03,4.7,1.891,112.03,220.14
2025-08-04,4.63,1.89,106.73,222.47
2025-08-05,4.55,1.89,105.52,220.0
2025-08-06,4.51,1.89,104.77,217.84
2025-08-07,4.45,1.932,103.2,212.73
2025-08-08,4.45,1.9,101.61,216.54
2025-08-09,4.39,1.957,101.56,218.34
2025-08-10,4.41,1.89,100.77,217.42
2025-08-11,4.5,1.89,98.23,213.55
2025-08-12,4.28,1.89,99.31,207.63
2025-08-13,4.13,1.89,96.93,207.2
2025-08-14,4.11,1.865,99.08,206.82
2025-08-15,4.09,1.791,100.08,210.73
2025-08-16,4.1,1.871,99.42,209.99
2025-08-17,4.12,1.89,96.79,209.28
2025-08-18,4.16,1.889,98.44,206.71
2025-08-19,4.15,1.807,94.99,206.72
2025-08-20,4.18,1.791,96.39,207.68
2025-08-21,4.2,1.79,95.88,205.84
2025-08-22,4.2,1.79,93.44,204.14
2025-08-23,4.26,1.788,92.48,203.2
2025-08-24,4.23,1.767,95.41,201.33
2025-08-25,4.12,1.765,91.16,196.0
2025-08-26,4.1,1.79,90.72,190.36
2025-08-27,4.03,1.788,90.87,185.27
2025-08-28,4.08,1.73,93.81,186.66
2025-08-29,5.25,1.704,93.19,195.6
2025-08-30,4.4,1.974,94.1,208.21
2025-08-31,4.21,2.022,93.72,222.56
2025-09-01,4.16,1.861,95.5,226.39
2025-09-02,4.08,1.808,94.82,222.11
2025-09-03,4.11,1.79,94.51,211.71
2025-09-04,3.91,1.79,97.56,207.01
2025-09-05,3.96,1.714,103.33,206.85
2025-09-06,3.94,1.7,102.66,208.38
2025-09-07,3.99,1.701,99.38,205.72
2025-09-08,3.94,1.78,93.08,201.97
2025-09-09,3.98,1.771,89.03,198.45
2025-09-10,3.52,1.701,73.72,191.89
2025-09-11,3.41,1.7,76.15,181.96
2025-09-12,3.46,1.7,84.64,168.82
2025-09-13,3.5,1.7,92.66,163.08
2025-09-14,3.53,1.7,89.87,169.06
2025-09-15,3.55,1.7,102.13,178.37
2025-09-16,2.84,1.801,109.63,184.92
2025-09-17,4.05,2.138,112.5,210.6
2025-09-18,3.83,2.011,82.52,195.06
2025-09-19,3.74,1.895,83.58,187.53
2025-09-20,3.92,1.897,84.55,192.25
2025-09-21,3.94,1.969,77.53,199.34
2025-09-22,3.95,1.899,77.14,200.77
2025-09-23,3.97,2.069,79.86,190.55
2025-09-24,3.91,2.003,86.93,183.59
2025-09-25,3.96,1.98,99.43,184.41
2025-09-26,4.13,2.097,100.3,192.67
2025-09-27,4.01,2.063,94.1,202.51
2025-09-28,3.76,1.98,95.82,205.69
2025-09-29,3.73,1.954,94.23,197.3
2025-09-30,3.83,1.89,95.13,190.15
2025-10-01,3.77,1.843,91.33,186.33
2025-10-02,3.98,1.822,86.13,187.66
2025-10-03,4.11,1.828,85.96,184.23
2025-10-04,4.22,1.813,89.91,179.45
2025-10-05,4.44,1.79,90.28,174.77
2025-10-06,4.3,1.798,86.44,173.87
2025-10-07,4.28,1.74,80.62,173.01
2025-10-08,4.03,1.7,80.28,171.98
2025-10-09,5.67,1.828,78.2,162.84
2025-10-10,7.11,2.025,81.6,165.23
2025-10-11,5.12,3.21,88.45,190.01
2025-10-12,5.79,2.597,102.61,211.99
2025-10-13,5.81,2.645,111.27,231.32
2025-10-14,7.76,2.303,112.03,233.22
2025-10-15,6.16,1.986,116.44,230.41
2025-10-16,5.61,1.917,129.83,230.89
2025-10-17,5.75,1.876,133.92,232.43
2025-10-18,9.99,1.877,132.19,238.68
2025-10-19,9.06,3.696,121.8,251.3
2025-10-20,8.42,4.995,125.0,257.91
2025-10-21,7.79,3.024,126.44,252.88
2025-10-22,7.55,2.193,121.21,236.85
2025-10-23,7.49,1.959,113.49,224.97
2025-10-24,7.48,1.904,119.52,214.42
2025-10-25,7.37,1.868,134.83,209.28
2025-10-26,7.38,1.834,132.92,213.81
2025-10-27,8.55,1.83,116.41,220.7
2025-10-28,8.06,2.235,104.31,222.84
2025-10-29,7.32,2.254,99.48,223.38
2025-10-30,8.11,2.031,96.64,219.13
2025-10-31,8.26,2.251,96.89,216.97
2025-11-01,8.45,2.699,108.77,209.13
2025-11-02,6.76,2.3,124.36,221.8
2025-11-03,6.48,,131.35,244.3
2025-11-04,6.64,,149.71,272.19
2025-11-05,6.43,,156.18,285.96
2025-11-06,5.65,,158.64,303.13
2025-11-07,6.08,,153.77,314.51
2025-11-08,6.39,,142.06,301.81
2025-11-09,6.01,,132.1,282.76
2025-11-10,5.96,,140.35,265.06
2025-11-11,5.83,,151.25,258.86
2025-11-12,5.7,,143.86,259.2
2025-11-13,5.88,,132.68,257.26
2025-11-14,5.79,,126.08,245.64
2025-11-15,5.6,,119.86,225.3
2025-11-16,5.66,,109.57,212.26
2025-11-17,5.73,,98.88,213.78
2025-11-18,5.67,,96.83,217.0
2025-11-19,5.55,,96.05,218.43
2025-11-20,5.41,,105.39,219.22
2025-11-21,5.3,,104.8,216.85
2025-11-22,5.22,,104.59,222.96
2025-11-23,5.04,,107.19,222.16
2025-11-24,5.61,,113.01,227.03
2025-11-25,5.55,,106.48,229.61
2025-11-26,5.32,,106.97,226.73
2025-11-27,5.13,,103.97,218.68
2025-11-28,5.09,,98.5,207.73
2025-11-29,5.07,,96.29,212.5
2025-11-30,5.02,,102.06,219.68
2025-12-01,4.92,,96.52,218.12
2025-12-02,4.93,,99.73,225.76
2025-12-03,5.15,,94.54,236.67
2025-12-04,5.19,,97.8,247.57
2025-12-05,4.85,,106.8,243.62
2025-12-06,4.81,,106.1,225.5
2025-12-07,4.79,,116.44,223.47
2025-12-08,4.99,,105.39,219.92
2025-12-09,5.07,,101.73,212.39
2025-12-10,8.26,,114.79,205.62
2025-12-11,8.84,,143.93,219.77
2025-12-12,9.02,,158.45,252.88
2025-12-13,10.18,,141.42,285.1
2025-12-14,11.35,,148.25,303.19
2025-12-15,10.23,,188.85,314.68
2025-12-16,9.95,,192.93,383.03
2025-12-17,12.03,,188.33,473.24
2025-12-18,10.84,,217.23,533.44
2025-12-19,9.7,,295.96,529.44
2025-12-20,9.53,,298.95,555.92
2025-12-21,6.94,,259.94,574.35
2025-12-22,6.55,,233.79,544.89
2025-12-23,6.17,,207.69,475.73
2025-12-24,5.97,,198.81,414.35
2025-12-25,5.7,,191.31,384.42
2025-12-26,5.88,,179.08,344.24
2025-12-27,5.76,,166.65,316.66
2025-12-28,5.6,,156.31,297.4
2025-12-29,5.53,,152.34,284.03
2025-12-30,6.15,,158.75,273.77
